# File generated by ImageToStl.com - Free Image and 3D model conversion tools

o obj1
v 8.682E-05 0.0004924 12.85999966
v 0.5090605 2.88702559 12.85999966
v 0 2.93156266 12.85999966
v 0 0.0005 12.85999966
v 0.00017101 0.00046985 12.85999966
v 1.00265348 2.75476766 12.85999966
v 0.00025 0.00043301 12.85999966
v 1.46578133 2.53880763 12.85999966
v 0.52016461 2.95000005 12.79605389
v 0 2.95000005 12.84156227
v 1.07371223 2.95000005 12.65223789
v 1.70318329 2.95000005 12.38519573
v 0.52016461 2.95000005 12.38519573
v 0 2.95000005 12.38519573
v 1.07371223 2.95000005 12.38519573
v 0.52016461 2.95000005 11.21687508
v 0 2.95000005 11.21687508
v 1.07371223 2.95000005 11.21687508
v 1.70318329 2.95000005 11.21687508
v 0.51226211 2.90518284 11.21687508
v 1.00895941 2.7720933 11.21687508
v 1.47500002 2.554775 11.21687508
v 0.51226211 2.90518284 11.19843769
v 0 2.95000005 11.19843769
v 1.00895941 2.7720933 11.19843769
v 1.47500002 2.554775 11.19843769
v 0.27322453 1.54953337 11.19843769
v 0 1.57343745 11.19843769
v 0.53814733 1.47854757 11.19843769
v 0.78671873 1.3626368 11.19843769
v 0.2700229 1.531376 11.18000031
v 0 1.55499995 11.18000031
v 0.53184128 1.46122193 11.18000031
v 0.77749997 1.34666944 11.18000031
v -0.5090605 2.88702559 12.85999966
v -8.682E-05 0.0004924 12.85999966
v -1.00265348 2.75476766 12.85999966
v -0.00017101 0.00046985 12.85999966
v -1.46578133 2.53880763 12.85999966
v -0.00025 0.00043301 12.85999966
v -0.52016461 2.95000005 12.79605389
v -1.07371223 2.95000005 12.65223789
v -1.70318329 2.95000005 12.38519573
v -0.52016461 2.95000005 12.38519573
v -1.07371223 2.95000005 12.38519573
v -0.52016461 2.95000005 11.21687508
v -1.07371223 2.95000005 11.21687508
v -1.70318329 2.95000005 11.21687508
v -0.51226211 2.90518284 11.21687508
v -1.00895941 2.7720933 11.21687508
v -1.47500002 2.554775 11.21687508
v -0.51226211 2.90518284 11.19843769
v -1.00895941 2.7720933 11.19843769
v -1.47500002 2.554775 11.19843769
v -0.27322453 1.54953337 11.19843769
v -0.53814733 1.47854757 11.19843769
v -0.78671873 1.3626368 11.19843769
v -0.2700229 1.531376 11.18000031
v -0.53184128 1.46122193 11.18000031
v -0.77749997 1.34666944 11.18000031
v -0.00038302 0.00032139 12.85999966
v -2.24570751 1.884372 12.85999966
v -2.53880787 1.46578121 12.85999966
v -0.00043301 0.00025 12.85999966
v -1.88437212 2.24570704 12.85999966
v -2.29469275 1.92547572 12.79605389
v -2.554775 1.4749999 12.84156227
v -2.01791906 2.40486193 12.65223789
v -2.29469275 1.92547572 12.38519573
v -2.554775 1.4749999 12.38519573
v -2.01791906 2.40486193 12.38519573
v -2.29469275 1.92547572 11.21687508
v -2.554775 1.4749999 11.21687508
v -2.01791906 2.40486193 11.21687508
v -2.25983143 1.89622331 11.21687508
v -1.89622378 2.25983095 11.21687508
v -2.25983143 1.89622331 11.19843769
v -2.554775 1.4749999 11.19843769
v -1.89622378 2.25983095 11.19843769
v -1.20532298 1.01138604 11.19843769
v -1.36263692 0.78671867 11.19843769
v -1.01138628 1.20532298 11.19843769
v -1.19119918 0.99953467 11.18000031
v -1.34666955 0.77749991 11.18000031
v -0.99953473 1.19119895 11.18000031
v -2.75476789 1.00265336 12.85999966
v -0.00046985 0.00017101 12.85999966
v -2.88702536 0.50906026 12.85999966
v -0.0004924 8.682E-05 12.85999966
v -2.93156266 -2.4E-07 12.85999966
v -0.0005 -0 12.85999966
v -2.81485724 1.02452409 12.79605389
v -3.09163094 0.54513776 12.65223789
v -3.40636659 -1.2E-07 12.38519573
v -2.81485724 1.02452409 12.38519573
v -3.09163094 0.54513776 12.38519573
v -2.81485724 1.02452409 11.21687508
v -3.09163094 0.54513776 11.21687508
v -3.40636659 -1.2E-07 11.21687508
v -2.7720933 1.00895929 11.21687508
v -2.90518308 0.51226199 11.21687508
v -2.95000005 -1.2E-07 11.21687508
v -2.7720933 1.00895929 11.19843769
v -2.90518308 0.51226199 11.19843769
v -2.95000005 -1.2E-07 11.19843769
v -1.47854757 0.53814721 11.19843769
v -1.54953349 0.27322444 11.19843769
v -1.57343745 -1.2E-07 11.19843769
v -1.46122205 0.53184122 11.18000031
v -1.531376 0.27002284 11.18000031
v -1.55499995 -1.2E-07 11.18000031
v -0.00046985 -0.00017101 12.85999966
v -2.75476789 -1.00265288 12.85999966
v -2.53880811 -1.46578085 12.85999966
v -0.00043301 -0.00025 12.85999966
v -0.0004924 -8.682E-05 12.85999966
v -2.88702559 -0.50905997 12.85999966
v -2.81485748 -1.02452374 12.79605389
v -2.55477524 -1.47499955 12.84156227
v -3.09163117 -0.54513735 12.65223789
v -2.81485748 -1.02452374 12.38519573
v -2.55477524 -1.47499955 12.38519573
v -3.09163117 -0.54513735 12.38519573
v -2.81485748 -1.02452374 11.21687508
v -2.55477524 -1.47499955 11.21687508
v -3.09163117 -0.54513735 11.21687508
v -2.7720933 -1.00895894 11.21687508
v -2.90518284 -0.51226169 11.21687508
v -2.7720933 -1.00895894 11.19843769
v -2.55477524 -1.47499955 11.19843769
v -2.90518284 -0.51226169 11.19843769
v -1.47854757 -0.53814703 11.19843769
v -1.36263692 -0.78671849 11.19843769
v -1.54953349 -0.27322423 11.19843769
v -1.46122217 -0.53184104 11.18000031
v -1.34666967 -0.77749974 11.18000031
v -1.531376 -0.2700226 11.18000031
v -2.24570751 -1.88437176 12.85999966
v -0.00038302 -0.00032139 12.85999966
v -1.88437247 -2.24570704 12.85999966
v -0.00032139 -0.00038302 12.85999966
v -1.46578169 -2.53880739 12.85999966
v -2.29469299 -1.92547536 12.79605389
v -2.0179193 -2.40486169 12.65223789
v -1.70318389 -2.94999981 12.38519573
v -2.29469299 -1.92547536 12.38519573
v -2.0179193 -2.40486169 12.38519573
v -2.29469299 -1.92547536 11.21687508
v -2.0179193 -2.40486169 11.21687508
v -1.70318389 -2.94999981 11.21687508
v -2.25983143 -1.89622295 11.21687508
v -1.8962239 -2.25983095 11.21687508
v -1.47500062 -2.55477476 11.21687508
v -2.25983143 -1.89622295 11.19843769
v -1.8962239 -2.25983095 11.19843769
v -1.47500062 -2.55477476 11.19843769
v -1.20532322 -1.01138592 11.19843769
v -1.01138628 -1.20532286 11.19843769
v -0.78671902 -1.36263669 11.19843769
v -1.1911993 -0.99953449 11.18000031
v -0.99953496 -1.19119883 11.18000031
v -0.77750027 -1.34666944 11.18000031
v -8.682E-05 -0.0004924 12.85999966
v -0.50906074 -2.88702559 12.85999966
v -2.6E-07 -2.93156266 12.85999966
v -0 -0.0005 12.85999966
v -0.00017101 -0.00046985 12.85999966
v -1.00265372 -2.75476766 12.85999966
v -0.52016485 -2.95000005 12.79605389
v -2.6E-07 -2.95000005 12.84156227
v -1.07371247 -2.95000005 12.65223789
v -0.52016485 -2.95000005 12.38519573
v -2.6E-07 -2.95000005 12.38519573
v -1.07371247 -2.95000005 12.38519573
v -0.52016485 -2.95000005 11.21687508
v -2.6E-07 -2.95000005 11.21687508
v -1.07371247 -2.95000005 11.21687508
v -0.51226234 -2.90518284 11.21687508
v -1.00895965 -2.7720933 11.21687508
v -0.51226234 -2.90518284 11.19843769
v -2.6E-07 -2.95000005 11.19843769
v -1.00895965 -2.7720933 11.19843769
v -0.27322468 -1.54953337 11.19843769
v -1.4E-07 -1.57343745 11.19843769
v -0.53814745 -1.47854757 11.19843769
v -0.27002302 -1.531376 11.18000031
v -1.4E-07 -1.55499995 11.18000031
v -0.5318414 -1.46122193 11.18000031
v 0.50906026 -2.88702559 12.85999966
v 8.682E-05 -0.0004924 12.85999966
v 1.00265324 -2.75476766 12.85999966
v 0.00017101 -0.00046985 12.85999966
v 1.46578109 -2.53880787 12.85999966
v 0.00025 -0.00043301 12.85999966
v 0.52016437 -2.95000005 12.79605389
v 1.07371199 -2.95000005 12.65223789
v 1.70318305 -2.95000029 12.38519573
v 0.52016437 -2.95000005 12.38519573
v 1.07371199 -2.95000005 12.38519573
v 0.52016437 -2.95000005 11.21687508
v 1.07371199 -2.95000005 11.21687508
v 1.70318305 -2.95000029 11.21687508
v 0.51226187 -2.90518284 11.21687508
v 1.00895917 -2.7720933 11.21687508
v 1.47499979 -2.55477524 11.21687508
v 0.51226187 -2.90518284 11.19843769
v 1.00895917 -2.7720933 11.19843769
v 1.47499979 -2.55477524 11.19843769
v 0.27322438 -1.54953337 11.19843769
v 0.53814721 -1.47854757 11.19843769
v 0.78671861 -1.36263692 11.19843769
v 0.27002278 -1.531376 11.18000031
v 0.53184116 -1.46122193 11.18000031
v 0.77749985 -1.34666955 11.18000031
v 0.00038302 -0.00032139 12.85999966
v 2.24570751 -1.88437176 12.85999966
v 2.53880811 -1.46578085 12.85999966
v 0.00043301 -0.00025 12.85999966
v 0.00032139 -0.00038302 12.85999966
v 1.88437247 -2.24570704 12.85999966
v 2.29469299 -1.92547536 12.79605389
v 2.55477524 -1.47499955 12.84156227
v 2.0179193 -2.40486169 12.65223789
v 2.29469299 -1.92547536 12.38519573
v 2.55477524 -1.47499955 12.38519573
v 2.0179193 -2.40486169 12.38519573
v 2.29469299 -1.92547536 11.21687508
v 2.55477524 -1.47499955 11.21687508
v 2.0179193 -2.40486169 11.21687508
v 2.25983143 -1.89622295 11.21687508
v 1.8962239 -2.25983095 11.21687508
v 2.25983143 -1.89622295 11.19843769
v 2.55477524 -1.47499955 11.19843769
v 1.8962239 -2.25983095 11.19843769
v 1.20532322 -1.01138592 11.19843769
v 1.36263692 -0.78671849 11.19843769
v 1.01138628 -1.20532286 11.19843769
v 1.1911993 -0.99953449 11.18000031
v 1.34666967 -0.77749974 11.18000031
v 0.99953496 -1.19119883 11.18000031
v 2.75476789 -1.00265288 12.85999966
v 0.00046985 -0.00017101 12.85999966
v 2.88702559 -0.50905997 12.85999966
v 0.0004924 -8.682E-05 12.85999966
v 2.93156242 6E-07 12.85999966
v 0.0005 0 12.85999966
v 2.81485748 -1.02452374 12.79605389
v 3.09163117 -0.54513735 12.65223789
v 3.40636659 6E-07 12.38519573
v 2.81485748 -1.02452374 12.38519573
v 3.09163117 -0.54513735 12.38519573
v 2.81485748 -1.02452374 11.21687508
v 3.09163117 -0.54513735 11.21687508
v 3.40636659 6E-07 11.21687508
v 2.7720933 -1.00895894 11.21687508
v 2.90518284 -0.51226169 11.21687508
v 2.95000005 4.8E-07 11.21687508
v 2.7720933 -1.00895894 11.19843769
v 2.90518284 -0.51226169 11.19843769
v 2.95000005 4.8E-07 11.19843769
v 1.47854757 -0.53814703 11.19843769
v 1.54953349 -0.27322423 11.19843769
v 1.57343745 2.4E-07 11.19843769
v 1.46122217 -0.53184104 11.18000031
v 1.531376 -0.2700226 11.18000031
v 1.55499995 3E-07 11.18000031
v 0.00046985 0.00017101 12.85999966
v 2.75476789 1.00265336 12.85999966
v 2.53880787 1.46578121 12.85999966
v 0.00043301 0.00025 12.85999966
v 0.0004924 8.682E-05 12.85999966
v 2.88702536 0.50906026 12.85999966
v 2.81485724 1.02452409 12.79605389
v 2.554775 1.4749999 12.84156227
v 3.09163094 0.54513776 12.65223789
v 2.81485724 1.02452409 12.38519573
v 2.554775 1.4749999 12.38519573
v 3.09163094 0.54513776 12.38519573
v 2.81485724 1.02452409 11.21687508
v 2.554775 1.4749999 11.21687508
v 3.09163094 0.54513776 11.21687508
v 2.7720933 1.00895929 11.21687508
v 2.90518308 0.51226199 11.21687508
v 2.7720933 1.00895929 11.19843769
v 2.554775 1.4749999 11.19843769
v 2.90518308 0.51226199 11.19843769
v 1.47854757 0.53814721 11.19843769
v 1.36263692 0.78671867 11.19843769
v 1.54953349 0.27322444 11.19843769
v 1.46122205 0.53184122 11.18000031
v 1.34666955 0.77749991 11.18000031
v 1.531376 0.27002284 11.18000031
v 2.24570751 1.884372 12.85999966
v 0.00038302 0.00032139 12.85999966
v 1.88437212 2.24570704 12.85999966
v 2.29469275 1.92547572 12.79605389
v 2.01791906 2.40486193 12.65223789
v 2.29469275 1.92547572 12.38519573
v 2.01791906 2.40486193 12.38519573
v 2.29469275 1.92547572 11.21687508
v 2.01791906 2.40486193 11.21687508
v 2.25983143 1.89622331 11.21687508
v 1.89622378 2.25983095 11.21687508
v 2.25983143 1.89622331 11.19843769
v 1.89622378 2.25983095 11.19843769
v 1.20532298 1.01138604 11.19843769
v 1.01138628 1.20532298 11.19843769
v 1.19119918 0.99953467 11.18000031
v 0.99953473 1.19119895 11.18000031
v 0.2700229 1.531376 10.59153557
v 0 1.55499995 10.59153557
v 0.53184128 1.46122193 10.59153557
v 0.77749997 1.34666944 10.59153557
v 0.99953473 1.19119906 10.59153557
v 1.19119906 0.99953473 10.59153557
v 1.34666944 0.77749997 10.59153557
v 1.46122193 0.53184128 10.59153557
v 1.531376 0.2700229 10.59153557
v 1.55499995 0 10.59153557
v 1.531376 -0.2700229 10.59153557
v 1.46122193 -0.53184128 10.59153557
v 1.34666944 -0.77749997 10.59153557
v 1.19119906 -0.99953473 10.59153557
v 0.99953473 -1.19119906 10.59153557
v 0.77749997 -1.34666944 10.59153557
v 0.53184128 -1.46122193 10.59153557
v 0.2700229 -1.531376 10.59153557
v 0 -1.55499995 10.59153557
v -0.2700229 -1.531376 10.59153557
v -0.53184128 -1.46122193 10.59153557
v -0.77749997 -1.34666944 10.59153557
v -0.99953473 -1.19119906 10.59153557
v -1.19119906 -0.99953473 10.59153557
v -1.34666944 -0.77749997 10.59153557
v -1.46122193 -0.53184128 10.59153557
v -1.531376 -0.2700229 10.59153557
v -1.55499995 -0 10.59153557
v -1.531376 0.2700229 10.59153557
v -1.46122193 0.53184128 10.59153557
v -1.34666944 0.77749997 10.59153557
v -1.19119906 0.99953473 10.59153557
v -0.99953473 1.19119906 10.59153557
v -0.77749997 1.34666944 10.59153557
v -0.53184128 1.46122193 10.59153557
v -0.2700229 1.531376 10.59153557
v 0.26047227 1.47721159 10.5
v 0 1.5 10.5
v 0.51303023 1.40953898 10.5
v 0.75 1.29903805 10.5
v 0.96418142 1.14906669 10.5
v 1.14906669 0.96418142 10.5
v 1.29903805 0.75 10.5
v 1.40953898 0.51303023 10.5
v 1.47721159 0.26047227 10.5
v 1.5 0 10.5
v 1.47721159 -0.26047227 10.5
v 1.40953898 -0.51303023 10.5
v 1.29903805 -0.75 10.5
v 1.14906669 -0.96418142 10.5
v 0.96418142 -1.14906669 10.5
v 0.75 -1.29903805 10.5
v 0.51303023 -1.40953898 10.5
v 0.26047227 -1.47721159 10.5
v 0 -1.5 10.5
v -0.26047227 -1.47721159 10.5
v -0.51303023 -1.40953898 10.5
v -0.75 -1.29903805 10.5
v -0.96418142 -1.14906669 10.5
v -1.14906669 -0.96418142 10.5
v -1.29903805 -0.75 10.5
v -1.40953898 -0.51303023 10.5
v -1.47721159 -0.26047227 10.5
v -1.5 -0 10.5
v -1.47721159 0.26047227 10.5
v -1.40953898 0.51303023 10.5
v -1.29903805 0.75 10.5
v -1.14906669 0.96418142 10.5
v -0.96418142 1.14906669 10.5
v -0.75 1.29903805 10.5
v -0.51303023 1.40953898 10.5
v -0.26047227 1.47721159 10.5
v -0.75 1.29903805 10.49416637
v -0.51303023 1.40953898 10.48444462
v -0.26047227 1.47721159 10.47472191
v -0 1.5 10.46500015
v -0.26047227 -1.47721159 10.49027729
v -0.51303023 -1.40953898 10.48055553
v -0.75 -1.29903805 10.47083282
v -0.96418142 -1.14906669 10.46111107
v -1.14906669 -0.96418142 10.45138836
v -1.29903805 -0.75 10.4416666
v -1.40953898 -0.51303023 10.43194389
v -1.47721159 -0.26047227 10.42222214
v -1.5 -0 10.41249943
v -1.47721159 0.26047227 10.40277767
v -1.40953898 0.51303023 10.39305496
v -1.29903805 0.75 10.38333321
v -1.14906669 0.96418142 10.3736105
v -0.96418142 1.14906669 10.36388874
v -0.75 1.29903805 10.35416603
v -0.51303023 1.40953898 10.34444427
v -0.26047227 1.47721159 10.33472252
v -0 1.5 10.32499981
v 0.75 -1.29903805 10.49416637
v 0.51303023 -1.40953898 10.48444462
v 0.26047227 -1.47721159 10.47472191
v 0 -1.5 10.46500015
v -0.26047227 -1.47721159 10.45527744
v -0.51303023 -1.40953898 10.44555569
v -0.75 -1.29903805 10.43583298
v -0.96418142 -1.14906669 10.42611122
v -1.14906669 -0.96418142 10.41638851
v -1.29903805 -0.75 10.40666676
v -1.40953898 -0.51303023 10.39694405
v -1.47721159 -0.26047227 10.38722229
v -1.5 -0 10.37749958
v -1.47721159 0.26047227 10.36777782
v -1.40953898 0.51303023 10.35805511
v -1.29903805 0.75 10.34833336
v -1.14906669 0.96418142 10.33861065
v -0.96418142 1.14906669 10.32888889
v -0.75 1.29903805 10.31916618
v -0.51303023 1.40953898 10.30944443
v -0.26047227 1.47721159 10.29972172
v -0 1.5 10.28999996
v 0.26047227 1.47721159 10.49027729
v 0.51303023 1.40953898 10.48055553
v 0.75 1.29903805 10.47083282
v 0.96418142 1.14906669 10.46111107
v 1.14906669 0.96418142 10.45138836
v 1.29903805 0.75 10.4416666
v 1.40953898 0.51303023 10.43194389
v 1.47721159 0.26047227 10.42222214
v 1.5 0 10.41249943
v 1.47721159 -0.26047227 10.40277767
v 1.40953898 -0.51303023 10.39305496
v 1.29903805 -0.75 10.38333321
v 1.14906669 -0.96418142 10.3736105
v 0.96418142 -1.14906669 10.36388874
v 0.75 -1.29903805 10.35416603
v 0.51303023 -1.40953898 10.34444427
v 0.26047227 -1.47721159 10.33472252
v 0 -1.5 10.32499981
v -0.26047227 -1.47721159 10.31527805
v -0.51303023 -1.40953898 10.30555534
v -0.75 -1.29903805 10.29583359
v -0.96418142 -1.14906669 10.28611088
v -1.14906669 -0.96418142 10.27638912
v -1.29903805 -0.75 10.26666641
v -1.40953898 -0.51303023 10.25694466
v -1.47721159 -0.26047227 10.24722195
v -1.5 -0 10.23750019
v -1.47721159 0.26047227 10.22777748
v -1.40953898 0.51303023 10.21805573
v -1.29903805 0.75 10.20833302
v -1.14906669 0.96418142 10.19861126
v -0.96418142 1.14906669 10.18888855
v -0.75 1.29903805 10.17916679
v -0.51303023 1.40953898 10.16944408
v -0.26047227 1.47721159 10.15972233
v -0 1.5 10.14999962
v 0.26047227 1.47721159 10.45527744
v 0.51303023 1.40953898 10.44555569
v 0.75 1.29903805 10.43583298
v 0.96418142 1.14906669 10.42611122
v 1.14906669 0.96418142 10.41638851
v 1.29903805 0.75 10.40666676
v 1.40953898 0.51303023 10.39694405
v 1.47721159 0.26047227 10.38722229
v 1.5 0 10.37749958
v 1.47721159 -0.26047227 10.36777782
v 1.40953898 -0.51303023 10.35805511
v 1.29903805 -0.75 10.34833336
v 1.14906669 -0.96418142 10.33861065
v 0.96418142 -1.14906669 10.32888889
v 0.75 -1.29903805 10.31916618
v 0.51303023 -1.40953898 10.30944443
v 0.26047227 -1.47721159 10.29972172
v 0 -1.5 10.28999996
v -0.26047227 -1.47721159 10.28027725
v -0.51303023 -1.40953898 10.2705555
v -0.75 -1.29903805 10.26083279
v -0.96418142 -1.14906669 10.25111103
v -1.14906669 -0.96418142 10.24138832
v -1.29903805 -0.75 10.23166656
v -1.40953898 -0.51303023 10.22194386
v -1.47721159 -0.26047227 10.2122221
v -1.5 -0 10.20249939
v -1.47721159 0.26047227 10.19277763
v -1.40953898 0.51303023 10.18305492
v -1.29903805 0.75 10.17333317
v -1.14906669 0.96418142 10.16361141
v -0.96418142 1.14906669 10.1538887
v -0.75 1.29903805 10.14416695
v -0.51303023 1.40953898 10.13444424
v -0.26047227 1.47721159 10.12472248
v -0 1.5 10.11499977
v 0.25955847 1.47202921 10.31527805
v 0.50943059 1.39964902 10.30555534
v 0.74210656 1.28536618 10.29583359
v 0.95065123 1.13294196 10.28611088
v 1.1289109 0.94726866 10.27638912
v 1.2716943 0.73421305 10.26666641
v 1.3749243 0.50043148 10.25694466
v 1.43575275 0.25316194 10.24722195
v 1.45263922 0 10.23750019
v 1.42538798 -0.25133437 10.22777748
v 1.3551445 -0.49323225 10.21805573
v 1.24435055 -0.71842617 10.20833302
v 1.09666157 -0.92020833 10.19861126
v 0.91682577 -1.09263039 10.18888855
v 0.71053267 -1.23067868 10.17916679
v 0.48423317 -1.33041966 10.16944408
v 0.24493784 -1.38911152 10.15972233
v 0 -1.40527844 10.14999962
v -0.24311025 -1.37874675 10.14027786
v -0.47703391 -1.31063986 10.13055515
v -0.69474578 -1.20333493 10.1208334
v -0.88976538 -1.06038105 10.11111069
v -1.05634987 -0.88638282 10.10138893
v -1.18966305 -0.68685228 10.09166622
v -1.28591514 -0.46803483 10.08194447
v -1.34247017 -0.23671372 10.07222176
v -1.35791767 -0 10.0625
v -1.33210552 0.23488614 10.05277729
v -1.26613533 0.46083558 10.04305553
v -1.1623193 0.67106539 10.03333282
v -1.02410066 0.85932249 10.02361107
v -0.85593992 1.02006948 10.01388836
v -0.66317189 1.14864743 10.0041666
v -0.4518365 1.24141049 9.99444389
v -0.22848961 1.29582894 9.98472214
v -0 1.31055689 9.97499943
v 0.25955847 1.47202921 10.28027725
v 0.50943059 1.39964902 10.2705555
v 0.74210656 1.28536618 10.26083279
v 0.95065123 1.13294196 10.25111103
v 1.1289109 0.94726866 10.24138832
v 1.2716943 0.73421305 10.23166656
v 1.3749243 0.50043148 10.22194386
v 1.43575275 0.25316194 10.2122221
v 1.45263922 0 10.20249939
v 1.42538798 -0.25133437 10.19277763
v 1.3551445 -0.49323225 10.18305492
v 1.24435055 -0.71842617 10.17333317
v 1.09666157 -0.92020833 10.16361141
v 0.91682577 -1.09263039 10.1538887
v 0.71053267 -1.23067868 10.14416695
v 0.48423317 -1.33041966 10.13444424
v 0.24493784 -1.38911152 10.12472248
v 0 -1.40527844 10.11499977
v -0.24311025 -1.37874675 10.10527802
v -0.47703391 -1.31063986 10.09555531
v -0.69474578 -1.20333493 10.08583355
v -0.88976538 -1.06038105 10.07611084
v -1.05634987 -0.88638282 10.06638908
v -1.18966305 -0.68685228 10.05666637
v -1.28591514 -0.46803483 10.04694462
v -1.34247017 -0.23671372 10.03722191
v -1.35791767 -0 10.02750015
v -1.33210552 0.23488614 10.01777744
v -1.26613533 0.46083558 10.00805569
v -1.1623193 0.67106539 9.99833298
v -1.02410066 0.85932249 9.98861122
v -0.85593992 1.02006948 9.97888851
v -0.66317189 1.14864743 9.96916676
v -0.4518365 1.24141049 9.95944405
v -0.22848961 1.29582894 9.94972229
v -0 1.31055689 9.93999958
v 0.26047227 1.47721159 10.14027786
v 0.51303023 1.40953898 10.13055515
v 0.75 1.29903805 10.1208334
v 0.96418142 1.14906669 10.11111069
v 1.14906669 0.96418142 10.10138893
v 1.29903805 0.75 10.09166622
v 1.40953898 0.51303023 10.08194447
v 1.47721159 0.26047227 10.07222176
v 1.5 0 10.0625
v 1.47721159 -0.26047227 10.05277729
v 1.40953898 -0.51303023 10.04305553
v 1.29903805 -0.75 10.03333282
v 1.14906669 -0.96418142 10.02361107
v 0.96418142 -1.14906669 10.01388836
v 0.75 -1.29903805 10.0041666
v 0.51303023 -1.40953898 9.99444389
v 0.26047227 -1.47721159 9.98472214
v 0 -1.5 9.97499943
v -0.26047227 -1.47721159 9.96527767
v -0.51303023 -1.40953898 9.95555496
v -0.75 -1.29903805 9.94583321
v -0.96418142 -1.14906669 9.9361105
v -1.14906669 -0.96418142 9.92638874
v -1.29903805 -0.75 9.91666603
v -1.40953898 -0.51303023 9.90694427
v -1.47721159 -0.26047227 9.89722252
v -1.5 -0 9.88749981
v -1.47721159 0.26047227 9.87777805
v -1.40953898 0.51303023 9.86805534
v -1.29903805 0.75 9.85833359
v -1.14906669 0.96418142 9.84861088
v -0.96418142 1.14906669 9.83888912
v -0.75 1.29903805 9.82916641
v -0.51303023 1.40953898 9.81944466
v -0.26047227 1.47721159 9.80972195
v -0 1.5 9.80000019
v 0.26047227 1.47721159 10.10527802
v 0.51303023 1.40953898 10.09555531
v 0.75 1.29903805 10.08583355
v 0.96418142 1.14906669 10.07611084
v 1.14906669 0.96418142 10.06638908
v 1.29903805 0.75 10.05666637
v 1.40953898 0.51303023 10.04694462
v 1.47721159 0.26047227 10.03722191
v 1.5 0 10.02750015
v 1.47721159 -0.26047227 10.01777744
v 1.40953898 -0.51303023 10.00805569
v 1.29903805 -0.75 9.99833298
v 1.14906669 -0.96418142 9.98861122
v 0.96418142 -1.14906669 9.97888851
v 0.75 -1.29903805 9.96916676
v 0.51303023 -1.40953898 9.95944405
v 0.26047227 -1.47721159 9.94972229
v 0 -1.5 9.93999958
v -0.26047227 -1.47721159 9.93027782
v -0.51303023 -1.40953898 9.92055511
v -0.75 -1.29903805 9.91083336
v -0.96418142 -1.14906669 9.90111065
v -1.14906669 -0.96418142 9.89138889
v -1.29903805 -0.75 9.88166618
v -1.40953898 -0.51303023 9.87194443
v -1.47721159 -0.26047227 9.86222172
v -1.5 -0 9.85249996
v -1.47721159 0.26047227 9.84277725
v -1.40953898 0.51303023 9.8330555
v -1.29903805 0.75 9.82333279
v -1.14906669 0.96418142 9.81361103
v -0.96418142 1.14906669 9.80388832
v -0.75 1.29903805 9.79416656
v -0.51303023 1.40953898 9.78444386
v -0.26047227 1.47721159 9.7747221
v -0 1.5 9.76499939
v 0.22757581 1.29064655 9.96527767
v 0.44823685 1.23152065 9.95555496
v 0.65527844 1.13497555 9.94583321
v 0.84240973 1.00394487 9.9361105
v 1.00394487 0.84240973 9.92638874
v 1.13497555 0.65527844 9.91666603
v 1.23152065 0.44823685 9.90694427
v 1.29064655 0.22757581 9.89722252
v 1.31055689 0 9.88749981
v 1.29064655 -0.22757581 9.87777805
v 1.23152065 -0.44823685 9.86805534
v 1.13497555 -0.65527844 9.85833359
v 1.00394487 -0.84240973 9.84861088
v 0.84240973 -1.00394487 9.83888912
v 0.65527844 -1.13497555 9.82916641
v 0.44823685 -1.23152065 9.81944466
v 0.22757581 -1.29064655 9.80972195
v 0 -1.31055689 9.80000019
v -0.22757581 -1.29064655 9.79027748
v -0.44823685 -1.23152065 9.78055573
v -0.65527844 -1.13497555 9.77083302
v -0.84240973 -1.00394487 9.76111126
v -1.00394487 -0.84240973 9.75138855
v -1.13497555 -0.65527844 9.74166679
v -1.23152065 -0.44823685 9.73194408
v -1.29064655 -0.22757581 9.72222233
v -1.31055689 -0 9.71249962
v -1.29064655 0.22757581 9.70277786
v -1.23152065 0.44823685 9.69305515
v -1.13497555 0.65527844 9.6833334
v -1.00394487 0.84240973 9.67361069
v -0.84240973 1.00394487 9.66388893
v -0.65527844 1.13497555 9.65416622
v -0.44823685 1.23152065 9.64444447
v -0.22757581 1.29064655 9.63472176
v -0 1.31055689 9.625
v 0.22757581 1.29064655 9.93027782
v 0.44823685 1.23152065 9.92055511
v 0.65527844 1.13497555 9.91083336
v 0.84240973 1.00394487 9.90111065
v 1.00394487 0.84240973 9.89138889
v 1.13497555 0.65527844 9.88166618
v 1.23152065 0.44823685 9.87194443
v 1.29064655 0.22757581 9.86222172
v 1.31055689 0 9.85249996
v 1.29064655 -0.22757581 9.84277725
v 1.23152065 -0.44823685 9.8330555
v 1.13497555 -0.65527844 9.82333279
v 1.00394487 -0.84240973 9.81361103
v 0.84240973 -1.00394487 9.80388832
v 0.65527844 -1.13497555 9.79416656
v 0.44823685 -1.23152065 9.78444386
v 0.22757581 -1.29064655 9.7747221
v 0 -1.31055689 9.76499939
v -0.22757581 -1.29064655 9.75527763
v -0.44823685 -1.23152065 9.74555492
v -0.65527844 -1.13497555 9.73583317
v -0.84240973 -1.00394487 9.72611141
v -1.00394487 -0.84240973 9.7163887
v -1.13497555 -0.65527844 9.70666695
v -1.23152065 -0.44823685 9.69694424
v -1.29064655 -0.22757581 9.68722248
v -1.31055689 -0 9.67749977
v -1.29064655 0.22757581 9.66777802
v -1.23152065 0.44823685 9.65805531
v -1.13497555 0.65527844 9.64833355
v -1.00394487 0.84240973 9.63861084
v -0.84240973 1.00394487 9.62888908
v -0.65527844 1.13497555 9.61916637
v -0.44823685 1.23152065 9.60944462
v -0.22757581 1.29064655 9.59972191
v -0 1.31055689 9.59000015
v 0.26047227 1.47721159 9.79027748
v 0.51303023 1.40953898 9.78055573
v 0.75 1.29903805 9.77083302
v 0.96418142 1.14906669 9.76111126
v 1.14906669 0.96418142 9.75138855
v 1.29903805 0.75 9.74166679
v 1.40953898 0.51303023 9.73194408
v 1.47721159 0.26047227 9.72222233
v 1.5 0 9.71249962
v 1.47721159 -0.26047227 9.70277786
v 1.40953898 -0.51303023 9.69305515
v 1.29903805 -0.75 9.6833334
v 1.14906669 -0.96418142 9.67361069
v 0.96418142 -1.14906669 9.66388893
v 0.75 -1.29903805 9.65416622
v 0.51303023 -1.40953898 9.64444447
v 0.26047227 -1.47721159 9.63472176
v 0 -1.5 9.625
v -0.26047227 -1.47721159 9.61527729
v -0.51303023 -1.40953898 9.60555553
v -0.75 -1.29903805 9.59583282
v -0.96418142 -1.14906669 9.58611107
v -1.14906669 -0.96418142 9.57638836
v -1.29903805 -0.75 9.5666666
v -1.40953898 -0.51303023 9.55694389
v -1.47721159 -0.26047227 9.54722214
v -1.5 -0 9.53749943
v -1.47721159 0.26047227 9.52777767
v -1.40953898 0.51303023 9.51805496
v -1.29903805 0.75 9.50833321
v -1.14906669 0.96418142 9.4986105
v -0.96418142 1.14906669 9.48888874
v -0.75 1.29903805 9.47916603
v -0.51303023 1.40953898 9.46944427
v -0.26047227 1.47721159 9.45972252
v -0 1.5 9.44999981
v 0.26047227 1.47721159 9.75527763
v 0.51303023 1.40953898 9.74555492
v 0.75 1.29903805 9.73583317
v 0.96418142 1.14906669 9.72611141
v 1.14906669 0.96418142 9.7163887
v 1.29903805 0.75 9.70666695
v 1.40953898 0.51303023 9.69694424
v 1.47721159 0.26047227 9.68722248
v 1.5 0 9.67749977
v 1.47721159 -0.26047227 9.66777802
v 1.40953898 -0.51303023 9.65805531
v 1.29903805 -0.75 9.64833355
v 1.14906669 -0.96418142 9.63861084
v 0.96418142 -1.14906669 9.62888908
v 0.75 -1.29903805 9.61916637
v 0.51303023 -1.40953898 9.60944462
v 0.26047227 -1.47721159 9.59972191
v 0 -1.5 9.59000015
v -0.26047227 -1.47721159 9.58027744
v -0.51303023 -1.40953898 9.57055569
v -0.75 -1.29903805 9.56083298
v -0.96418142 -1.14906669 9.55111122
v -1.14906669 -0.96418142 9.54138851
v -1.29903805 -0.75 9.53166676
v -1.40953898 -0.51303023 9.52194405
v -1.47721159 -0.26047227 9.51222229
v -1.5 -0 9.50249958
v -1.47721159 0.26047227 9.49277782
v -1.40953898 0.51303023 9.48305511
v -1.29903805 0.75 9.47333336
v -1.14906669 0.96418142 9.46361065
v -0.96418142 1.14906669 9.45388889
v -0.75 1.29903805 9.44416618
v -0.51303023 1.40953898 9.43444443
v -0.26047227 1.47721159 9.42472172
v -0 1.5 9.41499996
v 0.22757581 1.29064655 9.61527729
v 0.44823685 1.23152065 9.60555553
v 0.65527844 1.13497555 9.59583282
v 0.84240973 1.00394487 9.58611107
v 1.00394487 0.84240973 9.57638836
v 1.13497555 0.65527844 9.5666666
v 1.23152065 0.44823685 9.55694389
v 1.29064655 0.22757581 9.54722214
v 1.31055689 0 9.53749943
v 1.29064655 -0.22757581 9.52777767
v 1.23152065 -0.44823685 9.51805496
v 1.13497555 -0.65527844 9.50833321
v 1.00394487 -0.84240973 9.4986105
v 0.84240973 -1.00394487 9.48888874
v 0.65527844 -1.13497555 9.47916603
v 0.44823685 -1.23152065 9.46944427
v 0.22757581 -1.29064655 9.45972252
v 0 -1.31055689 9.44999981
v -0.22757581 -1.29064655 9.44027805
v -0.44823685 -1.23152065 9.43055534
v -0.65527844 -1.13497555 9.42083359
v -0.84240973 -1.00394487 9.41111088
v -1.00394487 -0.84240973 9.40138912
v -1.13497555 -0.65527844 9.39166641
v -1.23152065 -0.44823685 9.38194466
v -1.29064655 -0.22757581 9.37222195
v -1.31055689 -0 9.36250019
v -1.29064655 0.22757581 9.35277748
v -1.23152065 0.44823685 9.34305573
v -1.13497555 0.65527844 9.33333302
v -1.00394487 0.84240973 9.32361126
v -0.84240973 1.00394487 9.31388855
v -0.65527844 1.13497555 9.30416679
v -0.44823685 1.23152065 9.29444408
v -0.22757581 1.29064655 9.28472233
v -0 1.31055689 9.27499962
v 0.22757581 1.29064655 9.58027744
v 0.44823685 1.23152065 9.57055569
v 0.65527844 1.13497555 9.56083298
v 0.84240973 1.00394487 9.55111122
v 1.00394487 0.84240973 9.54138851
v 1.13497555 0.65527844 9.53166676
v 1.23152065 0.44823685 9.52194405
v 1.29064655 0.22757581 9.51222229
v 1.31055689 0 9.50249958
v 1.29064655 -0.22757581 9.49277782
v 1.23152065 -0.44823685 9.48305511
v 1.13497555 -0.65527844 9.47333336
v 1.00394487 -0.84240973 9.46361065
v 0.84240973 -1.00394487 9.45388889
v 0.65527844 -1.13497555 9.44416618
v 0.44823685 -1.23152065 9.43444443
v 0.22757581 -1.29064655 9.42472172
v 0 -1.31055689 9.41499996
v -0.22757581 -1.29064655 9.40527725
v -0.44823685 -1.23152065 9.3955555
v -0.65527844 -1.13497555 9.38583279
v -0.84240973 -1.00394487 9.37611103
v -1.00394487 -0.84240973 9.36638832
v -1.13497555 -0.65527844 9.35666656
v -1.23152065 -0.44823685 9.34694386
v -1.29064655 -0.22757581 9.3372221
v -1.31055689 -0 9.32749939
v -1.29064655 0.22757581 9.31777763
v -1.23152065 0.44823685 9.30805492
v -1.13497555 0.65527844 9.29833317
v -1.00394487 0.84240973 9.28861141
v -0.84240973 1.00394487 9.2788887
v -0.65527844 1.13497555 9.26916695
v -0.44823685 1.23152065 9.25944424
v -0.22757581 1.29064655 9.24972248
v -0 1.31055689 9.23999977
v 0.26047227 1.47721159 9.44027805
v 0.51303023 1.40953898 9.43055534
v 0.75 1.29903805 9.42083359
v 0.96418142 1.14906669 9.41111088
v 1.14906669 0.96418142 9.40138912
v 1.29903805 0.75 9.39166641
v 1.40953898 0.51303023 9.38194466
v 1.47721159 0.26047227 9.37222195
v 1.5 0 9.36250019
v 1.47721159 -0.26047227 9.35277748
v 1.40953898 -0.51303023 9.34305573
v 1.29903805 -0.75 9.33333302
v 1.14906669 -0.96418142 9.32361126
v 0.96418142 -1.14906669 9.31388855
v 0.75 -1.29903805 9.30416679
v 0.51303023 -1.40953898 9.29444408
v 0.26047227 -1.47721159 9.28472233
v 0 -1.5 9.27499962
v -0.26047227 -1.47721159 9.26527786
v -0.51303023 -1.40953898 9.25555515
v -0.75 -1.29903805 9.2458334
v -0.96418142 -1.14906669 9.23611069
v -1.14906669 -0.96418142 9.22638893
v -1.29903805 -0.75 9.21666622
v -1.40953898 -0.51303023 9.20694447
v -1.47721159 -0.26047227 9.19722176
v -1.5 -0 9.1875
v -1.47721159 0.26047227 9.17777729
v -1.40953898 0.51303023 9.16805553
v -1.29903805 0.75 9.15833282
v -1.14906669 0.96418142 9.14861107
v -0.96418142 1.14906669 9.13888836
v -0.75 1.29903805 9.1291666
v -0.51303023 1.40953898 9.11944389
v -0.26047227 1.47721159 9.10972214
v -0 1.5 9.09999943
v 0.26047227 1.47721159 9.40527725
v 0.51303023 1.40953898 9.3955555
v 0.75 1.29903805 9.38583279
v 0.96418142 1.14906669 9.37611103
v 1.14906669 0.96418142 9.36638832
v 1.29903805 0.75 9.35666656
v 1.40953898 0.51303023 9.34694386
v 1.47721159 0.26047227 9.3372221
v 1.5 0 9.32749939
v 1.47721159 -0.26047227 9.31777763
v 1.40953898 -0.51303023 9.30805492
v 1.29903805 -0.75 9.29833317
v 1.14906669 -0.96418142 9.28861141
v 0.96418142 -1.14906669 9.2788887
v 0.75 -1.29903805 9.26916695
v 0.51303023 -1.40953898 9.25944424
v 0.26047227 -1.47721159 9.24972248
v 0 -1.5 9.23999977
v -0.26047227 -1.47721159 9.23027802
v -0.51303023 -1.40953898 9.22055531
v -0.75 -1.29903805 9.21083355
v -0.96418142 -1.14906669 9.20111084
v -1.14906669 -0.96418142 9.19138908
v -1.29903805 -0.75 9.18166637
v -1.40953898 -0.51303023 9.17194462
v -1.47721159 -0.26047227 9.16222191
v -1.5 -0 9.15250015
v -1.47721159 0.26047227 9.14277744
v -1.40953898 0.51303023 9.13305569
v -1.29903805 0.75 9.12333298
v -1.14906669 0.96418142 9.11361122
v -0.96418142 1.14906669 9.10388851
v -0.75 1.29903805 9.09416676
v -0.51303023 1.40953898 9.08444405
v -0.26047227 1.47721159 9.07472229
v -0 1.5 9.06499958
v 0.22757581 1.29064655 9.26527786
v 0.44823685 1.23152065 9.25555515
v 0.65527844 1.13497555 9.2458334
v 0.84240973 1.00394487 9.23611069
v 1.00394487 0.84240973 9.22638893
v 1.13497555 0.65527844 9.21666622
v 1.23152065 0.44823685 9.20694447
v 1.29064655 0.22757581 9.19722176
v 1.31055689 0 9.1875
v 1.29064655 -0.22757581 9.17777729
v 1.23152065 -0.44823685 9.16805553
v 1.13497555 -0.65527844 9.15833282
v 1.00394487 -0.84240973 9.14861107
v 0.84240973 -1.00394487 9.13888836
v 0.65527844 -1.13497555 9.1291666
v 0.44823685 -1.23152065 9.11944389
v 0.22757581 -1.29064655 9.10972214
v 0 -1.31055689 9.09999943
v -0.22757581 -1.29064655 9.09027767
v -0.44823685 -1.23152065 9.08055496
v -0.65527844 -1.13497555 9.07083321
v -0.84240973 -1.00394487 9.0611105
v -1.00394487 -0.84240973 9.05138874
v -1.13497555 -0.65527844 9.04166698
v -1.23152065 -0.44823685 9.03194427
v -1.29064655 -0.22757581 9.02222252
v -1.31055689 -0 9.01249981
v -1.29064655 0.22757581 9.00277805
v -1.23152065 0.44823685 8.99305534
v -1.13497555 0.65527844 8.98333359
v -1.00394487 0.84240973 8.97361088
v -0.84240973 1.00394487 8.96388912
v -0.65527844 1.13497555 8.95416641
v -0.44823685 1.23152065 8.94444466
v -0.22757581 1.29064655 8.93472195
v -0 1.31055689 8.92500019
v 0.22757581 1.29064655 9.23027802
v 0.44823685 1.23152065 9.22055531
v 0.65527844 1.13497555 9.21083355
v 0.84240973 1.00394487 9.20111084
v 1.00394487 0.84240973 9.19138908
v 1.13497555 0.65527844 9.18166637
v 1.23152065 0.44823685 9.17194462
v 1.29064655 0.22757581 9.16222191
v 1.31055689 0 9.15250015
v 1.29064655 -0.22757581 9.14277744
v 1.23152065 -0.44823685 9.13305569
v 1.13497555 -0.65527844 9.12333298
v 1.00394487 -0.84240973 9.11361122
v 0.84240973 -1.00394487 9.10388851
v 0.65527844 -1.13497555 9.09416676
v 0.44823685 -1.23152065 9.08444405
v 0.22757581 -1.29064655 9.07472229
v 0 -1.31055689 9.06499958
v -0.22757581 -1.29064655 9.05527782
v -0.44823685 -1.23152065 9.04555511
v -0.65527844 -1.13497555 9.03583336
v -0.84240973 -1.00394487 9.02611065
v -1.00394487 -0.84240973 9.01638889
v -1.13497555 -0.65527844 9.00666618
v -1.23152065 -0.44823685 8.99694443
v -1.29064655 -0.22757581 8.98722172
v -1.31055689 -0 8.97749996
v -1.29064655 0.22757581 8.96777725
v -1.23152065 0.44823685 8.9580555
v -1.13497555 0.65527844 8.94833279
v -1.00394487 0.84240973 8.93861103
v -0.84240973 1.00394487 8.92888832
v -0.65527844 1.13497555 8.91916656
v -0.44823685 1.23152065 8.90944386
v -0.22757581 1.29064655 8.8997221
v -0 1.31055689 8.88999939
v 0.26047227 1.47721159 9.09027767
v 0.51303023 1.40953898 9.08055496
v 0.75 1.29903805 9.07083321
v 0.96418142 1.14906669 9.0611105
v 1.14906669 0.96418142 9.05138874
v 1.29903805 0.75 9.04166698
v 1.40953898 0.51303023 9.03194427
v 1.47721159 0.26047227 9.02222252
v 1.5 0 9.01249981
v 1.47721159 -0.26047227 9.00277805
v 1.40953898 -0.51303023 8.99305534
v 1.29903805 -0.75 8.98333359
v 1.14906669 -0.96418142 8.97361088
v 0.96418142 -1.14906669 8.96388912
v 0.75 -1.29903805 8.95416641
v 0.51303023 -1.40953898 8.94444466
v 0.26047227 -1.47721159 8.93472195
v 0 -1.5 8.92500019
v -0.26047227 -1.47721159 8.91527748
v -0.51303023 -1.40953898 8.90555573
v -0.75 -1.29903805 8.89583302
v -0.96418142 -1.14906669 8.88611126
v -1.14906669 -0.96418142 8.87638855
v -1.29903805 -0.75 8.86666679
v -1.40953898 -0.51303023 8.85694408
v -1.47721159 -0.26047227 8.84722233
v -1.5 -0 8.83749962
v -1.47721159 0.26047227 8.82777786
v -1.40953898 0.51303023 8.81805515
v -1.29903805 0.75 8.8083334
v -1.14906669 0.96418142 8.79861069
v -0.96418142 1.14906669 8.78888893
v -0.75 1.29903805 8.77916622
v -0.51303023 1.40953898 8.76944447
v -0.26047227 1.47721159 8.75972176
v -0 1.5 8.75
v 0.26047227 1.47721159 9.05527782
v 0.51303023 1.40953898 9.04555511
v 0.75 1.29903805 9.03583336
v 0.96418142 1.14906669 9.02611065
v 1.14906669 0.96418142 9.01638889
v 1.29903805 0.75 9.00666618
v 1.40953898 0.51303023 8.99694443
v 1.47721159 0.26047227 8.98722172
v 1.5 0 8.97749996
v 1.47721159 -0.26047227 8.96777725
v 1.40953898 -0.51303023 8.9580555
v 1.29903805 -0.75 8.94833279
v 1.14906669 -0.96418142 8.93861103
v 0.96418142 -1.14906669 8.92888832
v 0.75 -1.29903805 8.91916656
v 0.51303023 -1.40953898 8.90944386
v 0.26047227 -1.47721159 8.8997221
v 0 -1.5 8.88999939
v -0.26047227 -1.47721159 8.88027763
v -0.51303023 -1.40953898 8.87055588
v -0.75 -1.29903805 8.86083317
v -0.96418142 -1.14906669 8.85111141
v -1.14906669 -0.96418142 8.8413887
v -1.29903805 -0.75 8.83166695
v -1.40953898 -0.51303023 8.82194424
v -1.47721159 -0.26047227 8.81222248
v -1.5 -0 8.80249977
v -1.47721159 0.26047227 8.79277802
v -1.40953898 0.51303023 8.78305531
v -1.29903805 0.75 8.77333355
v -1.14906669 0.96418142 8.76361084
v -0.96418142 1.14906669 8.75388908
v -0.75 1.29903805 8.74416637
v -0.51303023 1.40953898 8.73444462
v -0.26047227 1.47721159 8.72472191
v -0 1.5 8.71500015
v 0.22757581 1.29064655 8.91527748
v 0.44823685 1.23152065 8.90555573
v 0.65527844 1.13497555 8.89583302
v 0.84240973 1.00394487 8.88611126
v 1.00394487 0.84240973 8.87638855
v 1.13497555 0.65527844 8.86666679
v 1.23152065 0.44823685 8.85694408
v 1.29064655 0.22757581 8.84722233
v 1.31055689 0 8.83749962
v 1.29064655 -0.22757581 8.82777786
v 1.23152065 -0.44823685 8.81805515
v 1.13497555 -0.65527844 8.8083334
v 1.00394487 -0.84240973 8.79861069
v 0.84240973 -1.00394487 8.78888893
v 0.65527844 -1.13497555 8.77916622
v 0.44823685 -1.23152065 8.76944447
v 0.22757581 -1.29064655 8.75972176
v 0 -1.31055689 8.75
v -0.22757581 -1.29064655 8.74027729
v -0.44823685 -1.23152065 8.73055553
v -0.65527844 -1.13497555 8.72083282
v -0.84240973 -1.00394487 8.71111107
v -1.00394487 -0.84240973 8.70138836
v -1.13497555 -0.65527844 8.6916666
v -1.23152065 -0.44823685 8.68194389
v -1.29064655 -0.22757581 8.67222214
v -1.31055689 -0 8.66249943
v -1.29064655 0.22757581 8.65277767
v -1.23152065 0.44823685 8.64305496
v -1.13497555 0.65527844 8.63333321
v -1.00394487 0.84240973 8.6236105
v -0.84240973 1.00394487 8.61388874
v -0.65527844 1.13497555 8.60416698
v -0.44823685 1.23152065 8.59444427
v -0.22757581 1.29064655 8.58472252
v -0 1.31055689 8.57499981
v 0.22757581 1.29064655 8.88027763
v 0.44823685 1.23152065 8.87055588
v 0.65527844 1.13497555 8.86083317
v 0.84240973 1.00394487 8.85111141
v 1.00394487 0.84240973 8.8413887
v 1.13497555 0.65527844 8.83166695
v 1.23152065 0.44823685 8.82194424
v 1.29064655 0.22757581 8.81222248
v 1.31055689 0 8.80249977
v 1.29064655 -0.22757581 8.79277802
v 1.23152065 -0.44823685 8.78305531
v 1.13497555 -0.65527844 8.77333355
v 1.00394487 -0.84240973 8.76361084
v 0.84240973 -1.00394487 8.75388908
v 0.65527844 -1.13497555 8.74416637
v 0.44823685 -1.23152065 8.73444462
v 0.22757581 -1.29064655 8.72472191
v 0 -1.31055689 8.71500015
v -0.22757581 -1.29064655 8.70527744
v -0.44823685 -1.23152065 8.69555569
v -0.65527844 -1.13497555 8.68583298
v -0.84240973 -1.00394487 8.67611122
v -1.00394487 -0.84240973 8.66638851
v -1.13497555 -0.65527844 8.65666676
v -1.23152065 -0.44823685 8.64694405
v -1.29064655 -0.22757581 8.63722229
v -1.31055689 -0 8.62749958
v -1.29064655 0.22757581 8.61777782
v -1.23152065 0.44823685 8.60805511
v -1.13497555 0.65527844 8.59833336
v -1.00394487 0.84240973 8.58861065
v -0.84240973 1.00394487 8.57888889
v -0.65527844 1.13497555 8.56916618
v -0.44823685 1.23152065 8.55944443
v -0.22757581 1.29064655 8.54972172
v -0 1.31055689 8.53999996
v 0.26047227 1.47721159 8.74027729
v 0.51303023 1.40953898 8.73055553
v 0.75 1.29903805 8.72083282
v 0.96418142 1.14906669 8.71111107
v 1.14906669 0.96418142 8.70138836
v 1.29903805 0.75 8.6916666
v 1.40953898 0.51303023 8.68194389
v 1.47721159 0.26047227 8.67222214
v 1.5 0 8.66249943
v 1.47721159 -0.26047227 8.65277767
v 1.40953898 -0.51303023 8.64305496
v 1.29903805 -0.75 8.63333321
v 1.14906669 -0.96418142 8.6236105
v 0.96418142 -1.14906669 8.61388874
v 0.75 -1.29903805 8.60416698
v 0.51303023 -1.40953898 8.59444427
v 0.26047227 -1.47721159 8.58472252
v 0 -1.5 8.57499981
v -0.26047227 -1.47721159 8.56527805
v -0.51303023 -1.40953898 8.55555534
v -0.75 -1.29903805 8.54583359
v -0.96418142 -1.14906669 8.53611088
v -1.14906669 -0.96418142 8.52638912
v -1.29903805 -0.75 8.51666641
v -1.40953898 -0.51303023 8.50694466
v -1.47721159 -0.26047227 8.49722195
v -1.5 -0 8.48750019
v -1.47721159 0.26047227 8.47777748
v -1.40953898 0.51303023 8.46805573
v -1.29903805 0.75 8.45833302
v -1.14906669 0.96418142 8.44861126
v -0.96418142 1.14906669 8.43888855
v -0.75 1.29903805 8.42916679
v -0.51303023 1.40953898 8.41944408
v -0.26047227 1.47721159 8.40972233
v -0 1.5 8.39999962
v 0.26047227 1.47721159 8.70527744
v 0.51303023 1.40953898 8.69555569
v 0.75 1.29903805 8.68583298
v 0.96418142 1.14906669 8.67611122
v 1.14906669 0.96418142 8.66638851
v 1.29903805 0.75 8.65666676
v 1.40953898 0.51303023 8.64694405
v 1.47721159 0.26047227 8.63722229
v 1.5 0 8.62749958
v 1.47721159 -0.26047227 8.61777782
v 1.40953898 -0.51303023 8.60805511
v 1.29903805 -0.75 8.59833336
v 1.14906669 -0.96418142 8.58861065
v 0.96418142 -1.14906669 8.57888889
v 0.75 -1.29903805 8.56916618
v 0.51303023 -1.40953898 8.55944443
v 0.26047227 -1.47721159 8.54972172
v 0 -1.5 8.53999996
v -0.26047227 -1.47721159 8.53027725
v -0.51303023 -1.40953898 8.5205555
v -0.75 -1.29903805 8.51083279
v -0.96418142 -1.14906669 8.50111103
v -1.14906669 -0.96418142 8.49138832
v -1.29903805 -0.75 8.48166656
v -1.40953898 -0.51303023 8.47194386
v -1.47721159 -0.26047227 8.4622221
v -1.5 -0 8.45249939
v -1.47721159 0.26047227 8.44277763
v -1.40953898 0.51303023 8.43305588
v -1.29903805 0.75 8.42333317
v -1.14906669 0.96418142 8.41361141
v -0.96418142 1.14906669 8.4038887
v -0.75 1.29903805 8.39416695
v -0.51303023 1.40953898 8.38444424
v -0.26047227 1.47721159 8.37472248
v -0 1.5 8.36499977
v 0.22757581 1.29064655 8.56527805
v 0.44823685 1.23152065 8.55555534
v 0.65527844 1.13497555 8.54583359
v 0.84240973 1.00394487 8.53611088
v 1.00394487 0.84240973 8.52638912
v 1.13497555 0.65527844 8.51666641
v 1.23152065 0.44823685 8.50694466
v 1.29064655 0.22757581 8.49722195
v 1.31055689 0 8.48750019
v 1.29064655 -0.22757581 8.47777748
v 1.23152065 -0.44823685 8.46805573
v 1.13497555 -0.65527844 8.45833302
v 1.00394487 -0.84240973 8.44861126
v 0.84240973 -1.00394487 8.43888855
v 0.65527844 -1.13497555 8.42916679
v 0.44823685 -1.23152065 8.41944408
v 0.22757581 -1.29064655 8.40972233
v 0 -1.31055689 8.39999962
v -0.22757581 -1.29064655 8.39027786
v -0.44823685 -1.23152065 8.38055515
v -0.65527844 -1.13497555 8.3708334
v -0.84240973 -1.00394487 8.36111069
v -1.00394487 -0.84240973 8.35138893
v -1.13497555 -0.65527844 8.34166622
v -1.23152065 -0.44823685 8.33194447
v -1.29064655 -0.22757581 8.32222176
v -1.31055689 -0 8.3125
v -1.29064655 0.22757581 8.30277729
v -1.23152065 0.44823685 8.29305553
v -1.13497555 0.65527844 8.28333282
v -1.00394487 0.84240973 8.27361107
v -0.84240973 1.00394487 8.26388836
v -0.65527844 1.13497555 8.2541666
v -0.44823685 1.23152065 8.24444389
v -0.22757581 1.29064655 8.23472214
v -0 1.31055689 8.22499943
v 0.22757581 1.29064655 8.53027725
v 0.44823685 1.23152065 8.5205555
v 0.65527844 1.13497555 8.51083279
v 0.84240973 1.00394487 8.50111103
v 1.00394487 0.84240973 8.49138832
v 1.13497555 0.65527844 8.48166656
v 1.23152065 0.44823685 8.47194386
v 1.29064655 0.22757581 8.4622221
v 1.31055689 0 8.45249939
v 1.29064655 -0.22757581 8.44277763
v 1.23152065 -0.44823685 8.43305588
v 1.13497555 -0.65527844 8.42333317
v 1.00394487 -0.84240973 8.41361141
v 0.84240973 -1.00394487 8.4038887
v 0.65527844 -1.13497555 8.39416695
v 0.44823685 -1.23152065 8.38444424
v 0.22757581 -1.29064655 8.37472248
v 0 -1.31055689 8.36499977
v -0.22757581 -1.29064655 8.35527802
v -0.44823685 -1.23152065 8.34555531
v -0.65527844 -1.13497555 8.33583355
v -0.84240973 -1.00394487 8.32611084
v -1.00394487 -0.84240973 8.31638908
v -1.13497555 -0.65527844 8.30666637
v -1.23152065 -0.44823685 8.29694462
v -1.29064655 -0.22757581 8.28722191
v -1.31055689 -0 8.27750015
v -1.29064655 0.22757581 8.26777744
v -1.23152065 0.44823685 8.25805569
v -1.13497555 0.65527844 8.24833298
v -1.00394487 0.84240973 8.23861122
v -0.84240973 1.00394487 8.22888851
v -0.65527844 1.13497555 8.21916676
v -0.44823685 1.23152065 8.20944405
v -0.22757581 1.29064655 8.19972229
v -0 1.31055689 8.18999958
v 0.26047227 1.47721159 8.39027786
v 0.51303023 1.40953898 8.38055515
v 0.75 1.29903805 8.3708334
v 0.96418142 1.14906669 8.36111069
v 1.14906669 0.96418142 8.35138893
v 1.29903805 0.75 8.34166622
v 1.40953898 0.51303023 8.33194447
v 1.47721159 0.26047227 8.32222176
v 1.5 0 8.3125
v 1.47721159 -0.26047227 8.30277729
v 1.40953898 -0.51303023 8.29305553
v 1.29903805 -0.75 8.28333282
v 1.14906669 -0.96418142 8.27361107
v 0.96418142 -1.14906669 8.26388836
v 0.75 -1.29903805 8.2541666
v 0.51303023 -1.40953898 8.24444389
v 0.26047227 -1.47721159 8.23472214
v 0 -1.5 8.22499943
v -0.26047227 -1.47721159 8.21527767
v -0.51303023 -1.40953898 8.20555496
v -0.75 -1.29903805 8.19583321
v -0.96418142 -1.14906669 8.1861105
v -1.14906669 -0.96418142 8.17638874
v -1.29903805 -0.75 8.16666698
v -1.40953898 -0.51303023 8.15694427
v -1.47721159 -0.26047227 8.14722252
v -1.5 -0 8.13749981
v -1.47721159 0.26047227 8.12777805
v -1.40953898 0.51303023 8.11805534
v -1.29903805 0.75 8.10833359
v -1.14906669 0.96418142 8.09861088
v -0.96418142 1.14906669 8.08888912
v -0.75 1.29903805 8.07916641
v -0.51303023 1.40953898 8.06944466
v -0.26047227 1.47721159 8.05972195
v -0 1.5 8.05000019
v 0.26047227 1.47721159 8.35527802
v 0.51303023 1.40953898 8.34555531
v 0.75 1.29903805 8.33583355
v 0.96418142 1.14906669 8.32611084
v 1.14906669 0.96418142 8.31638908
v 1.29903805 0.75 8.30666637
v 1.40953898 0.51303023 8.29694462
v 1.47721159 0.26047227 8.28722191
v 1.5 0 8.27750015
v 1.47721159 -0.26047227 8.26777744
v 1.40953898 -0.51303023 8.25805569
v 1.29903805 -0.75 8.24833298
v 1.14906669 -0.96418142 8.23861122
v 0.96418142 -1.14906669 8.22888851
v 0.75 -1.29903805 8.21916676
v 0.51303023 -1.40953898 8.20944405
v 0.26047227 -1.47721159 8.19972229
v 0 -1.5 8.18999958
v -0.26047227 -1.47721159 8.18027782
v -0.51303023 -1.40953898 8.17055511
v -0.75 -1.29903805 8.16083336
v -0.96418142 -1.14906669 8.15111065
v -1.14906669 -0.96418142 8.14138889
v -1.29903805 -0.75 8.13166618
v -1.40953898 -0.51303023 8.12194443
v -1.47721159 -0.26047227 8.11222172
v -1.5 -0 8.10249996
v -1.47721159 0.26047227 8.09277725
v -1.40953898 0.51303023 8.0830555
v -1.29903805 0.75 8.07333279
v -1.14906669 0.96418142 8.06361103
v -0.96418142 1.14906669 8.05388832
v -0.75 1.29903805 8.04416656
v -0.51303023 1.40953898 8.03444386
v -0.26047227 1.47721159 8.0247221
v -0 1.5 8.01499939
v 0.22757581 1.29064655 8.21527767
v 0.44823685 1.23152065 8.20555496
v 0.65527844 1.13497555 8.19583321
v 0.84240973 1.00394487 8.1861105
v 1.00394487 0.84240973 8.17638874
v 1.13497555 0.65527844 8.16666698
v 1.23152065 0.44823685 8.15694427
v 1.29064655 0.22757581 8.14722252
v 1.31055689 0 8.13749981
v 1.29064655 -0.22757581 8.12777805
v 1.23152065 -0.44823685 8.11805534
v 1.13497555 -0.65527844 8.10833359
v 1.00394487 -0.84240973 8.09861088
v 0.84240973 -1.00394487 8.08888912
v 0.65527844 -1.13497555 8.07916641
v 0.44823685 -1.23152065 8.06944466
v 0.22757581 -1.29064655 8.05972195
v 0 -1.31055689 8.05000019
v -0.22757581 -1.29064655 8.04027748
v -0.44823685 -1.23152065 8.03055573
v -0.65527844 -1.13497555 8.02083302
v -0.84240973 -1.00394487 8.01111126
v -1.00394487 -0.84240973 8.00138855
v -1.13497555 -0.65527844 7.99166632
v -1.23152065 -0.44823685 7.98194408
v -1.29064655 -0.22757581 7.97222185
v -1.31055689 -0 7.9625001
v -1.29064655 0.22757581 7.95277786
v -1.23152065 0.44823685 7.94305563
v -1.13497555 0.65527844 7.9333334
v -1.00394487 0.84240973 7.92361116
v -0.84240973 1.00394487 7.91388893
v -0.65527844 1.13497555 7.9041667
v -0.44823685 1.23152065 7.89444447
v -0.22757581 1.29064655 7.88472223
v -0 1.31055689 7.875
v 0.22757581 1.29064655 8.18027782
v 0.44823685 1.23152065 8.17055511
v 0.65527844 1.13497555 8.16083336
v 0.84240973 1.00394487 8.15111065
v 1.00394487 0.84240973 8.14138889
v 1.13497555 0.65527844 8.13166618
v 1.23152065 0.44823685 8.12194443
v 1.29064655 0.22757581 8.11222172
v 1.31055689 0 8.10249996
v 1.29064655 -0.22757581 8.09277725
v 1.23152065 -0.44823685 8.0830555
v 1.13497555 -0.65527844 8.07333279
v 1.00394487 -0.84240973 8.06361103
v 0.84240973 -1.00394487 8.05388832
v 0.65527844 -1.13497555 8.04416656
v 0.44823685 -1.23152065 8.03444386
v 0.22757581 -1.29064655 8.0247221
v 0 -1.31055689 8.01499939
v -0.22757581 -1.29064655 8.00527763
v -0.44823685 -1.23152065 7.9955554
v -0.65527844 -1.13497555 7.98583317
v -0.84240973 -1.00394487 7.97611094
v -1.00394487 -0.84240973 7.9663887
v -1.13497555 -0.65527844 7.95666647
v -1.23152065 -0.44823685 7.94694424
v -1.29064655 -0.22757581 7.937222
v -1.31055689 -0 7.92749977
v -1.29064655 0.22757581 7.91777754
v -1.23152065 0.44823685 7.90805531
v -1.13497555 0.65527844 7.89833307
v -1.00394487 0.84240973 7.88861084
v -0.84240973 1.00394487 7.87888861
v -0.65527844 1.13497555 7.86916637
v -0.44823685 1.23152065 7.85944414
v -0.22757581 1.29064655 7.84972191
v -0 1.31055689 7.83999968
v 0.26047227 1.47721159 8.04027748
v 0.51303023 1.40953898 8.03055573
v 0.75 1.29903805 8.02083302
v 0.96418142 1.14906669 8.01111126
v 1.14906669 0.96418142 8.00138855
v 1.29903805 0.75 7.99166632
v 1.40953898 0.51303023 7.98194408
v 1.47721159 0.26047227 7.97222185
v 1.5 0 7.9625001
v 1.47721159 -0.26047227 7.95277786
v 1.40953898 -0.51303023 7.94305563
v 1.29903805 -0.75 7.9333334
v 1.14906669 -0.96418142 7.92361116
v 0.96418142 -1.14906669 7.91388893
v 0.75 -1.29903805 7.9041667
v 0.51303023 -1.40953898 7.89444447
v 0.26047227 -1.47721159 7.88472223
v 0 -1.5 7.875
v -0.26047227 -1.47721159 7.86527777
v -0.51303023 -1.40953898 7.85555553
v -0.75 -1.29903805 7.8458333
v -0.96418142 -1.14906669 7.83611107
v -1.14906669 -0.96418142 7.82638884
v -1.29903805 -0.75 7.8166666
v -1.40953898 -0.51303023 7.80694437
v -1.47721159 -0.26047227 7.79722214
v -1.5 -0 7.7874999
v -1.47721159 0.26047227 7.77777767
v -1.40953898 0.51303023 7.76805544
v -1.29903805 0.75 7.75833321
v -1.14906669 0.96418142 7.74861097
v -0.96418142 1.14906669 7.73888874
v -0.75 1.29903805 7.72916651
v -0.51303023 1.40953898 7.71944427
v -0.26047227 1.47721159 7.70972204
v -0 1.5 7.69999981
v 0.26047227 1.47721159 8.00527763
v 0.51303023 1.40953898 7.9955554
v 0.75 1.29903805 7.98583317
v 0.96418142 1.14906669 7.97611094
v 1.14906669 0.96418142 7.9663887
v 1.29903805 0.75 7.95666647
v 1.40953898 0.51303023 7.94694424
v 1.47721159 0.26047227 7.937222
v 1.5 0 7.92749977
v 1.47721159 -0.26047227 7.91777754
v 1.40953898 -0.51303023 7.90805531
v 1.29903805 -0.75 7.89833307
v 1.14906669 -0.96418142 7.88861084
v 0.96418142 -1.14906669 7.87888861
v 0.75 -1.29903805 7.86916637
v 0.51303023 -1.40953898 7.85944414
v 0.26047227 -1.47721159 7.84972191
v 0 -1.5 7.83999968
v -0.26047227 -1.47721159 7.83027744
v -0.51303023 -1.40953898 7.82055521
v -0.75 -1.29903805 7.81083298
v -0.96418142 -1.14906669 7.80111074
v -1.14906669 -0.96418142 7.79138899
v -1.29903805 -0.75 7.78166676
v -1.40953898 -0.51303023 7.77194452
v -1.47721159 -0.26047227 7.76222229
v -1.5 -0 7.75250006
v -1.47721159 0.26047227 7.74277782
v -1.40953898 0.51303023 7.73305559
v -1.29903805 0.75 7.72333336
v -1.14906669 0.96418142 7.71361113
v -0.96418142 1.14906669 7.70388889
v -0.75 1.29903805 7.69416666
v -0.51303023 1.40953898 7.68444443
v -0.26047227 1.47721159 7.67472219
v -0 1.5 7.66499996
v 0.22757581 1.29064655 7.86527777
v 0.44823685 1.23152065 7.85555553
v 0.65527844 1.13497555 7.8458333
v 0.84240973 1.00394487 7.83611107
v 1.00394487 0.84240973 7.82638884
v 1.13497555 0.65527844 7.8166666
v 1.23152065 0.44823685 7.80694437
v 1.29064655 0.22757581 7.79722214
v 1.31055689 0 7.7874999
v 1.29064655 -0.22757581 7.77777767
v 1.23152065 -0.44823685 7.76805544
v 1.13497555 -0.65527844 7.75833321
v 1.00394487 -0.84240973 7.74861097
v 0.84240973 -1.00394487 7.73888874
v 0.65527844 -1.13497555 7.72916651
v 0.44823685 -1.23152065 7.71944427
v 0.22757581 -1.29064655 7.70972204
v 0 -1.31055689 7.69999981
v -0.22757581 -1.29064655 7.69027758
v -0.44823685 -1.23152065 7.68055534
v -0.65527844 -1.13497555 7.67083311
v -0.84240973 -1.00394487 7.66111088
v -1.00394487 -0.84240973 7.65138865
v -1.13497555 -0.65527844 7.64166641
v -1.23152065 -0.44823685 7.63194418
v -1.29064655 -0.22757581 7.62222195
v -1.31055689 -0 7.61249971
v -1.29064655 0.22757581 7.60277748
v -1.23152065 0.44823685 7.59305525
v -1.13497555 0.65527844 7.58333302
v -1.00394487 0.84240973 7.57361078
v -0.84240973 1.00394487 7.56388855
v -0.65527844 1.13497555 7.55416632
v -0.44823685 1.23152065 7.54444408
v -0.22757581 1.29064655 7.53472233
v -0 1.31055689 7.5250001
v 0.22757581 1.29064655 7.83027744
v 0.44823685 1.23152065 7.82055521
v 0.65527844 1.13497555 7.81083298
v 0.84240973 1.00394487 7.80111074
v 1.00394487 0.84240973 7.79138899
v 1.13497555 0.65527844 7.78166676
v 1.23152065 0.44823685 7.77194452
v 1.29064655 0.22757581 7.76222229
v 1.31055689 0 7.75250006
v 1.29064655 -0.22757581 7.74277782
v 1.23152065 -0.44823685 7.73305559
v 1.13497555 -0.65527844 7.72333336
v 1.00394487 -0.84240973 7.71361113
v 0.84240973 -1.00394487 7.70388889
v 0.65527844 -1.13497555 7.69416666
v 0.44823685 -1.23152065 7.68444443
v 0.22757581 -1.29064655 7.67472219
v 0 -1.31055689 7.66499996
v -0.22757581 -1.29064655 7.65527773
v -0.44823685 -1.23152065 7.6455555
v -0.65527844 -1.13497555 7.63583326
v -0.84240973 -1.00394487 7.62611103
v -1.00394487 -0.84240973 7.6163888
v -1.13497555 -0.65527844 7.60666656
v -1.23152065 -0.44823685 7.59694433
v -1.29064655 -0.22757581 7.5872221
v -1.31055689 -0 7.57749987
v -1.29064655 0.22757581 7.56777763
v -1.23152065 0.44823685 7.5580554
v -1.13497555 0.65527844 7.54833317
v -1.00394487 0.84240973 7.53861094
v -0.84240973 1.00394487 7.5288887
v -0.65527844 1.13497555 7.51916647
v -0.44823685 1.23152065 7.50944424
v -0.22757581 1.29064655 7.499722
v -0 1.31055689 7.48999977
v 0.26047227 1.47721159 7.69027758
v 0.51303023 1.40953898 7.68055534
v 0.75 1.29903805 7.67083311
v 0.96418142 1.14906669 7.66111088
v 1.14906669 0.96418142 7.65138865
v 1.29903805 0.75 7.64166641
v 1.40953898 0.51303023 7.63194418
v 1.47721159 0.26047227 7.62222195
v 1.5 0 7.61249971
v 1.47721159 -0.26047227 7.60277748
v 1.40953898 -0.51303023 7.59305525
v 1.29903805 -0.75 7.58333302
v 1.14906669 -0.96418142 7.57361078
v 0.96418142 -1.14906669 7.56388855
v 0.75 -1.29903805 7.55416632
v 0.51303023 -1.40953898 7.54444408
v 0.26047227 -1.47721159 7.53472233
v 0 -1.5 7.5250001
v -0.26047227 -1.47721159 7.51527786
v -0.51303023 -1.40953898 7.50555563
v -0.75 -1.29903805 7.4958334
v -0.96418142 -1.14906669 7.48611116
v -1.14906669 -0.96418142 7.47638893
v -1.29903805 -0.75 7.4666667
v -1.40953898 -0.51303023 7.45694447
v -1.47721159 -0.26047227 7.44722223
v -1.5 -0 7.4375
v -1.47721159 0.26047227 7.42777777
v -1.40953898 0.51303023 7.41805553
v -1.29903805 0.75 7.4083333
v -1.14906669 0.96418142 7.39861107
v -0.96418142 1.14906669 7.38888884
v -0.75 1.29903805 7.3791666
v -0.51303023 1.40953898 7.36944437
v -0.26047227 1.47721159 7.35972214
v -0 1.5 7.3499999
v 0.26047227 1.47721159 7.65527773
v 0.51303023 1.40953898 7.6455555
v 0.75 1.29903805 7.63583326
v 0.96418142 1.14906669 7.62611103
v 1.14906669 0.96418142 7.6163888
v 1.29903805 0.75 7.60666656
v 1.40953898 0.51303023 7.59694433
v 1.47721159 0.26047227 7.5872221
v 1.5 0 7.57749987
v 1.47721159 -0.26047227 7.56777763
v 1.40953898 -0.51303023 7.5580554
v 1.29903805 -0.75 7.54833317
v 1.14906669 -0.96418142 7.53861094
v 0.96418142 -1.14906669 7.5288887
v 0.75 -1.29903805 7.51916647
v 0.51303023 -1.40953898 7.50944424
v 0.26047227 -1.47721159 7.499722
v 0 -1.5 7.48999977
v -0.26047227 -1.47721159 7.48027754
v -0.51303023 -1.40953898 7.47055531
v -0.75 -1.29903805 7.46083307
v -0.96418142 -1.14906669 7.45111084
v -1.14906669 -0.96418142 7.44138861
v -1.29903805 -0.75 7.43166637
v -1.40953898 -0.51303023 7.42194414
v -1.47721159 -0.26047227 7.41222191
v -1.5 -0 7.40249968
v -1.47721159 0.26047227 7.39277744
v -1.40953898 0.51303023 7.38305521
v -1.29903805 0.75 7.37333298
v -1.14906669 0.96418142 7.36361122
v -0.96418142 1.14906669 7.35388899
v -0.75 1.29903805 7.34416676
v -0.51303023 1.40953898 7.33444452
v -0.26047227 1.47721159 7.32472229
v -0 1.5 7.31500006
v 0.22757581 1.29064655 7.51527786
v 0.44823685 1.23152065 7.50555563
v 0.65527844 1.13497555 7.4958334
v 0.84240973 1.00394487 7.48611116
v 1.00394487 0.84240973 7.47638893
v 1.13497555 0.65527844 7.4666667
v 1.23152065 0.44823685 7.45694447
v 1.29064655 0.22757581 7.44722223
v 1.31055689 0 7.4375
v 1.29064655 -0.22757581 7.42777777
v 1.23152065 -0.44823685 7.41805553
v 1.13497555 -0.65527844 7.4083333
v 1.00394487 -0.84240973 7.39861107
v 0.84240973 -1.00394487 7.38888884
v 0.65527844 -1.13497555 7.3791666
v 0.44823685 -1.23152065 7.36944437
v 0.22757581 -1.29064655 7.35972214
v 0 -1.31055689 7.3499999
v -0.22757581 -1.29064655 7.34027767
v -0.44823685 -1.23152065 7.33055544
v -0.65527844 -1.13497555 7.32083321
v -0.84240973 -1.00394487 7.31111097
v -1.00394487 -0.84240973 7.30138874
v -1.13497555 -0.65527844 7.29166651
v -1.23152065 -0.44823685 7.28194427
v -1.29064655 -0.22757581 7.27222204
v -1.31055689 -0 7.26249981
v -1.29064655 0.22757581 7.25277758
v -1.23152065 0.44823685 7.24305534
v -1.13497555 0.65527844 7.23333311
v -1.00394487 0.84240973 7.22361088
v -0.84240973 1.00394487 7.21388865
v -0.65527844 1.13497555 7.20416641
v -0.44823685 1.23152065 7.19444418
v -0.22757581 1.29064655 7.18472195
v -0 1.31055689 7.17499971
v 0.22757581 1.29064655 7.48027754
v 0.44823685 1.23152065 7.47055531
v 0.65527844 1.13497555 7.46083307
v 0.84240973 1.00394487 7.45111084
v 1.00394487 0.84240973 7.44138861
v 1.13497555 0.65527844 7.43166637
v 1.23152065 0.44823685 7.42194414
v 1.29064655 0.22757581 7.41222191
v 1.31055689 0 7.40249968
v 1.29064655 -0.22757581 7.39277744
v 1.23152065 -0.44823685 7.38305521
v 1.13497555 -0.65527844 7.37333298
v 1.00394487 -0.84240973 7.36361122
v 0.84240973 -1.00394487 7.35388899
v 0.65527844 -1.13497555 7.34416676
v 0.44823685 -1.23152065 7.33444452
v 0.22757581 -1.29064655 7.32472229
v 0 -1.31055689 7.31500006
v -0.22757581 -1.29064655 7.30527782
v -0.44823685 -1.23152065 7.29555559
v -0.65527844 -1.13497555 7.28583336
v -0.84240973 -1.00394487 7.27611113
v -1.00394487 -0.84240973 7.26638889
v -1.13497555 -0.65527844 7.25666666
v -1.23152065 -0.44823685 7.24694443
v -1.29064655 -0.22757581 7.23722219
v -1.31055689 -0 7.22749996
v -1.29064655 0.22757581 7.21777773
v -1.23152065 0.44823685 7.2080555
v -1.13497555 0.65527844 7.19833326
v -1.00394487 0.84240973 7.18861103
v -0.84240973 1.00394487 7.1788888
v -0.65527844 1.13497555 7.16916656
v -0.44823685 1.23152065 7.15944433
v -0.22757581 1.29064655 7.1497221
v -0 1.31055689 7.13999987
v 0.26047227 1.47721159 7.34027767
v 0.51303023 1.40953898 7.33055544
v 0.75 1.29903805 7.32083321
v 0.96418142 1.14906669 7.31111097
v 1.14906669 0.96418142 7.30138874
v 1.29903805 0.75 7.29166651
v 1.40953898 0.51303023 7.28194427
v 1.47721159 0.26047227 7.27222204
v 1.5 0 7.26249981
v 1.47721159 -0.26047227 7.25277758
v 1.40953898 -0.51303023 7.24305534
v 1.29903805 -0.75 7.23333311
v 1.14906669 -0.96418142 7.22361088
v 0.96418142 -1.14906669 7.21388865
v 0.75 -1.29903805 7.20416641
v 0.51303023 -1.40953898 7.19444418
v 0.26047227 -1.47721159 7.18472195
v 0 -1.5 7.17499971
v -0.26047227 -1.47721159 7.16527748
v -0.51303023 -1.40953898 7.15555525
v -0.75 -1.29903805 7.14583302
v -0.96418142 -1.14906669 7.13611078
v -1.14906669 -0.96418142 7.12638855
v -1.29903805 -0.75 7.11666632
v -1.40953898 -0.51303023 7.10694456
v -1.47721159 -0.26047227 7.09722233
v -1.5 -0 7.0875001
v -1.47721159 0.26047227 7.07777786
v -1.40953898 0.51303023 7.06805563
v -1.29903805 0.75 7.0583334
v -1.14906669 0.96418142 7.04861116
v -0.96418142 1.14906669 7.03888893
v -0.75 1.29903805 7.0291667
v -0.51303023 1.40953898 7.01944447
v -0.26047227 1.47721159 7.00972223
v -0 1.5 7
v 0.26047227 1.47721159 7.30527782
v 0.51303023 1.40953898 7.29555559
v 0.75 1.29903805 7.28583336
v 0.96418142 1.14906669 7.27611113
v 1.14906669 0.96418142 7.26638889
v 1.29903805 0.75 7.25666666
v 1.40953898 0.51303023 7.24694443
v 1.47721159 0.26047227 7.23722219
v 1.5 0 7.22749996
v 1.47721159 -0.26047227 7.21777773
v 1.40953898 -0.51303023 7.2080555
v 1.29903805 -0.75 7.19833326
v 1.14906669 -0.96418142 7.18861103
v 0.96418142 -1.14906669 7.1788888
v 0.75 -1.29903805 7.16916656
v 0.51303023 -1.40953898 7.15944433
v 0.26047227 -1.47721159 7.1497221
v 0 -1.5 7.13999987
v -0.26047227 -1.47721159 7.13027763
v -0.51303023 -1.40953898 7.1205554
v -0.75 -1.29903805 7.11083317
v -0.96418142 -1.14906669 7.10111094
v -1.14906669 -0.96418142 7.0913887
v -1.29903805 -0.75 7.08166647
v -1.40953898 -0.51303023 7.07194424
v -1.47721159 -0.26047227 7.062222
v -1.5 -0 7.05249977
v -1.47721159 0.26047227 7.04277754
v -1.40953898 0.51303023 7.03305531
v -1.29903805 0.75 7.02333307
v -1.14906669 0.96418142 7.01361084
v -0.96418142 1.14906669 7.00388861
v -0.75 1.29903805 6.99416637
v -0.51303023 1.40953898 6.98444414
v -0.26047227 1.47721159 6.97472191
v -0 1.5 6.96499968
v 0.22757581 1.29064655 7.16527748
v 0.44823685 1.23152065 7.15555525
v 0.65527844 1.13497555 7.14583302
v 0.84240973 1.00394487 7.13611078
v 1.00394487 0.84240973 7.12638855
v 1.13497555 0.65527844 7.11666632
v 1.23152065 0.44823685 7.10694456
v 1.29064655 0.22757581 7.09722233
v 1.31055689 0 7.0875001
v 1.29064655 -0.22757581 7.07777786
v 1.23152065 -0.44823685 7.06805563
v 1.13497555 -0.65527844 7.0583334
v 1.00394487 -0.84240973 7.04861116
v 0.84240973 -1.00394487 7.03888893
v 0.65527844 -1.13497555 7.0291667
v 0.44823685 -1.23152065 7.01944447
v 0.22757581 -1.29064655 7.00972223
v 0 -1.31055689 7
v -0.22757581 -1.29064655 6.99027777
v -0.44823685 -1.23152065 6.98055553
v -0.65527844 -1.13497555 6.9708333
v -0.84240973 -1.00394487 6.96111107
v -1.00394487 -0.84240973 6.95138884
v -1.13497555 -0.65527844 6.9416666
v -1.23152065 -0.44823685 6.93194437
v -1.29064655 -0.22757581 6.92222214
v -1.31055689 -0 6.9124999
v -1.29064655 0.22757581 6.90277767
v -1.23152065 0.44823685 6.89305544
v -1.13497555 0.65527844 6.88333321
v -1.00394487 0.84240973 6.87361097
v -0.84240973 1.00394487 6.86388874
v -0.65527844 1.13497555 6.85416651
v -0.44823685 1.23152065 6.84444427
v -0.22757581 1.29064655 6.83472204
v -0 1.31055689 6.82499981
v 0.22757581 1.29064655 7.13027763
v 0.44823685 1.23152065 7.1205554
v 0.65527844 1.13497555 7.11083317
v 0.84240973 1.00394487 7.10111094
v 1.00394487 0.84240973 7.0913887
v 1.13497555 0.65527844 7.08166647
v 1.23152065 0.44823685 7.07194424
v 1.29064655 0.22757581 7.062222
v 1.31055689 0 7.05249977
v 1.29064655 -0.22757581 7.04277754
v 1.23152065 -0.44823685 7.03305531
v 1.13497555 -0.65527844 7.02333307
v 1.00394487 -0.84240973 7.01361084
v 0.84240973 -1.00394487 7.00388861
v 0.65527844 -1.13497555 6.99416637
v 0.44823685 -1.23152065 6.98444414
v 0.22757581 -1.29064655 6.97472191
v 0 -1.31055689 6.96499968
v -0.22757581 -1.29064655 6.95527744
v -0.44823685 -1.23152065 6.94555521
v -0.65527844 -1.13497555 6.93583298
v -0.84240973 -1.00394487 6.92611122
v -1.00394487 -0.84240973 6.91638899
v -1.13497555 -0.65527844 6.90666676
v -1.23152065 -0.44823685 6.89694452
v -1.29064655 -0.22757581 6.88722229
v -1.31055689 -0 6.87750006
v -1.29064655 0.22757581 6.86777782
v -1.23152065 0.44823685 6.85805559
v -1.13497555 0.65527844 6.84833336
v -1.00394487 0.84240973 6.83861113
v -0.84240973 1.00394487 6.82888889
v -0.65527844 1.13497555 6.81916666
v -0.44823685 1.23152065 6.80944443
v -0.22757581 1.29064655 6.79972219
v -0 1.31055689 6.78999996
v 0.26047227 1.47721159 6.99027777
v 0.51303023 1.40953898 6.98055553
v 0.75 1.29903805 6.9708333
v 0.96418142 1.14906669 6.96111107
v 1.14906669 0.96418142 6.95138884
v 1.29903805 0.75 6.9416666
v 1.40953898 0.51303023 6.93194437
v 1.47721159 0.26047227 6.92222214
v 1.5 0 6.9124999
v 1.47721159 -0.26047227 6.90277767
v 1.40953898 -0.51303023 6.89305544
v 1.29903805 -0.75 6.88333321
v 1.14906669 -0.96418142 6.87361097
v 0.96418142 -1.14906669 6.86388874
v 0.75 -1.29903805 6.85416651
v 0.51303023 -1.40953898 6.84444427
v 0.26047227 -1.47721159 6.83472204
v 0 -1.5 6.82499981
v -0.26047227 -1.47721159 6.81527758
v -0.51303023 -1.40953898 6.80555534
v -0.75 -1.29903805 6.79583311
v -0.96418142 -1.14906669 6.78611088
v -1.14906669 -0.96418142 6.77638865
v -1.29903805 -0.75 6.76666641
v -1.40953898 -0.51303023 6.75694418
v -1.47721159 -0.26047227 6.74722195
v -1.5 -0 6.73749971
v -1.47721159 0.26047227 6.72777748
v -1.40953898 0.51303023 6.71805525
v -1.29903805 0.75 6.70833302
v -1.14906669 0.96418142 6.69861078
v -0.96418142 1.14906669 6.68888855
v -0.75 1.29903805 6.67916632
v -0.51303023 1.40953898 6.66944456
v -0.26047227 1.47721159 6.65972233
v -0 1.5 6.6500001
v 0.26047227 1.47721159 6.95527744
v 0.51303023 1.40953898 6.94555521
v 0.75 1.29903805 6.93583298
v 0.96418142 1.14906669 6.92611122
v 1.14906669 0.96418142 6.91638899
v 1.29903805 0.75 6.90666676
v 1.40953898 0.51303023 6.89694452
v 1.47721159 0.26047227 6.88722229
v 1.5 0 6.87750006
v 1.47721159 -0.26047227 6.86777782
v 1.40953898 -0.51303023 6.85805559
v 1.29903805 -0.75 6.84833336
v 1.14906669 -0.96418142 6.83861113
v 0.96418142 -1.14906669 6.82888889
v 0.75 -1.29903805 6.81916666
v 0.51303023 -1.40953898 6.80944443
v 0.26047227 -1.47721159 6.79972219
v 0 -1.5 6.78999996
v -0.26047227 -1.47721159 6.78027773
v -0.51303023 -1.40953898 6.7705555
v -0.75 -1.29903805 6.76083326
v -0.96418142 -1.14906669 6.75111103
v -1.14906669 -0.96418142 6.7413888
v -1.29903805 -0.75 6.73166656
v -1.40953898 -0.51303023 6.72194433
v -1.47721159 -0.26047227 6.7122221
v -1.5 -0 6.70249987
v -1.47721159 0.26047227 6.69277763
v -1.40953898 0.51303023 6.6830554
v -1.29903805 0.75 6.67333317
v -1.14906669 0.96418142 6.66361094
v -0.96418142 1.14906669 6.6538887
v -0.75 1.29903805 6.64416647
v -0.51303023 1.40953898 6.63444424
v -0.26047227 1.47721159 6.624722
v -0 1.5 6.61499977
v 0.22757581 1.29064655 6.81527758
v 0.44823685 1.23152065 6.80555534
v 0.65527844 1.13497555 6.79583311
v 0.84240973 1.00394487 6.78611088
v 1.00394487 0.84240973 6.77638865
v 1.13497555 0.65527844 6.76666641
v 1.23152065 0.44823685 6.75694418
v 1.29064655 0.22757581 6.74722195
v 1.31055689 0 6.73749971
v 1.29064655 -0.22757581 6.72777748
v 1.23152065 -0.44823685 6.71805525
v 1.13497555 -0.65527844 6.70833302
v 1.00394487 -0.84240973 6.69861078
v 0.84240973 -1.00394487 6.68888855
v 0.65527844 -1.13497555 6.67916632
v 0.44823685 -1.23152065 6.66944456
v 0.22757581 -1.29064655 6.65972233
v 0 -1.31055689 6.6500001
v -0.22757581 -1.29064655 6.64027786
v -0.44823685 -1.23152065 6.63055563
v -0.65527844 -1.13497555 6.6208334
v -0.84240973 -1.00394487 6.61111116
v -1.00394487 -0.84240973 6.60138893
v -1.13497555 -0.65527844 6.5916667
v -1.23152065 -0.44823685 6.58194447
v -1.29064655 -0.22757581 6.57222223
v -1.31055689 -0 6.5625
v -1.29064655 0.22757581 6.55277777
v -1.23152065 0.44823685 6.54305553
v -1.13497555 0.65527844 6.5333333
v -1.00394487 0.84240973 6.52361107
v -0.84240973 1.00394487 6.51388884
v -0.65527844 1.13497555 6.5041666
v -0.44823685 1.23152065 6.49444437
v -0.22757581 1.29064655 6.48472214
v -0 1.31055689 6.4749999
v 0.22757581 1.29064655 6.78027773
v 0.44823685 1.23152065 6.7705555
v 0.65527844 1.13497555 6.76083326
v 0.84240973 1.00394487 6.75111103
v 1.00394487 0.84240973 6.7413888
v 1.13497555 0.65527844 6.73166656
v 1.23152065 0.44823685 6.72194433
v 1.29064655 0.22757581 6.7122221
v 1.31055689 0 6.70249987
v 1.29064655 -0.22757581 6.69277763
v 1.23152065 -0.44823685 6.6830554
v 1.13497555 -0.65527844 6.67333317
v 1.00394487 -0.84240973 6.66361094
v 0.84240973 -1.00394487 6.6538887
v 0.65527844 -1.13497555 6.64416647
v 0.44823685 -1.23152065 6.63444424
v 0.22757581 -1.29064655 6.624722
v 0 -1.31055689 6.61499977
v -0.22757581 -1.29064655 6.60527754
v -0.44823685 -1.23152065 6.59555531
v -0.65527844 -1.13497555 6.58583307
v -0.84240973 -1.00394487 6.57611084
v -1.00394487 -0.84240973 6.56638861
v -1.13497555 -0.65527844 6.55666637
v -1.23152065 -0.44823685 6.54694414
v -1.29064655 -0.22757581 6.53722191
v -1.31055689 -0 6.52749968
v -1.29064655 0.22757581 6.51777744
v -1.23152065 0.44823685 6.50805521
v -1.13497555 0.65527844 6.49833345
v -1.00394487 0.84240973 6.48861122
v -0.84240973 1.00394487 6.47888899
v -0.65527844 1.13497555 6.46916676
v -0.44823685 1.23152065 6.45944452
v -0.22757581 1.29064655 6.44972229
v -0 1.31055689 6.44000006
v 0.26047227 1.47721159 6.64027786
v 0.51303023 1.40953898 6.63055563
v 0.75 1.29903805 6.6208334
v 0.96418142 1.14906669 6.61111116
v 1.14906669 0.96418142 6.60138893
v 1.29903805 0.75 6.5916667
v 1.40953898 0.51303023 6.58194447
v 1.47721159 0.26047227 6.57222223
v 1.5 0 6.5625
v 1.47721159 -0.26047227 6.55277777
v 1.40953898 -0.51303023 6.54305553
v 1.29903805 -0.75 6.5333333
v 1.14906669 -0.96418142 6.52361107
v 0.96418142 -1.14906669 6.51388884
v 0.75 -1.29903805 6.5041666
v 0.51303023 -1.40953898 6.49444437
v 0.26047227 -1.47721159 6.48472214
v 0 -1.5 6.4749999
v -0.26047227 -1.47721159 6.46527767
v -0.51303023 -1.40953898 6.45555544
v -0.75 -1.29903805 6.44583321
v -0.96418142 -1.14906669 6.43611097
v -1.14906669 -0.96418142 6.42638874
v -1.29903805 -0.75 6.41666651
v -1.40953898 -0.51303023 6.40694427
v -1.47721159 -0.26047227 6.39722204
v -1.5 -0 6.38749981
v -1.47721159 0.26047227 6.37777758
v -1.40953898 0.51303023 6.36805534
v -1.29903805 0.75 6.35833311
v -1.14906669 0.96418142 6.34861088
v -0.96418142 1.14906669 6.33888865
v -0.75 1.29903805 6.32916641
v -0.51303023 1.40953898 6.31944418
v -0.26047227 1.47721159 6.30972195
v -0 1.5 6.29999971
v 0.26047227 1.47721159 6.60527754
v 0.51303023 1.40953898 6.59555531
v 0.75 1.29903805 6.58583307
v 0.96418142 1.14906669 6.57611084
v 1.14906669 0.96418142 6.56638861
v 1.29903805 0.75 6.55666637
v 1.40953898 0.51303023 6.54694414
v 1.47721159 0.26047227 6.53722191
v 1.5 0 6.52749968
v 1.47721159 -0.26047227 6.51777744
v 1.40953898 -0.51303023 6.50805521
v 1.29903805 -0.75 6.49833345
v 1.14906669 -0.96418142 6.48861122
v 0.96418142 -1.14906669 6.47888899
v 0.75 -1.29903805 6.46916676
v 0.51303023 -1.40953898 6.45944452
v 0.26047227 -1.47721159 6.44972229
v 0 -1.5 6.44000006
v -0.26047227 -1.47721159 6.43027782
v -0.51303023 -1.40953898 6.42055559
v -0.75 -1.29903805 6.41083336
v -0.96418142 -1.14906669 6.40111113
v -1.14906669 -0.96418142 6.39138889
v -1.29903805 -0.75 6.38166666
v -1.40953898 -0.51303023 6.37194443
v -1.47721159 -0.26047227 6.36222219
v -1.5 -0 6.35249996
v -1.47721159 0.26047227 6.34277773
v -1.40953898 0.51303023 6.3330555
v -1.29903805 0.75 6.32333326
v -1.14906669 0.96418142 6.31361103
v -0.96418142 1.14906669 6.3038888
v -0.75 1.29903805 6.29416656
v -0.51303023 1.40953898 6.28444433
v -0.26047227 1.47721159 6.2747221
v -0 1.5 6.26499987
v 0.22757581 1.29064655 6.46527767
v 0.44823685 1.23152065 6.45555544
v 0.65527844 1.13497555 6.44583321
v 0.84240973 1.00394487 6.43611097
v 1.00394487 0.84240973 6.42638874
v 1.13497555 0.65527844 6.41666651
v 1.23152065 0.44823685 6.40694427
v 1.29064655 0.22757581 6.39722204
v 1.31055689 0 6.38749981
v 1.29064655 -0.22757581 6.37777758
v 1.23152065 -0.44823685 6.36805534
v 1.13497555 -0.65527844 6.35833311
v 1.00394487 -0.84240973 6.34861088
v 0.84240973 -1.00394487 6.33888865
v 0.65527844 -1.13497555 6.32916641
v 0.44823685 -1.23152065 6.31944418
v 0.22757581 -1.29064655 6.30972195
v 0 -1.31055689 6.29999971
v -0.22757581 -1.29064655 6.29027748
v -0.44823685 -1.23152065 6.28055525
v -0.65527844 -1.13497555 6.27083302
v -0.84240973 -1.00394487 6.26111078
v -1.00394487 -0.84240973 6.25138855
v -1.13497555 -0.65527844 6.24166679
v -1.23152065 -0.44823685 6.23194456
v -1.29064655 -0.22757581 6.22222233
v -1.31055689 -0 6.2125001
v -1.29064655 0.22757581 6.20277786
v -1.23152065 0.44823685 6.19305563
v -1.13497555 0.65527844 6.1833334
v -1.00394487 0.84240973 6.17361116
v -0.84240973 1.00394487 6.16388893
v -0.65527844 1.13497555 6.1541667
v -0.44823685 1.23152065 6.14444447
v -0.22757581 1.29064655 6.13472223
v -0 1.31055689 6.125
v 0.22757581 1.29064655 6.43027782
v 0.44823685 1.23152065 6.42055559
v 0.65527844 1.13497555 6.41083336
v 0.84240973 1.00394487 6.40111113
v 1.00394487 0.84240973 6.39138889
v 1.13497555 0.65527844 6.38166666
v 1.23152065 0.44823685 6.37194443
v 1.29064655 0.22757581 6.36222219
v 1.31055689 0 6.35249996
v 1.29064655 -0.22757581 6.34277773
v 1.23152065 -0.44823685 6.3330555
v 1.13497555 -0.65527844 6.32333326
v 1.00394487 -0.84240973 6.31361103
v 0.84240973 -1.00394487 6.3038888
v 0.65527844 -1.13497555 6.29416656
v 0.44823685 -1.23152065 6.28444433
v 0.22757581 -1.29064655 6.2747221
v 0 -1.31055689 6.26499987
v -0.22757581 -1.29064655 6.25527763
v -0.44823685 -1.23152065 6.2455554
v -0.65527844 -1.13497555 6.23583317
v -0.84240973 -1.00394487 6.22611094
v -1.00394487 -0.84240973 6.2163887
v -1.13497555 -0.65527844 6.20666647
v -1.23152065 -0.44823685 6.19694424
v -1.29064655 -0.22757581 6.187222
v -1.31055689 -0 6.17749977
v -1.29064655 0.22757581 6.16777754
v -1.23152065 0.44823685 6.15805531
v -1.13497555 0.65527844 6.14833307
v -1.00394487 0.84240973 6.13861084
v -0.84240973 1.00394487 6.12888861
v -0.65527844 1.13497555 6.11916637
v -0.44823685 1.23152065 6.10944414
v -0.22757581 1.29064655 6.09972191
v -0 1.31055689 6.08999968
v 0.26047227 1.47721159 6.29027748
v 0.51303023 1.40953898 6.28055525
v 0.75 1.29903805 6.27083302
v 0.96418142 1.14906669 6.26111078
v 1.14906669 0.96418142 6.25138855
v 1.29903805 0.75 6.24166679
v 1.40953898 0.51303023 6.23194456
v 1.47721159 0.26047227 6.22222233
v 1.5 0 6.2125001
v 1.47721159 -0.26047227 6.20277786
v 1.40953898 -0.51303023 6.19305563
v 1.29903805 -0.75 6.1833334
v 1.14906669 -0.96418142 6.17361116
v 0.96418142 -1.14906669 6.16388893
v 0.75 -1.29903805 6.1541667
v 0.51303023 -1.40953898 6.14444447
v 0.26047227 -1.47721159 6.13472223
v 0 -1.5 6.125
v -0.26047227 -1.47721159 6.11527777
v -0.51303023 -1.40953898 6.10555553
v -0.75 -1.29903805 6.0958333
v -0.96418142 -1.14906669 6.08611107
v -1.14906669 -0.96418142 6.07638884
v -1.29903805 -0.75 6.0666666
v -1.40953898 -0.51303023 6.05694437
v -1.47721159 -0.26047227 6.04722214
v -1.5 -0 6.0374999
v -1.47721159 0.26047227 6.02777767
v -1.40953898 0.51303023 6.01805544
v -1.29903805 0.75 6.00833321
v -1.14906669 0.96418142 5.99861097
v -0.96418142 1.14906669 5.98888874
v -0.75 1.29903805 5.97916651
v -0.51303023 1.40953898 5.96944427
v -0.26047227 1.47721159 5.95972204
v -0 1.5 5.94999981
v 0.26047227 1.47721159 6.25527763
v 0.51303023 1.40953898 6.2455554
v 0.75 1.29903805 6.23583317
v 0.96418142 1.14906669 6.22611094
v 1.14906669 0.96418142 6.2163887
v 1.29903805 0.75 6.20666647
v 1.40953898 0.51303023 6.19694424
v 1.47721159 0.26047227 6.187222
v 1.5 0 6.17749977
v 1.47721159 -0.26047227 6.16777754
v 1.40953898 -0.51303023 6.15805531
v 1.29903805 -0.75 6.14833307
v 1.14906669 -0.96418142 6.13861084
v 0.96418142 -1.14906669 6.12888861
v 0.75 -1.29903805 6.11916637
v 0.51303023 -1.40953898 6.10944414
v 0.26047227 -1.47721159 6.09972191
v 0 -1.5 6.08999968
v -0.26047227 -1.47721159 6.08027744
v -0.51303023 -1.40953898 6.07055569
v -0.75 -1.29903805 6.06083345
v -0.96418142 -1.14906669 6.05111122
v -1.14906669 -0.96418142 6.04138899
v -1.29903805 -0.75 6.03166676
v -1.40953898 -0.51303023 6.02194452
v -1.47721159 -0.26047227 6.01222229
v -1.5 -0 6.00250006
v -1.47721159 0.26047227 5.99277782
v -1.40953898 0.51303023 5.98305559
v -1.29903805 0.75 5.97333336
v -1.14906669 0.96418142 5.96361113
v -0.96418142 1.14906669 5.95388889
v -0.75 1.29903805 5.94416666
v -0.51303023 1.40953898 5.93444443
v -0.26047227 1.47721159 5.92472219
v -0 1.5 5.91499996
v 0.22757581 1.29064655 6.11527777
v 0.44823685 1.23152065 6.10555553
v 0.65527844 1.13497555 6.0958333
v 0.84240973 1.00394487 6.08611107
v 1.00394487 0.84240973 6.07638884
v 1.13497555 0.65527844 6.0666666
v 1.23152065 0.44823685 6.05694437
v 1.29064655 0.22757581 6.04722214
v 1.31055689 0 6.0374999
v 1.29064655 -0.22757581 6.02777767
v 1.23152065 -0.44823685 6.01805544
v 1.13497555 -0.65527844 6.00833321
v 1.00394487 -0.84240973 5.99861097
v 0.84240973 -1.00394487 5.98888874
v 0.65527844 -1.13497555 5.97916651
v 0.44823685 -1.23152065 5.96944427
v 0.22757581 -1.29064655 5.95972204
v 0 -1.31055689 5.94999981
v -0.22757581 -1.29064655 5.94027758
v -0.44823685 -1.23152065 5.93055534
v -0.65527844 -1.13497555 5.92083311
v -0.84240973 -1.00394487 5.91111088
v -1.00394487 -0.84240973 5.90138865
v -1.13497555 -0.65527844 5.89166641
v -1.23152065 -0.44823685 5.88194418
v -1.29064655 -0.22757581 5.87222195
v -1.31055689 -0 5.86249971
v -1.29064655 0.22757581 5.85277748
v -1.23152065 0.44823685 5.84305525
v -1.13497555 0.65527844 5.83333302
v -1.00394487 0.84240973 5.82361078
v -0.84240973 1.00394487 5.81388903
v -0.65527844 1.13497555 5.80416679
v -0.44823685 1.23152065 5.79444456
v -0.22757581 1.29064655 5.78472233
v -0 1.31055689 5.7750001
v 0.22757581 1.29064655 6.08027744
v 0.44823685 1.23152065 6.07055569
v 0.65527844 1.13497555 6.06083345
v 0.84240973 1.00394487 6.05111122
v 1.00394487 0.84240973 6.04138899
v 1.13497555 0.65527844 6.03166676
v 1.23152065 0.44823685 6.02194452
v 1.29064655 0.22757581 6.01222229
v 1.31055689 0 6.00250006
v 1.29064655 -0.22757581 5.99277782
v 1.23152065 -0.44823685 5.98305559
v 1.13497555 -0.65527844 5.97333336
v 1.00394487 -0.84240973 5.96361113
v 0.84240973 -1.00394487 5.95388889
v 0.65527844 -1.13497555 5.94416666
v 0.44823685 -1.23152065 5.93444443
v 0.22757581 -1.29064655 5.92472219
v 0 -1.31055689 5.91499996
v -0.22757581 -1.29064655 5.90527773
v -0.44823685 -1.23152065 5.8955555
v -0.65527844 -1.13497555 5.88583326
v -0.84240973 -1.00394487 5.87611103
v -1.00394487 -0.84240973 5.8663888
v -1.13497555 -0.65527844 5.85666656
v -1.23152065 -0.44823685 5.84694433
v -1.29064655 -0.22757581 5.8372221
v -1.31055689 -0 5.82749987
v -1.29064655 0.22757581 5.81777763
v -1.23152065 0.44823685 5.8080554
v -1.13497555 0.65527844 5.79833317
v -1.00394487 0.84240973 5.78861094
v -0.84240973 1.00394487 5.7788887
v -0.65527844 1.13497555 5.76916647
v -0.44823685 1.23152065 5.75944424
v -0.22757581 1.29064655 5.749722
v -0 1.31055689 5.73999977
v 0.26047227 1.47721159 5.94027758
v 0.51303023 1.40953898 5.93055534
v 0.75 1.29903805 5.92083311
v 0.96418142 1.14906669 5.91111088
v 1.14906669 0.96418142 5.90138865
v 1.29903805 0.75 5.89166641
v 1.40953898 0.51303023 5.88194418
v 1.47721159 0.26047227 5.87222195
v 1.5 0 5.86249971
v 1.47721159 -0.26047227 5.85277748
v 1.40953898 -0.51303023 5.84305525
v 1.29903805 -0.75 5.83333302
v 1.14906669 -0.96418142 5.82361078
v 0.96418142 -1.14906669 5.81388903
v 0.75 -1.29903805 5.80416679
v 0.51303023 -1.40953898 5.79444456
v 0.26047227 -1.47721159 5.78472233
v 0 -1.5 5.7750001
v -0.26047227 -1.47721159 5.76527786
v -0.51303023 -1.40953898 5.75555563
v -0.75 -1.29903805 5.7458334
v -0.96418142 -1.14906669 5.73611116
v -1.14906669 -0.96418142 5.72638893
v -1.29903805 -0.75 5.7166667
v -1.40953898 -0.51303023 5.70694447
v -1.47721159 -0.26047227 5.69722223
v -1.5 -0 5.6875
v -1.47721159 0.26047227 5.67777777
v -1.40953898 0.51303023 5.66805553
v -1.29903805 0.75 5.6583333
v -1.14906669 0.96418142 5.64861107
v -0.96418142 1.14906669 5.63888884
v -0.75 1.29903805 5.6291666
v -0.51303023 1.40953898 5.61944437
v -0.26047227 1.47721159 5.60972214
v -0 1.5 5.5999999
v 0.26047227 1.47721159 5.90527773
v 0.51303023 1.40953898 5.8955555
v 0.75 1.29903805 5.88583326
v 0.96418142 1.14906669 5.87611103
v 1.14906669 0.96418142 5.8663888
v 1.29903805 0.75 5.85666656
v 1.40953898 0.51303023 5.84694433
v 1.47721159 0.26047227 5.8372221
v 1.5 0 5.82749987
v 1.47721159 -0.26047227 5.81777763
v 1.40953898 -0.51303023 5.8080554
v 1.29903805 -0.75 5.79833317
v 1.14906669 -0.96418142 5.78861094
v 0.96418142 -1.14906669 5.7788887
v 0.75 -1.29903805 5.76916647
v 0.51303023 -1.40953898 5.75944424
v 0.26047227 -1.47721159 5.749722
v 0 -1.5 5.73999977
v -0.26047227 -1.47721159 5.73027754
v -0.51303023 -1.40953898 5.72055531
v -0.75 -1.29903805 5.71083307
v -0.96418142 -1.14906669 5.70111084
v -1.14906669 -0.96418142 5.69138861
v -1.29903805 -0.75 5.68166637
v -1.40953898 -0.51303023 5.67194414
v -1.47721159 -0.26047227 5.66222191
v -1.5 -0 5.65249968
v -1.47721159 0.26047227 5.64277792
v -1.40953898 0.51303023 5.63305569
v -1.29903805 0.75 5.62333345
v -1.14906669 0.96418142 5.61361122
v -0.96418142 1.14906669 5.60388899
v -0.75 1.29903805 5.59416676
v -0.51303023 1.40953898 5.58444452
v -0.26047227 1.47721159 5.57472229
v -0 1.5 5.56500006
v 0.22757581 1.29064655 5.76527786
v 0.44823685 1.23152065 5.75555563
v 0.65527844 1.13497555 5.7458334
v 0.84240973 1.00394487 5.73611116
v 1.00394487 0.84240973 5.72638893
v 1.13497555 0.65527844 5.7166667
v 1.23152065 0.44823685 5.70694447
v 1.29064655 0.22757581 5.69722223
v 1.31055689 0 5.6875
v 1.29064655 -0.22757581 5.67777777
v 1.23152065 -0.44823685 5.66805553
v 1.13497555 -0.65527844 5.6583333
v 1.00394487 -0.84240973 5.64861107
v 0.84240973 -1.00394487 5.63888884
v 0.65527844 -1.13497555 5.6291666
v 0.44823685 -1.23152065 5.61944437
v 0.22757581 -1.29064655 5.60972214
v 0 -1.31055689 5.5999999
v -0.22757581 -1.29064655 5.59027767
v -0.44823685 -1.23152065 5.58055544
v -0.65527844 -1.13497555 5.57083321
v -0.84240973 -1.00394487 5.56111097
v -1.00394487 -0.84240973 5.55138874
v -1.13497555 -0.65527844 5.54166651
v -1.23152065 -0.44823685 5.53194427
v -1.29064655 -0.22757581 5.52222204
v -1.31055689 -0 5.51249981
v -1.29064655 0.22757581 5.50277758
v -1.23152065 0.44823685 5.49305534
v -1.13497555 0.65527844 5.48333311
v -1.00394487 0.84240973 5.47361088
v -0.84240973 1.00394487 5.46388865
v -0.65527844 1.13497555 5.45416641
v -0.44823685 1.23152065 5.44444418
v -0.22757581 1.29064655 5.43472195
v -0 1.31055689 5.42499971
v 0.22757581 1.29064655 5.73027754
v 0.44823685 1.23152065 5.72055531
v 0.65527844 1.13497555 5.71083307
v 0.84240973 1.00394487 5.70111084
v 1.00394487 0.84240973 5.69138861
v 1.13497555 0.65527844 5.68166637
v 1.23152065 0.44823685 5.67194414
v 1.29064655 0.22757581 5.66222191
v 1.31055689 0 5.65249968
v 1.29064655 -0.22757581 5.64277792
v 1.23152065 -0.44823685 5.63305569
v 1.13497555 -0.65527844 5.62333345
v 1.00394487 -0.84240973 5.61361122
v 0.84240973 -1.00394487 5.60388899
v 0.65527844 -1.13497555 5.59416676
v 0.44823685 -1.23152065 5.58444452
v 0.22757581 -1.29064655 5.57472229
v 0 -1.31055689 5.56500006
v -0.22757581 -1.29064655 5.55527782
v -0.44823685 -1.23152065 5.54555559
v -0.65527844 -1.13497555 5.53583336
v -0.84240973 -1.00394487 5.52611113
v -1.00394487 -0.84240973 5.51638889
v -1.13497555 -0.65527844 5.50666666
v -1.23152065 -0.44823685 5.49694443
v -1.29064655 -0.22757581 5.48722219
v -1.31055689 -0 5.47749996
v -1.29064655 0.22757581 5.46777773
v -1.23152065 0.44823685 5.4580555
v -1.13497555 0.65527844 5.44833326
v -1.00394487 0.84240973 5.43861103
v -0.84240973 1.00394487 5.4288888
v -0.65527844 1.13497555 5.41916656
v -0.44823685 1.23152065 5.40944433
v -0.22757581 1.29064655 5.3997221
v -0 1.31055689 5.38999987
v 0.26047227 1.47721159 5.59027767
v 0.51303023 1.40953898 5.58055544
v 0.75 1.29903805 5.57083321
v 0.96418142 1.14906669 5.56111097
v 1.14906669 0.96418142 5.55138874
v 1.29903805 0.75 5.54166651
v 1.40953898 0.51303023 5.53194427
v 1.47721159 0.26047227 5.52222204
v 1.5 0 5.51249981
v 1.47721159 -0.26047227 5.50277758
v 1.40953898 -0.51303023 5.49305534
v 1.29903805 -0.75 5.48333311
v 1.14906669 -0.96418142 5.47361088
v 0.96418142 -1.14906669 5.46388865
v 0.75 -1.29903805 5.45416641
v 0.51303023 -1.40953898 5.44444418
v 0.26047227 -1.47721159 5.43472195
v 0 -1.5 5.42499971
v -0.26047227 -1.47721159 5.41527748
v -0.51303023 -1.40953898 5.40555525
v -0.75 -1.29903805 5.39583302
v -0.96418142 -1.14906669 5.38611078
v -1.14906669 -0.96418142 5.37638903
v -1.29903805 -0.75 5.36666679
v -1.40953898 -0.51303023 5.35694456
v -1.47721159 -0.26047227 5.34722233
v -1.5 -0 5.3375001
v -1.47721159 0.26047227 5.32777786
v -1.40953898 0.51303023 5.31805563
v -1.29903805 0.75 5.3083334
v -1.14906669 0.96418142 5.29861116
v -0.96418142 1.14906669 5.28888893
v -0.75 1.29903805 5.2791667
v -0.51303023 1.40953898 5.26944447
v -0.26047227 1.47721159 5.25972223
v -0 1.5 5.25
v 0.26047227 1.47721159 5.55527782
v 0.51303023 1.40953898 5.54555559
v 0.75 1.29903805 5.53583336
v 0.96418142 1.14906669 5.52611113
v 1.14906669 0.96418142 5.51638889
v 1.29903805 0.75 5.50666666
v 1.40953898 0.51303023 5.49694443
v 1.47721159 0.26047227 5.48722219
v 1.5 0 5.47749996
v 1.47721159 -0.26047227 5.46777773
v 1.40953898 -0.51303023 5.4580555
v 1.29903805 -0.75 5.44833326
v 1.14906669 -0.96418142 5.43861103
v 0.96418142 -1.14906669 5.4288888
v 0.75 -1.29903805 5.41916656
v 0.51303023 -1.40953898 5.40944433
v 0.26047227 -1.47721159 5.3997221
v 0 -1.5 5.38999987
v -0.26047227 -1.47721159 5.38027763
v -0.51303023 -1.40953898 5.3705554
v -0.75 -1.29903805 5.36083317
v -0.96418142 -1.14906669 5.35111094
v -1.14906669 -0.96418142 5.3413887
v -1.29903805 -0.75 5.33166647
v -1.40953898 -0.51303023 5.32194424
v -1.47721159 -0.26047227 5.312222
v -1.5 -0 5.30249977
v -1.47721159 0.26047227 5.29277754
v -1.40953898 0.51303023 5.28305531
v -1.29903805 0.75 5.27333307
v -1.14906669 0.96418142 5.26361084
v -0.96418142 1.14906669 5.25388861
v -0.75 1.29903805 5.24416637
v -0.51303023 1.40953898 5.23444414
v -0.26047227 1.47721159 5.22472191
v -0 1.5 5.21499968
v 0.22757581 1.29064655 5.41527748
v 0.44823685 1.23152065 5.40555525
v 0.65527844 1.13497555 5.39583302
v 0.84240973 1.00394487 5.38611078
v 1.00394487 0.84240973 5.37638903
v 1.13497555 0.65527844 5.36666679
v 1.23152065 0.44823685 5.35694456
v 1.29064655 0.22757581 5.34722233
v 1.31055689 0 5.3375001
v 1.29064655 -0.22757581 5.32777786
v 1.23152065 -0.44823685 5.31805563
v 1.13497555 -0.65527844 5.3083334
v 1.00394487 -0.84240973 5.29861116
v 0.84240973 -1.00394487 5.28888893
v 0.65527844 -1.13497555 5.2791667
v 0.44823685 -1.23152065 5.26944447
v 0.22757581 -1.29064655 5.25972223
v 0 -1.31055689 5.25
v -0.22757581 -1.29064655 5.24027777
v -0.44823685 -1.23152065 5.23055553
v -0.65527844 -1.13497555 5.2208333
v -0.84240973 -1.00394487 5.21111107
v -1.00394487 -0.84240973 5.20138884
v -1.13497555 -0.65527844 5.1916666
v -1.23152065 -0.44823685 5.18194437
v -1.29064655 -0.22757581 5.17222214
v -1.31055689 -0 5.1624999
v -1.29064655 0.22757581 5.15277767
v -1.23152065 0.44823685 5.14305544
v -1.13497555 0.65527844 5.13333321
v -1.00394487 0.84240973 5.12361097
v -0.84240973 1.00394487 5.11388874
v -0.65527844 1.13497555 5.10416651
v -0.44823685 1.23152065 5.09444427
v -0.22757581 1.29064655 5.08472204
v -0 1.31055689 5.07499981
v 0.22757581 1.29064655 5.38027763
v 0.44823685 1.23152065 5.3705554
v 0.65527844 1.13497555 5.36083317
v 0.84240973 1.00394487 5.35111094
v 1.00394487 0.84240973 5.3413887
v 1.13497555 0.65527844 5.33166647
v 1.23152065 0.44823685 5.32194424
v 1.29064655 0.22757581 5.312222
v 1.31055689 0 5.30249977
v 1.29064655 -0.22757581 5.29277754
v 1.23152065 -0.44823685 5.28305531
v 1.13497555 -0.65527844 5.27333307
v 1.00394487 -0.84240973 5.26361084
v 0.84240973 -1.00394487 5.25388861
v 0.65527844 -1.13497555 5.24416637
v 0.44823685 -1.23152065 5.23444414
v 0.22757581 -1.29064655 5.22472191
v 0 -1.31055689 5.21499968
v -0.22757581 -1.29064655 5.20527792
v -0.44823685 -1.23152065 5.19555569
v -0.65527844 -1.13497555 5.18583345
v -0.84240973 -1.00394487 5.17611122
v -1.00394487 -0.84240973 5.16638899
v -1.13497555 -0.65527844 5.15666676
v -1.23152065 -0.44823685 5.14694452
v -1.29064655 -0.22757581 5.13722229
v -1.31055689 -0 5.12750006
v -1.29064655 0.22757581 5.11777782
v -1.23152065 0.44823685 5.10805559
v -1.13497555 0.65527844 5.09833336
v -1.00394487 0.84240973 5.08861113
v -0.84240973 1.00394487 5.07888889
v -0.65527844 1.13497555 5.06916666
v -0.44823685 1.23152065 5.05944443
v -0.22757581 1.29064655 5.04972219
v -0 1.31055689 5.03999996
v 0.26047227 1.47721159 5.24027777
v 0.51303023 1.40953898 5.23055553
v 0.75 1.29903805 5.2208333
v 0.96418142 1.14906669 5.21111107
v 1.14906669 0.96418142 5.20138884
v 1.29903805 0.75 5.1916666
v 1.40953898 0.51303023 5.18194437
v 1.47721159 0.26047227 5.17222214
v 1.5 0 5.1624999
v 1.47721159 -0.26047227 5.15277767
v 1.40953898 -0.51303023 5.14305544
v 1.29903805 -0.75 5.13333321
v 1.14906669 -0.96418142 5.12361097
v 0.96418142 -1.14906669 5.11388874
v 0.75 -1.29903805 5.10416651
v 0.51303023 -1.40953898 5.09444427
v 0.26047227 -1.47721159 5.08472204
v 0 -1.5 5.07499981
v -0.26047227 -1.47721159 5.06527758
v -0.51303023 -1.40953898 5.05555534
v -0.75 -1.29903805 5.04583311
v -0.96418142 -1.14906669 5.03611088
v -1.14906669 -0.96418142 5.02638865
v -1.29903805 -0.75 5.01666641
v -1.40953898 -0.51303023 5.00694418
v -1.47721159 -0.26047227 4.99722195
v -1.5 -0 4.98749971
v -1.47721159 0.26047227 4.97777748
v -1.40953898 0.51303023 4.96805525
v -1.29903805 0.75 4.95833302
v -1.14906669 0.96418142 4.94861126
v -0.96418142 1.14906669 4.93888903
v -0.75 1.29903805 4.92916679
v -0.51303023 1.40953898 4.91944456
v -0.26047227 1.47721159 4.90972233
v -0 1.5 4.9000001
v 0.26047227 1.47721159 5.20527792
v 0.51303023 1.40953898 5.19555569
v 0.75 1.29903805 5.18583345
v 0.96418142 1.14906669 5.17611122
v 1.14906669 0.96418142 5.16638899
v 1.29903805 0.75 5.15666676
v 1.40953898 0.51303023 5.14694452
v 1.47721159 0.26047227 5.13722229
v 1.5 0 5.12750006
v 1.47721159 -0.26047227 5.11777782
v 1.40953898 -0.51303023 5.10805559
v 1.29903805 -0.75 5.09833336
v 1.14906669 -0.96418142 5.08861113
v 0.96418142 -1.14906669 5.07888889
v 0.75 -1.29903805 5.06916666
v 0.51303023 -1.40953898 5.05944443
v 0.26047227 -1.47721159 5.04972219
v 0 -1.5 5.03999996
v -0.26047227 -1.47721159 5.03027773
v -0.51303023 -1.40953898 5.0205555
v -0.75 -1.29903805 5.01083326
v -0.96418142 -1.14906669 5.00111103
v -1.14906669 -0.96418142 4.9913888
v -1.29903805 -0.75 4.98166656
v -1.40953898 -0.51303023 4.97194433
v -1.47721159 -0.26047227 4.9622221
v -1.5 -0 4.95249987
v -1.47721159 0.26047227 4.94277763
v -1.40953898 0.51303023 4.9330554
v -1.29903805 0.75 4.92333317
v -1.14906669 0.96418142 4.91361094
v -0.96418142 1.14906669 4.9038887
v -0.75 1.29903805 4.89416647
v -0.51303023 1.40953898 4.88444424
v -0.26047227 1.47721159 4.874722
v -0 1.5 4.86499977
v 0.22757581 1.29064655 5.06527758
v 0.44823685 1.23152065 5.05555534
v 0.65527844 1.13497555 5.04583311
v 0.84240973 1.00394487 5.03611088
v 1.00394487 0.84240973 5.02638865
v 1.13497555 0.65527844 5.01666641
v 1.23152065 0.44823685 5.00694418
v 1.29064655 0.22757581 4.99722195
v 1.31055689 0 4.98749971
v 1.29064655 -0.22757581 4.97777748
v 1.23152065 -0.44823685 4.96805525
v 1.13497555 -0.65527844 4.95833302
v 1.00394487 -0.84240973 4.94861126
v 0.84240973 -1.00394487 4.93888903
v 0.65527844 -1.13497555 4.92916679
v 0.44823685 -1.23152065 4.91944456
v 0.22757581 -1.29064655 4.90972233
v 0 -1.31055689 4.9000001
v -0.22757581 -1.29064655 4.89027786
v -0.44823685 -1.23152065 4.88055563
v -0.65527844 -1.13497555 4.8708334
v -0.84240973 -1.00394487 4.86111116
v -1.00394487 -0.84240973 4.85138893
v -1.13497555 -0.65527844 4.8416667
v -1.23152065 -0.44823685 4.83194447
v -1.29064655 -0.22757581 4.82222223
v -1.31055689 -0 4.8125
v -1.29064655 0.22757581 4.80277777
v -1.23152065 0.44823685 4.79305553
v -1.13497555 0.65527844 4.7833333
v -1.00394487 0.84240973 4.77361107
v -0.84240973 1.00394487 4.76388884
v -0.65527844 1.13497555 4.7541666
v -0.44823685 1.23152065 4.74444437
v -0.22757581 1.29064655 4.73472214
v -0 1.31055689 4.7249999
v 0.22757581 1.29064655 5.03027773
v 0.44823685 1.23152065 5.0205555
v 0.65527844 1.13497555 5.01083326
v 0.84240973 1.00394487 5.00111103
v 1.00394487 0.84240973 4.9913888
v 1.13497555 0.65527844 4.98166656
v 1.23152065 0.44823685 4.97194433
v 1.29064655 0.22757581 4.9622221
v 1.31055689 0 4.95249987
v 1.29064655 -0.22757581 4.94277763
v 1.23152065 -0.44823685 4.9330554
v 1.13497555 -0.65527844 4.92333317
v 1.00394487 -0.84240973 4.91361094
v 0.84240973 -1.00394487 4.9038887
v 0.65527844 -1.13497555 4.89416647
v 0.44823685 -1.23152065 4.88444424
v 0.22757581 -1.29064655 4.874722
v 0 -1.31055689 4.86499977
v -0.22757581 -1.29064655 4.85527754
v -0.44823685 -1.23152065 4.84555531
v -0.65527844 -1.13497555 4.83583307
v -0.84240973 -1.00394487 4.82611084
v -1.00394487 -0.84240973 4.81638861
v -1.13497555 -0.65527844 4.80666637
v -1.23152065 -0.44823685 4.79694414
v -1.29064655 -0.22757581 4.78722191
v -1.31055689 -0 4.77750015
v -1.29064655 0.22757581 4.76777792
v -1.23152065 0.44823685 4.75805569
v -1.13497555 0.65527844 4.74833345
v -1.00394487 0.84240973 4.73861122
v -0.84240973 1.00394487 4.72888899
v -0.65527844 1.13497555 4.71916676
v -0.44823685 1.23152065 4.70944452
v -0.22757581 1.29064655 4.69972229
v -0 1.31055689 4.69000006
v 0.26047227 1.47721159 4.89027786
v 0.51303023 1.40953898 4.88055563
v 0.75 1.29903805 4.8708334
v 0.96418142 1.14906669 4.86111116
v 1.14906669 0.96418142 4.85138893
v 1.29903805 0.75 4.8416667
v 1.40953898 0.51303023 4.83194447
v 1.47721159 0.26047227 4.82222223
v 1.5 0 4.8125
v 1.47721159 -0.26047227 4.80277777
v 1.40953898 -0.51303023 4.79305553
v 1.29903805 -0.75 4.7833333
v 1.14906669 -0.96418142 4.77361107
v 0.96418142 -1.14906669 4.76388884
v 0.75 -1.29903805 4.7541666
v 0.51303023 -1.40953898 4.74444437
v 0.26047227 -1.47721159 4.73472214
v 0 -1.5 4.7249999
v -0.26047227 -1.47721159 4.71527767
v -0.51303023 -1.40953898 4.70555544
v -0.75 -1.29903805 4.69583321
v -0.96418142 -1.14906669 4.68611097
v -1.14906669 -0.96418142 4.67638874
v -1.29903805 -0.75 4.66666651
v -1.40953898 -0.51303023 4.65694427
v -1.47721159 -0.26047227 4.64722204
v -1.5 -0 4.63749981
v -1.47721159 0.26047227 4.62777758
v -1.40953898 0.51303023 4.61805534
v -1.29903805 0.75 4.60833311
v -1.14906669 0.96418142 4.59861088
v -0.96418142 1.14906669 4.58888865
v -0.75 1.29903805 4.57916641
v -0.51303023 1.40953898 4.56944418
v -0.26047227 1.47721159 4.55972195
v -0 1.5 4.54999971
v 0.26047227 1.47721159 4.85527754
v 0.51303023 1.40953898 4.84555531
v 0.75 1.29903805 4.83583307
v 0.96418142 1.14906669 4.82611084
v 1.14906669 0.96418142 4.81638861
v 1.29903805 0.75 4.80666637
v 1.40953898 0.51303023 4.79694414
v 1.47721159 0.26047227 4.78722191
v 1.5 0 4.77750015
v 1.47721159 -0.26047227 4.76777792
v 1.40953898 -0.51303023 4.75805569
v 1.29903805 -0.75 4.74833345
v 1.14906669 -0.96418142 4.73861122
v 0.96418142 -1.14906669 4.72888899
v 0.75 -1.29903805 4.71916676
v 0.51303023 -1.40953898 4.70944452
v 0.26047227 -1.47721159 4.69972229
v 0 -1.5 4.69000006
v -0.26047227 -1.47721159 4.68027782
v -0.51303023 -1.40953898 4.67055559
v -0.75 -1.29903805 4.66083336
v -0.96418142 -1.14906669 4.65111113
v -1.14906669 -0.96418142 4.64138889
v -1.29903805 -0.75 4.63166666
v -1.40953898 -0.51303023 4.62194443
v -1.47721159 -0.26047227 4.61222219
v -1.5 -0 4.60249996
v -1.47721159 0.26047227 4.59277773
v -1.40953898 0.51303023 4.5830555
v -1.29903805 0.75 4.57333326
v -1.14906669 0.96418142 4.56361103
v -0.96418142 1.14906669 4.5538888
v -0.75 1.29903805 4.54416656
v -0.51303023 1.40953898 4.53444433
v -0.26047227 1.47721159 4.5247221
v -0 1.5 4.51499987
v 0.22757581 1.29064655 4.71527767
v 0.44823685 1.23152065 4.70555544
v 0.65527844 1.13497555 4.69583321
v 0.84240973 1.00394487 4.68611097
v 1.00394487 0.84240973 4.67638874
v 1.13497555 0.65527844 4.66666651
v 1.23152065 0.44823685 4.65694427
v 1.29064655 0.22757581 4.64722204
v 1.31055689 0 4.63749981
v 1.29064655 -0.22757581 4.62777758
v 1.23152065 -0.44823685 4.61805534
v 1.13497555 -0.65527844 4.60833311
v 1.00394487 -0.84240973 4.59861088
v 0.84240973 -1.00394487 4.58888865
v 0.65527844 -1.13497555 4.57916641
v 0.44823685 -1.23152065 4.56944418
v 0.22757581 -1.29064655 4.55972195
v 0 -1.31055689 4.54999971
v -0.22757581 -1.29064655 4.54027748
v -0.44823685 -1.23152065 4.53055525
v -0.65527844 -1.13497555 4.52083349
v -0.84240973 -1.00394487 4.51111126
v -1.00394487 -0.84240973 4.50138903
v -1.13497555 -0.65527844 4.49166679
v -1.23152065 -0.44823685 4.48194456
v -1.29064655 -0.22757581 4.47222233
v -1.31055689 -0 4.4625001
v -1.29064655 0.22757581 4.45277786
v -1.23152065 0.44823685 4.44305563
v -1.13497555 0.65527844 4.4333334
v -1.00394487 0.84240973 4.42361116
v -0.84240973 1.00394487 4.41388893
v -0.65527844 1.13497555 4.4041667
v -0.44823685 1.23152065 4.39444447
v -0.22757581 1.29064655 4.38472223
v -0 1.31055689 4.375
v 0.22757581 1.29064655 4.68027782
v 0.44823685 1.23152065 4.67055559
v 0.65527844 1.13497555 4.66083336
v 0.84240973 1.00394487 4.65111113
v 1.00394487 0.84240973 4.64138889
v 1.13497555 0.65527844 4.63166666
v 1.23152065 0.44823685 4.62194443
v 1.29064655 0.22757581 4.61222219
v 1.31055689 0 4.60249996
v 1.29064655 -0.22757581 4.59277773
v 1.23152065 -0.44823685 4.5830555
v 1.13497555 -0.65527844 4.57333326
v 1.00394487 -0.84240973 4.56361103
v 0.84240973 -1.00394487 4.5538888
v 0.65527844 -1.13497555 4.54416656
v 0.44823685 -1.23152065 4.53444433
v 0.22757581 -1.29064655 4.5247221
v 0 -1.31055689 4.51499987
v -0.22757581 -1.29064655 4.50527763
v -0.44823685 -1.23152065 4.4955554
v -0.65527844 -1.13497555 4.48583317
v -0.84240973 -1.00394487 4.47611094
v -1.00394487 -0.84240973 4.4663887
v -1.13497555 -0.65527844 4.45666647
v -1.23152065 -0.44823685 4.44694424
v -1.29064655 -0.22757581 4.437222
v -1.31055689 -0 4.42749977
v -1.29064655 0.22757581 4.41777754
v -1.23152065 0.44823685 4.40805531
v -1.13497555 0.65527844 4.39833307
v -1.00394487 0.84240973 4.38861084
v -0.84240973 1.00394487 4.37888861
v -0.65527844 1.13497555 4.36916637
v -0.44823685 1.23152065 4.35944414
v -0.22757581 1.29064655 4.34972239
v -0 1.31055689 4.34000015
v 0.26047227 1.47721159 4.54027748
v 0.51303023 1.40953898 4.53055525
v 0.75 1.29903805 4.52083349
v 0.96418142 1.14906669 4.51111126
v 1.14906669 0.96418142 4.50138903
v 1.29903805 0.75 4.49166679
v 1.40953898 0.51303023 4.48194456
v 1.47721159 0.26047227 4.47222233
v 1.5 0 4.4625001
v 1.47721159 -0.26047227 4.45277786
v 1.40953898 -0.51303023 4.44305563
v 1.29903805 -0.75 4.4333334
v 1.14906669 -0.96418142 4.42361116
v 0.96418142 -1.14906669 4.41388893
v 0.75 -1.29903805 4.4041667
v 0.51303023 -1.40953898 4.39444447
v 0.26047227 -1.47721159 4.38472223
v 0 -1.5 4.375
v -0.26047227 -1.47721159 4.36527777
v -0.51303023 -1.40953898 4.35555553
v -0.75 -1.29903805 4.3458333
v -0.96418142 -1.14906669 4.33611107
v -1.14906669 -0.96418142 4.32638884
v -1.29903805 -0.75 4.3166666
v -1.40953898 -0.51303023 4.30694437
v -1.47721159 -0.26047227 4.29722214
v -1.5 -0 4.2874999
v -1.47721159 0.26047227 4.27777767
v -1.40953898 0.51303023 4.26805544
v -1.29903805 0.75 4.25833321
v -1.14906669 0.96418142 4.24861097
v -0.96418142 1.14906669 4.23888874
v -0.75 1.29903805 4.22916651
v -0.51303023 1.40953898 4.21944427
v -0.26047227 1.47721159 4.20972204
v -0 1.5 4.19999981
v 0.26047227 1.47721159 4.50527763
v 0.51303023 1.40953898 4.4955554
v 0.75 1.29903805 4.48583317
v 0.96418142 1.14906669 4.47611094
v 1.14906669 0.96418142 4.4663887
v 1.29903805 0.75 4.45666647
v 1.40953898 0.51303023 4.44694424
v 1.47721159 0.26047227 4.437222
v 1.5 0 4.42749977
v 1.47721159 -0.26047227 4.41777754
v 1.40953898 -0.51303023 4.40805531
v 1.29903805 -0.75 4.39833307
v 1.14906669 -0.96418142 4.38861084
v 0.96418142 -1.14906669 4.37888861
v 0.75 -1.29903805 4.36916637
v 0.51303023 -1.40953898 4.35944414
v 0.26047227 -1.47721159 4.34972239
v 0 -1.5 4.34000015
v -0.26047227 -1.47721159 4.33027792
v -0.51303023 -1.40953898 4.32055569
v -0.75 -1.29903805 4.31083345
v -0.96418142 -1.14906669 4.30111122
v -1.14906669 -0.96418142 4.29138899
v -1.29903805 -0.75 4.28166676
v -1.40953898 -0.51303023 4.27194452
v -1.47721159 -0.26047227 4.26222229
v -1.5 -0 4.25250006
v -1.47721159 0.26047227 4.24277782
v -1.40953898 0.51303023 4.23305559
v -1.29903805 0.75 4.22333336
v -1.14906669 0.96418142 4.21361113
v -0.96418142 1.14906669 4.20388889
v -0.75 1.29903805 4.19416666
v -0.51303023 1.40953898 4.18444443
v -0.26047227 1.47721159 4.17472219
v -0 1.5 4.16499996
v 0.22757581 1.29064655 4.36527777
v 0.44823685 1.23152065 4.35555553
v 0.65527844 1.13497555 4.3458333
v 0.84240973 1.00394487 4.33611107
v 1.00394487 0.84240973 4.32638884
v 1.13497555 0.65527844 4.3166666
v 1.23152065 0.44823685 4.30694437
v 1.29064655 0.22757581 4.29722214
v 1.31055689 0 4.2874999
v 1.29064655 -0.22757581 4.27777767
v 1.23152065 -0.44823685 4.26805544
v 1.13497555 -0.65527844 4.25833321
v 1.00394487 -0.84240973 4.24861097
v 0.84240973 -1.00394487 4.23888874
v 0.65527844 -1.13497555 4.22916651
v 0.44823685 -1.23152065 4.21944427
v 0.22757581 -1.29064655 4.20972204
v 0 -1.31055689 4.19999981
v -0.22757581 -1.29064655 4.19027758
v -0.44823685 -1.23152065 4.18055534
v -0.65527844 -1.13497555 4.17083311
v -0.84240973 -1.00394487 4.16111088
v -1.00394487 -0.84240973 4.15138865
v -1.13497555 -0.65527844 4.14166641
v -1.23152065 -0.44823685 4.13194418
v -1.29064655 -0.22757581 4.12222195
v -1.31055689 -0 4.11249971
v -1.29064655 0.22757581 4.10277748
v -1.23152065 0.44823685 4.09305525
v -1.13497555 0.65527844 4.08333349
v -1.00394487 0.84240973 4.07361126
v -0.84240973 1.00394487 4.06388903
v -0.65527844 1.13497555 4.05416679
v -0.44823685 1.23152065 4.04444456
v -0.22757581 1.29064655 4.03472233
v -0 1.31055689 4.0250001
v 0.22757581 1.29064655 4.33027792
v 0.44823685 1.23152065 4.32055569
v 0.65527844 1.13497555 4.31083345
v 0.84240973 1.00394487 4.30111122
v 1.00394487 0.84240973 4.29138899
v 1.13497555 0.65527844 4.28166676
v 1.23152065 0.44823685 4.27194452
v 1.29064655 0.22757581 4.26222229
v 1.31055689 0 4.25250006
v 1.29064655 -0.22757581 4.24277782
v 1.23152065 -0.44823685 4.23305559
v 1.13497555 -0.65527844 4.22333336
v 1.00394487 -0.84240973 4.21361113
v 0.84240973 -1.00394487 4.20388889
v 0.65527844 -1.13497555 4.19416666
v 0.44823685 -1.23152065 4.18444443
v 0.22757581 -1.29064655 4.17472219
v 0 -1.31055689 4.16499996
v -0.22757581 -1.29064655 4.15527773
v -0.44823685 -1.23152065 4.1455555
v -0.65527844 -1.13497555 4.13583326
v -0.84240973 -1.00394487 4.12611103
v -1.00394487 -0.84240973 4.1163888
v -1.13497555 -0.65527844 4.10666656
v -1.23152065 -0.44823685 4.09694433
v -1.29064655 -0.22757581 4.0872221
v -1.31055689 -0 4.07749987
v -1.29064655 0.22757581 4.06777763
v -1.23152065 0.44823685 4.0580554
v -1.13497555 0.65527844 4.04833317
v -1.00394487 0.84240973 4.03861094
v -0.84240973 1.00394487 4.0288887
v -0.65527844 1.13497555 4.01916647
v -0.44823685 1.23152065 4.00944424
v -0.22757581 1.29064655 3.99972224
v -0 1.31055689 3.99000001
v 0.26047227 1.47721159 4.19027758
v 0.51303023 1.40953898 4.18055534
v 0.75 1.29903805 4.17083311
v 0.96418142 1.14906669 4.16111088
v 1.14906669 0.96418142 4.15138865
v 1.29903805 0.75 4.14166641
v 1.40953898 0.51303023 4.13194418
v 1.47721159 0.26047227 4.12222195
v 1.5 0 4.11249971
v 1.47721159 -0.26047227 4.10277748
v 1.40953898 -0.51303023 4.09305525
v 1.29903805 -0.75 4.08333349
v 1.14906669 -0.96418142 4.07361126
v 0.96418142 -1.14906669 4.06388903
v 0.75 -1.29903805 4.05416679
v 0.51303023 -1.40953898 4.04444456
v 0.26047227 -1.47721159 4.03472233
v 0 -1.5 4.0250001
v -0.26047227 -1.47721159 4.01527786
v -0.51303023 -1.40953898 4.00555563
v -0.75 -1.29903805 3.99583316
v -0.96418142 -1.14906669 3.98611093
v -1.14906669 -0.96418142 3.97638893
v -1.29903805 -0.75 3.9666667
v -1.40953898 -0.51303023 3.95694447
v -1.47721159 -0.26047227 3.94722223
v -1.5 -0 3.9375
v -1.47721159 0.26047227 3.92777777
v -1.40953898 0.51303023 3.91805553
v -1.29903805 0.75 3.9083333
v -1.14906669 0.96418142 3.89861107
v -0.96418142 1.14906669 3.88888884
v -0.75 1.29903805 3.8791666
v -0.51303023 1.40953898 3.86944437
v -0.26047227 1.47721159 3.85972214
v -0 1.5 3.8499999
v 0.26047227 1.47721159 4.15527773
v 0.51303023 1.40953898 4.1455555
v 0.75 1.29903805 4.13583326
v 0.96418142 1.14906669 4.12611103
v 1.14906669 0.96418142 4.1163888
v 1.29903805 0.75 4.10666656
v 1.40953898 0.51303023 4.09694433
v 1.47721159 0.26047227 4.0872221
v 1.5 0 4.07749987
v 1.47721159 -0.26047227 4.06777763
v 1.40953898 -0.51303023 4.0580554
v 1.29903805 -0.75 4.04833317
v 1.14906669 -0.96418142 4.03861094
v 0.96418142 -1.14906669 4.0288887
v 0.75 -1.29903805 4.01916647
v 0.51303023 -1.40953898 4.00944424
v 0.26047227 -1.47721159 3.99972224
v 0 -1.5 3.99000001
v -0.26047227 -1.47721159 3.98027778
v -0.51303023 -1.40953898 3.97055554
v -0.75 -1.29903805 3.96083331
v -0.96418142 -1.14906669 3.95111108
v -1.14906669 -0.96418142 3.94138885
v -1.29903805 -0.75 3.93166661
v -1.40953898 -0.51303023 3.92194438
v -1.47721159 -0.26047227 3.91222215
v -1.5 -0 3.90249991
v -1.47721159 0.26047227 3.89277768
v -1.40953898 0.51303023 3.88305545
v -1.29903805 0.75 3.87333322
v -1.14906669 0.96418142 3.86361098
v -0.96418142 1.14906669 3.85388875
v -0.75 1.29903805 3.84416652
v -0.51303023 1.40953898 3.83444428
v -0.26047227 1.47721159 3.82472205
v -0 1.5 3.81499982
v 0.22757581 1.29064655 4.01527786
v 0.44823685 1.23152065 4.00555563
v 0.65527844 1.13497555 3.99583316
v 0.84240973 1.00394487 3.98611093
v 1.00394487 0.84240973 3.97638893
v 1.13497555 0.65527844 3.9666667
v 1.23152065 0.44823685 3.95694447
v 1.29064655 0.22757581 3.94722223
v 1.31055689 0 3.9375
v 1.29064655 -0.22757581 3.92777777
v 1.23152065 -0.44823685 3.91805553
v 1.13497555 -0.65527844 3.9083333
v 1.00394487 -0.84240973 3.89861107
v 0.84240973 -1.00394487 3.88888884
v 0.65527844 -1.13497555 3.8791666
v 0.44823685 -1.23152065 3.86944437
v 0.22757581 -1.29064655 3.85972214
v 0 -1.31055689 3.8499999
v -0.22757581 -1.29064655 3.84027767
v -0.44823685 -1.23152065 3.83055544
v -0.65527844 -1.13497555 3.82083321
v -0.84240973 -1.00394487 3.81111097
v -1.00394487 -0.84240973 3.80138874
v -1.13497555 -0.65527844 3.79166651
v -1.23152065 -0.44823685 3.78194427
v -1.29064655 -0.22757581 3.77222204
v -1.31055689 -0 3.76250005
v -1.29064655 0.22757581 3.75277781
v -1.23152065 0.44823685 3.74305558
v -1.13497555 0.65527844 3.73333335
v -1.00394487 0.84240973 3.72361112
v -0.84240973 1.00394487 3.71388888
v -0.65527844 1.13497555 3.70416665
v -0.44823685 1.23152065 3.69444442
v -0.22757581 1.29064655 3.68472219
v -0 1.31055689 3.67499995
v 0.22757581 1.29064655 3.98027778
v 0.44823685 1.23152065 3.97055554
v 0.65527844 1.13497555 3.96083331
v 0.84240973 1.00394487 3.95111108
v 1.00394487 0.84240973 3.94138885
v 1.13497555 0.65527844 3.93166661
v 1.23152065 0.44823685 3.92194438
v 1.29064655 0.22757581 3.91222215
v 1.31055689 0 3.90249991
v 1.29064655 -0.22757581 3.89277768
v 1.23152065 -0.44823685 3.88305545
v 1.13497555 -0.65527844 3.87333322
v 1.00394487 -0.84240973 3.86361098
v 0.84240973 -1.00394487 3.85388875
v 0.65527844 -1.13497555 3.84416652
v 0.44823685 -1.23152065 3.83444428
v 0.22757581 -1.29064655 3.82472205
v 0 -1.31055689 3.81499982
v -0.22757581 -1.29064655 3.80527782
v -0.44823685 -1.23152065 3.79555559
v -0.65527844 -1.13497555 3.78583336
v -0.84240973 -1.00394487 3.77611113
v -1.00394487 -0.84240973 3.76638889
v -1.13497555 -0.65527844 3.75666666
v -1.23152065 -0.44823685 3.74694443
v -1.29064655 -0.22757581 3.73722219
v -1.31055689 -0 3.72749996
v -1.29064655 0.22757581 3.71777773
v -1.23152065 0.44823685 3.7080555
v -1.13497555 0.65527844 3.69833326
v -1.00394487 0.84240973 3.68861103
v -0.84240973 1.00394487 3.6788888
v -0.65527844 1.13497555 3.66916656
v -0.44823685 1.23152065 3.65944433
v -0.22757581 1.29064655 3.6497221
v -0 1.31055689 3.63999987
v 0.26047227 1.47721159 3.84027767
v 0.51303023 1.40953898 3.83055544
v 0.75 1.29903805 3.82083321
v 0.96418142 1.14906669 3.81111097
v 1.14906669 0.96418142 3.80138874
v 1.29903805 0.75 3.79166651
v 1.40953898 0.51303023 3.78194427
v 1.47721159 0.26047227 3.77222204
v 1.5 0 3.76250005
v 1.47721159 -0.26047227 3.75277781
v 1.40953898 -0.51303023 3.74305558
v 1.29903805 -0.75 3.73333335
v 1.14906669 -0.96418142 3.72361112
v 0.96418142 -1.14906669 3.71388888
v 0.75 -1.29903805 3.70416665
v 0.51303023 -1.40953898 3.69444442
v 0.26047227 -1.47721159 3.68472219
v 0 -1.5 3.67499995
v -0.26047227 -1.47721159 3.66527772
v -0.51303023 -1.40953898 3.65555549
v -0.75 -1.29903805 3.64583325
v -0.96418142 -1.14906669 3.63611102
v -1.14906669 -0.96418142 3.62638879
v -1.29903805 -0.75 3.61666656
v -1.40953898 -0.51303023 3.60694432
v -1.47721159 -0.26047227 3.59722209
v -1.5 -0 3.58749986
v -1.47721159 0.26047227 3.57777762
v -1.40953898 0.51303023 3.56805539
v -1.29903805 0.75 3.55833316
v -1.14906669 0.96418142 3.54861116
v -0.96418142 1.14906669 3.53888893
v -0.75 1.29903805 3.5291667
v -0.51303023 1.40953898 3.51944447
v -0.26047227 1.47721159 3.50972223
v -0 1.5 3.5
v 0.26047227 1.47721159 3.80527782
v 0.51303023 1.40953898 3.79555559
v 0.75 1.29903805 3.78583336
v 0.96418142 1.14906669 3.77611113
v 1.14906669 0.96418142 3.76638889
v 1.29903805 0.75 3.75666666
v 1.40953898 0.51303023 3.74694443
v 1.47721159 0.26047227 3.73722219
v 1.5 0 3.72749996
v 1.47721159 -0.26047227 3.71777773
v 1.40953898 -0.51303023 3.7080555
v 1.29903805 -0.75 3.69833326
v 1.14906669 -0.96418142 3.68861103
v 0.96418142 -1.14906669 3.6788888
v 0.75 -1.29903805 3.66916656
v 0.51303023 -1.40953898 3.65944433
v 0.26047227 -1.47721159 3.6497221
v 0 -1.5 3.63999987
v -0.26047227 -1.47721159 3.63027763
v -0.51303023 -1.40953898 3.6205554
v -0.75 -1.29903805 3.61083317
v -0.96418142 -1.14906669 3.60111094
v -1.14906669 -0.96418142 3.59138894
v -1.29903805 -0.75 3.58166671
v -1.40953898 -0.51303023 3.57194448
v -1.47721159 -0.26047227 3.56222224
v -1.5 -0 3.55250001
v -1.47721159 0.26047227 3.54277778
v -1.40953898 0.51303023 3.53305554
v -1.29903805 0.75 3.52333331
v -1.14906669 0.96418142 3.51361108
v -0.96418142 1.14906669 3.50388885
v -0.75 1.29903805 3.49416661
v -0.51303023 1.40953898 3.48444438
v -0.26047227 1.47721159 3.47472215
v -0 1.5 3.46499991
v 0.22757581 1.29064655 3.66527772
v 0.44823685 1.23152065 3.65555549
v 0.65527844 1.13497555 3.64583325
v 0.84240973 1.00394487 3.63611102
v 1.00394487 0.84240973 3.62638879
v 1.13497555 0.65527844 3.61666656
v 1.23152065 0.44823685 3.60694432
v 1.29064655 0.22757581 3.59722209
v 1.31055689 0 3.58749986
v 1.29064655 -0.22757581 3.57777762
v 1.23152065 -0.44823685 3.56805539
v 1.13497555 -0.65527844 3.55833316
v 1.00394487 -0.84240973 3.54861116
v 0.84240973 -1.00394487 3.53888893
v 0.65527844 -1.13497555 3.5291667
v 0.44823685 -1.23152065 3.51944447
v 0.22757581 -1.29064655 3.50972223
v 0 -1.31055689 3.5
v -0.22757581 -1.29064655 3.49027777
v -0.44823685 -1.23152065 3.48055553
v -0.65527844 -1.13497555 3.4708333
v -0.84240973 -1.00394487 3.46111107
v -1.00394487 -0.84240973 3.45138884
v -1.13497555 -0.65527844 3.4416666
v -1.23152065 -0.44823685 3.43194437
v -1.29064655 -0.22757581 3.42222214
v -1.31055689 -0 3.4124999
v -1.29064655 0.22757581 3.40277767
v -1.23152065 0.44823685 3.39305544
v -1.13497555 0.65527844 3.38333321
v -1.00394487 0.84240973 3.37361097
v -0.84240973 1.00394487 3.36388874
v -0.65527844 1.13497555 3.35416651
v -0.44823685 1.23152065 3.34444427
v -0.22757581 1.29064655 3.33472228
v -0 1.31055689 3.32500005
v 0.22757581 1.29064655 3.63027763
v 0.44823685 1.23152065 3.6205554
v 0.65527844 1.13497555 3.61083317
v 0.84240973 1.00394487 3.60111094
v 1.00394487 0.84240973 3.59138894
v 1.13497555 0.65527844 3.58166671
v 1.23152065 0.44823685 3.57194448
v 1.29064655 0.22757581 3.56222224
v 1.31055689 0 3.55250001
v 1.29064655 -0.22757581 3.54277778
v 1.23152065 -0.44823685 3.53305554
v 1.13497555 -0.65527844 3.52333331
v 1.00394487 -0.84240973 3.51361108
v 0.84240973 -1.00394487 3.50388885
v 0.65527844 -1.13497555 3.49416661
v 0.44823685 -1.23152065 3.48444438
v 0.22757581 -1.29064655 3.47472215
v 0 -1.31055689 3.46499991
v -0.22757581 -1.29064655 3.45527768
v -0.44823685 -1.23152065 3.44555545
v -0.65527844 -1.13497555 3.43583322
v -0.84240973 -1.00394487 3.42611098
v -1.00394487 -0.84240973 3.41638875
v -1.13497555 -0.65527844 3.40666652
v -1.23152065 -0.44823685 3.39694428
v -1.29064655 -0.22757581 3.38722205
v -1.31055689 -0 3.37750006
v -1.29064655 0.22757581 3.36777782
v -1.23152065 0.44823685 3.35805559
v -1.13497555 0.65527844 3.34833336
v -1.00394487 0.84240973 3.33861113
v -0.84240973 1.00394487 3.32888889
v -0.65527844 1.13497555 3.31916666
v -0.44823685 1.23152065 3.30944443
v -0.22757581 1.29064655 3.29972219
v -0 1.31055689 3.28999996
v 0.26047227 1.47721159 3.49027777
v 0.51303023 1.40953898 3.48055553
v 0.75 1.29903805 3.4708333
v 0.96418142 1.14906669 3.46111107
v 1.14906669 0.96418142 3.45138884
v 1.29903805 0.75 3.4416666
v 1.40953898 0.51303023 3.43194437
v 1.47721159 0.26047227 3.42222214
v 1.5 0 3.4124999
v 1.47721159 -0.26047227 3.40277767
v 1.40953898 -0.51303023 3.39305544
v 1.29903805 -0.75 3.38333321
v 1.14906669 -0.96418142 3.37361097
v 0.96418142 -1.14906669 3.36388874
v 0.75 -1.29903805 3.35416651
v 0.51303023 -1.40953898 3.34444427
v 0.26047227 -1.47721159 3.33472228
v 0 -1.5 3.32500005
v -0.26047227 -1.47721159 3.31527781
v -0.51303023 -1.40953898 3.30555558
v -0.75 -1.29903805 3.29583335
v -0.96418142 -1.14906669 3.28611112
v -1.14906669 -0.96418142 3.27638888
v -1.29903805 -0.75 3.26666665
v -1.40953898 -0.51303023 3.25694442
v -1.47721159 -0.26047227 3.24722219
v -1.5 -0 3.23749995
v -1.47721159 0.26047227 3.22777772
v -1.40953898 0.51303023 3.21805549
v -1.29903805 0.75 3.20833325
v -1.14906669 0.96418142 3.19861102
v -0.96418142 1.14906669 3.18888879
v -0.75 1.29903805 3.17916656
v -0.51303023 1.40953898 3.16944432
v -0.26047227 1.47721159 3.15972209
v -0 1.5 3.14999986
v 0.26047227 1.47721159 3.45527768
v 0.51303023 1.40953898 3.44555545
v 0.75 1.29903805 3.43583322
v 0.96418142 1.14906669 3.42611098
v 1.14906669 0.96418142 3.41638875
v 1.29903805 0.75 3.40666652
v 1.40953898 0.51303023 3.39694428
v 1.47721159 0.26047227 3.38722205
v 1.5 0 3.37750006
v 1.47721159 -0.26047227 3.36777782
v 1.40953898 -0.51303023 3.35805559
v 1.29903805 -0.75 3.34833336
v 1.14906669 -0.96418142 3.33861113
v 0.96418142 -1.14906669 3.32888889
v 0.75 -1.29903805 3.31916666
v 0.51303023 -1.40953898 3.30944443
v 0.26047227 -1.47721159 3.29972219
v 0 -1.5 3.28999996
v -0.26047227 -1.47721159 3.28027773
v -0.51303023 -1.40953898 3.2705555
v -0.75 -1.29903805 3.26083326
v -0.96418142 -1.14906669 3.25111103
v -1.14906669 -0.96418142 3.2413888
v -1.29903805 -0.75 3.23166656
v -1.40953898 -0.51303023 3.22194433
v -1.47721159 -0.26047227 3.2122221
v -1.5 -0 3.20249987
v -1.47721159 0.26047227 3.19277763
v -1.40953898 0.51303023 3.1830554
v -1.29903805 0.75 3.17333317
v -1.14906669 0.96418142 3.16361117
v -0.96418142 1.14906669 3.15388894
v -0.75 1.29903805 3.14416671
v -0.51303023 1.40953898 3.13444448
v -0.26047227 1.47721159 3.12472224
v -0 1.5 3.11500001
v 0.22757581 1.29064655 3.31527781
v 0.44823685 1.23152065 3.30555558
v 0.65527844 1.13497555 3.29583335
v 0.84240973 1.00394487 3.28611112
v 1.00394487 0.84240973 3.27638888
v 1.13497555 0.65527844 3.26666665
v 1.23152065 0.44823685 3.25694442
v 1.29064655 0.22757581 3.24722219
v 1.31055689 0 3.23749995
v 1.29064655 -0.22757581 3.22777772
v 1.23152065 -0.44823685 3.21805549
v 1.13497555 -0.65527844 3.20833325
v 1.00394487 -0.84240973 3.19861102
v 0.84240973 -1.00394487 3.18888879
v 0.65527844 -1.13497555 3.17916656
v 0.44823685 -1.23152065 3.16944432
v 0.22757581 -1.29064655 3.15972209
v 0 -1.31055689 3.14999986
v -0.22757581 -1.29064655 3.14027762
v -0.44823685 -1.23152065 3.13055539
v -0.65527844 -1.13497555 3.1208334
v -0.84240973 -1.00394487 3.11111116
v -1.00394487 -0.84240973 3.10138893
v -1.13497555 -0.65527844 3.0916667
v -1.23152065 -0.44823685 3.08194447
v -1.29064655 -0.22757581 3.07222223
v -1.31055689 -0 3.0625
v -1.29064655 0.22757581 3.05277777
v -1.23152065 0.44823685 3.04305553
v -1.13497555 0.65527844 3.0333333
v -1.00394487 0.84240973 3.02361107
v -0.84240973 1.00394487 3.01388884
v -0.65527844 1.13497555 3.0041666
v -0.44823685 1.23152065 2.99444437
v -0.22757581 1.29064655 2.98472214
v -0 1.31055689 2.9749999
v 0.22757581 1.29064655 3.28027773
v 0.44823685 1.23152065 3.2705555
v 0.65527844 1.13497555 3.26083326
v 0.84240973 1.00394487 3.25111103
v 1.00394487 0.84240973 3.2413888
v 1.13497555 0.65527844 3.23166656
v 1.23152065 0.44823685 3.22194433
v 1.29064655 0.22757581 3.2122221
v 1.31055689 0 3.20249987
v 1.29064655 -0.22757581 3.19277763
v 1.23152065 -0.44823685 3.1830554
v 1.13497555 -0.65527844 3.17333317
v 1.00394487 -0.84240973 3.16361117
v 0.84240973 -1.00394487 3.15388894
v 0.65527844 -1.13497555 3.14416671
v 0.44823685 -1.23152065 3.13444448
v 0.22757581 -1.29064655 3.12472224
v 0 -1.31055689 3.11500001
v -0.22757581 -1.29064655 3.10527778
v -0.44823685 -1.23152065 3.09555554
v -0.65527844 -1.13497555 3.08583331
v -0.84240973 -1.00394487 3.07611108
v -1.00394487 -0.84240973 3.06638885
v -1.13497555 -0.65527844 3.05666661
v -1.23152065 -0.44823685 3.04694438
v -1.29064655 -0.22757581 3.03722215
v -1.31055689 -0 3.02749991
v -1.29064655 0.22757581 3.01777768
v -1.23152065 0.44823685 3.00805545
v -1.13497555 0.65527844 2.99833322
v -1.00394487 0.84240973 2.98861098
v -0.84240973 1.00394487 2.97888875
v -0.65527844 1.13497555 2.96916652
v -0.44823685 1.23152065 2.95944428
v -0.22757581 1.29064655 2.94972229
v -0 1.31055689 2.94000006
v 0.26047227 1.47721159 3.14027762
v 0.51303023 1.40953898 3.13055539
v 0.75 1.29903805 3.1208334
v 0.96418142 1.14906669 3.11111116
v 1.14906669 0.96418142 3.10138893
v 1.29903805 0.75 3.0916667
v 1.40953898 0.51303023 3.08194447
v 1.47721159 0.26047227 3.07222223
v 1.5 0 3.0625
v 1.47721159 -0.26047227 3.05277777
v 1.40953898 -0.51303023 3.04305553
v 1.29903805 -0.75 3.0333333
v 1.14906669 -0.96418142 3.02361107
v 0.96418142 -1.14906669 3.01388884
v 0.75 -1.29903805 3.0041666
v 0.51303023 -1.40953898 2.99444437
v 0.26047227 -1.47721159 2.98472214
v 0 -1.5 2.9749999
v -0.26047227 -1.47721159 2.96527767
v -0.51303023 -1.40953898 2.95555544
v -0.75 -1.29903805 2.94583321
v -0.96418142 -1.14906669 2.93611097
v -1.14906669 -0.96418142 2.92638874
v -1.29903805 -0.75 2.91666651
v -1.40953898 -0.51303023 2.90694451
v -1.47721159 -0.26047227 2.89722228
v -1.5 -0 2.88750005
v -1.47721159 0.26047227 2.87777781
v -1.40953898 0.51303023 2.86805558
v -1.29903805 0.75 2.85833335
v -1.14906669 0.96418142 2.84861112
v -0.96418142 1.14906669 2.83888888
v -0.75 1.29903805 2.82916665
v -0.51303023 1.40953898 2.81944442
v -0.26047227 1.47721159 2.80972219
v -0 1.5 2.79999995
v 0.26047227 1.47721159 3.10527778
v 0.51303023 1.40953898 3.09555554
v 0.75 1.29903805 3.08583331
v 0.96418142 1.14906669 3.07611108
v 1.14906669 0.96418142 3.06638885
v 1.29903805 0.75 3.05666661
v 1.40953898 0.51303023 3.04694438
v 1.47721159 0.26047227 3.03722215
v 1.5 0 3.02749991
v 1.47721159 -0.26047227 3.01777768
v 1.40953898 -0.51303023 3.00805545
v 1.29903805 -0.75 2.99833322
v 1.14906669 -0.96418142 2.98861098
v 0.96418142 -1.14906669 2.97888875
v 0.75 -1.29903805 2.96916652
v 0.51303023 -1.40953898 2.95944428
v 0.26047227 -1.47721159 2.94972229
v 0 -1.5 2.94000006
v -0.26047227 -1.47721159 2.93027782
v -0.51303023 -1.40953898 2.92055559
v -0.75 -1.29903805 2.91083336
v -0.96418142 -1.14906669 2.90111113
v -1.14906669 -0.96418142 2.89138889
v -1.29903805 -0.75 2.88166666
v -1.40953898 -0.51303023 2.87194443
v -1.47721159 -0.26047227 2.86222219
v -1.5 -0 2.85249996
v -1.47721159 0.26047227 2.84277773
v -1.40953898 0.51303023 2.8330555
v -1.29903805 0.75 2.82333326
v -1.14906669 0.96418142 2.81361103
v -0.96418142 1.14906669 2.8038888
v -0.75 1.29903805 2.79416656
v -0.51303023 1.40953898 2.78444433
v -0.26047227 1.47721159 2.7747221
v -0 1.5 2.76499987
v 0.22757581 1.29064655 2.96527767
v 0.44823685 1.23152065 2.95555544
v 0.65527844 1.13497555 2.94583321
v 0.84240973 1.00394487 2.93611097
v 1.00394487 0.84240973 2.92638874
v 1.13497555 0.65527844 2.91666651
v 1.23152065 0.44823685 2.90694451
v 1.29064655 0.22757581 2.89722228
v 1.31055689 0 2.88750005
v 1.29064655 -0.22757581 2.87777781
v 1.23152065 -0.44823685 2.86805558
v 1.13497555 -0.65527844 2.85833335
v 1.00394487 -0.84240973 2.84861112
v 0.84240973 -1.00394487 2.83888888
v 0.65527844 -1.13497555 2.82916665
v 0.44823685 -1.23152065 2.81944442
v 0.22757581 -1.29064655 2.80972219
v 0 -1.31055689 2.79999995
v -0.22757581 -1.29064655 2.79027772
v -0.44823685 -1.23152065 2.78055549
v -0.65527844 -1.13497555 2.77083325
v -0.84240973 -1.00394487 2.76111102
v -1.00394487 -0.84240973 2.75138879
v -1.13497555 -0.65527844 2.74166656
v -1.23152065 -0.44823685 2.73194432
v -1.29064655 -0.22757581 2.72222209
v -1.31055689 -0 2.71249986
v -1.29064655 0.22757581 2.70277762
v -1.23152065 0.44823685 2.69305539
v -1.13497555 0.65527844 2.6833334
v -1.00394487 0.84240973 2.67361116
v -0.84240973 1.00394487 2.66388893
v -0.65527844 1.13497555 2.6541667
v -0.44823685 1.23152065 2.64444447
v -0.22757581 1.29064655 2.63472223
v -0 1.31055689 2.625
v 0.22757581 1.29064655 2.93027782
v 0.44823685 1.23152065 2.92055559
v 0.65527844 1.13497555 2.91083336
v 0.84240973 1.00394487 2.90111113
v 1.00394487 0.84240973 2.89138889
v 1.13497555 0.65527844 2.88166666
v 1.23152065 0.44823685 2.87194443
v 1.29064655 0.22757581 2.86222219
v 1.31055689 0 2.85249996
v 1.29064655 -0.22757581 2.84277773
v 1.23152065 -0.44823685 2.8330555
v 1.13497555 -0.65527844 2.82333326
v 1.00394487 -0.84240973 2.81361103
v 0.84240973 -1.00394487 2.8038888
v 0.65527844 -1.13497555 2.79416656
v 0.44823685 -1.23152065 2.78444433
v 0.22757581 -1.29064655 2.7747221
v 0 -1.31055689 2.76499987
v -0.22757581 -1.29064655 2.75527763
v -0.44823685 -1.23152065 2.7455554
v -0.65527844 -1.13497555 2.73583317
v -0.84240973 -1.00394487 2.72611117
v -1.00394487 -0.84240973 2.71638894
v -1.13497555 -0.65527844 2.70666671
v -1.23152065 -0.44823685 2.69694448
v -1.29064655 -0.22757581 2.68722224
v -1.31055689 -0 2.67750001
v -1.29064655 0.22757581 2.66777778
v -1.23152065 0.44823685 2.65805554
v -1.13497555 0.65527844 2.64833331
v -1.00394487 0.84240973 2.63861108
v -0.84240973 1.00394487 2.62888885
v -0.65527844 1.13497555 2.61916661
v -0.44823685 1.23152065 2.60944438
v -0.22757581 1.29064655 2.59972215
v -0 1.31055689 2.58999991
v 0.26047227 1.47721159 2.79027772
v 0.51303023 1.40953898 2.78055549
v 0.75 1.29903805 2.77083325
v 0.96418142 1.14906669 2.76111102
v 1.14906669 0.96418142 2.75138879
v 1.29903805 0.75 2.74166656
v 1.40953898 0.51303023 2.73194432
v 1.47721159 0.26047227 2.72222209
v 1.5 0 2.71249986
v 1.47721159 -0.26047227 2.70277762
v 1.40953898 -0.51303023 2.69305539
v 1.29903805 -0.75 2.6833334
v 1.14906669 -0.96418142 2.67361116
v 0.96418142 -1.14906669 2.66388893
v 0.75 -1.29903805 2.6541667
v 0.51303023 -1.40953898 2.64444447
v 0.26047227 -1.47721159 2.63472223
v 0 -1.5 2.625
v -0.26047227 -1.47721159 2.61527777
v -0.51303023 -1.40953898 2.60555553
v -0.75 -1.29903805 2.5958333
v -0.96418142 -1.14906669 2.58611107
v -1.14906669 -0.96418142 2.57638884
v -1.29903805 -0.75 2.5666666
v -1.40953898 -0.51303023 2.55694437
v -1.47721159 -0.26047227 2.54722214
v -1.5 -0 2.5374999
v -1.47721159 0.26047227 2.52777767
v -1.40953898 0.51303023 2.51805544
v -1.29903805 0.75 2.50833321
v -1.14906669 0.96418142 2.49861097
v -0.96418142 1.14906669 2.48888874
v -0.75 1.29903805 2.47916651
v -0.51303023 1.40953898 2.46944451
v -0.26047227 1.47721159 2.45972228
v -0 1.5 2.45000005
v 0.26047227 1.47721159 2.75527763
v 0.51303023 1.40953898 2.7455554
v 0.75 1.29903805 2.73583317
v 0.96418142 1.14906669 2.72611117
v 1.14906669 0.96418142 2.71638894
v 1.29903805 0.75 2.70666671
v 1.40953898 0.51303023 2.69694448
v 1.47721159 0.26047227 2.68722224
v 1.5 0 2.67750001
v 1.47721159 -0.26047227 2.66777778
v 1.40953898 -0.51303023 2.65805554
v 1.29903805 -0.75 2.64833331
v 1.14906669 -0.96418142 2.63861108
v 0.96418142 -1.14906669 2.62888885
v 0.75 -1.29903805 2.61916661
v 0.51303023 -1.40953898 2.60944438
v 0.26047227 -1.47721159 2.59972215
v 0 -1.5 2.58999991
v -0.26047227 -1.47721159 2.58027768
v -0.51303023 -1.40953898 2.57055545
v -0.75 -1.29903805 2.56083322
v -0.96418142 -1.14906669 2.55111098
v -1.14906669 -0.96418142 2.54138875
v -1.29903805 -0.75 2.53166652
v -1.40953898 -0.51303023 2.52194428
v -1.47721159 -0.26047227 2.51222229
v -1.5 -0 2.50250006
v -1.47721159 0.26047227 2.49277782
v -1.40953898 0.51303023 2.48305559
v -1.29903805 0.75 2.47333336
v -1.14906669 0.96418142 2.46361113
v -0.96418142 1.14906669 2.45388889
v -0.75 1.29903805 2.44416666
v -0.51303023 1.40953898 2.43444443
v -0.26047227 1.47721159 2.42472219
v -0 1.5 2.41499996
v 0.22757581 1.29064655 2.61527777
v 0.44823685 1.23152065 2.60555553
v 0.65527844 1.13497555 2.5958333
v 0.84240973 1.00394487 2.58611107
v 1.00394487 0.84240973 2.57638884
v 1.13497555 0.65527844 2.5666666
v 1.23152065 0.44823685 2.55694437
v 1.29064655 0.22757581 2.54722214
v 1.31055689 0 2.5374999
v 1.29064655 -0.22757581 2.52777767
v 1.23152065 -0.44823685 2.51805544
v 1.13497555 -0.65527844 2.50833321
v 1.00394487 -0.84240973 2.49861097
v 0.84240973 -1.00394487 2.48888874
v 0.65527844 -1.13497555 2.47916651
v 0.44823685 -1.23152065 2.46944451
v 0.22757581 -1.29064655 2.45972228
v 0 -1.31055689 2.45000005
v -0.22757581 -1.29064655 2.44027781
v -0.44823685 -1.23152065 2.43055558
v -0.65527844 -1.13497555 2.42083335
v -0.84240973 -1.00394487 2.41111112
v -1.00394487 -0.84240973 2.40138888
v -1.13497555 -0.65527844 2.39166665
v -1.23152065 -0.44823685 2.38194442
v -1.29064655 -0.22757581 2.37222219
v -1.31055689 -0 2.36249995
v -1.29064655 0.22757581 2.35277772
v -1.23152065 0.44823685 2.34305549
v -1.13497555 0.65527844 2.33333325
v -1.00394487 0.84240973 2.32361102
v -0.84240973 1.00394487 2.31388879
v -0.65527844 1.13497555 2.30416656
v -0.44823685 1.23152065 2.29444432
v -0.22757581 1.29064655 2.28472209
v -0 1.31055689 2.27499986
v 0.22757581 1.29064655 2.58027768
v 0.44823685 1.23152065 2.57055545
v 0.65527844 1.13497555 2.56083322
v 0.84240973 1.00394487 2.55111098
v 1.00394487 0.84240973 2.54138875
v 1.13497555 0.65527844 2.53166652
v 1.23152065 0.44823685 2.52194428
v 1.29064655 0.22757581 2.51222229
v 1.31055689 0 2.50250006
v 1.29064655 -0.22757581 2.49277782
v 1.23152065 -0.44823685 2.48305559
v 1.13497555 -0.65527844 2.47333336
v 1.00394487 -0.84240973 2.46361113
v 0.84240973 -1.00394487 2.45388889
v 0.65527844 -1.13497555 2.44416666
v 0.44823685 -1.23152065 2.43444443
v 0.22757581 -1.29064655 2.42472219
v 0 -1.31055689 2.41499996
v -0.22757581 -1.29064655 2.40527773
v -0.44823685 -1.23152065 2.3955555
v -0.65527844 -1.13497555 2.38583326
v -0.84240973 -1.00394487 2.37611103
v -1.00394487 -0.84240973 2.3663888
v -1.13497555 -0.65527844 2.35666656
v -1.23152065 -0.44823685 2.34694433
v -1.29064655 -0.22757581 2.3372221
v -1.31055689 -0 2.32749987
v -1.29064655 0.22757581 2.31777763
v -1.23152065 0.44823685 2.3080554
v -1.13497555 0.65527844 2.29833341
v -1.00394487 0.84240973 2.28861117
v -0.84240973 1.00394487 2.27888894
v -0.65527844 1.13497555 2.26916671
v -0.44823685 1.23152065 2.25944448
v -0.22757581 1.29064655 2.24972224
v -0 1.31055689 2.24000001
v 0.26047227 1.47721159 2.44027781
v 0.51303023 1.40953898 2.43055558
v 0.75 1.29903805 2.42083335
v 0.96418142 1.14906669 2.41111112
v 1.14906669 0.96418142 2.40138888
v 1.29903805 0.75 2.39166665
v 1.40953898 0.51303023 2.38194442
v 1.47721159 0.26047227 2.37222219
v 1.5 0 2.36249995
v 1.47721159 -0.26047227 2.35277772
v 1.40953898 -0.51303023 2.34305549
v 1.29903805 -0.75 2.33333325
v 1.14906669 -0.96418142 2.32361102
v 0.96418142 -1.14906669 2.31388879
v 0.75 -1.29903805 2.30416656
v 0.51303023 -1.40953898 2.29444432
v 0.26047227 -1.47721159 2.28472209
v 0 -1.5 2.27499986
v -0.26047227 -1.47721159 2.26527762
v -0.51303023 -1.40953898 2.25555563
v -0.75 -1.29903805 2.2458334
v -0.96418142 -1.14906669 2.23611116
v -1.14906669 -0.96418142 2.22638893
v -1.29903805 -0.75 2.2166667
v -1.40953898 -0.51303023 2.20694447
v -1.47721159 -0.26047227 2.19722223
v -1.5 -0 2.1875
v -1.47721159 0.26047227 2.17777777
v -1.40953898 0.51303023 2.16805553
v -1.29903805 0.75 2.1583333
v -1.14906669 0.96418142 2.14861107
v -0.96418142 1.14906669 2.13888884
v -0.75 1.29903805 2.1291666
v -0.51303023 1.40953898 2.11944437
v -0.26047227 1.47721159 2.10972214
v -0 1.5 2.0999999
v 0.26047227 1.47721159 2.40527773
v 0.51303023 1.40953898 2.3955555
v 0.75 1.29903805 2.38583326
v 0.96418142 1.14906669 2.37611103
v 1.14906669 0.96418142 2.3663888
v 1.29903805 0.75 2.35666656
v 1.40953898 0.51303023 2.34694433
v 1.47721159 0.26047227 2.3372221
v 1.5 0 2.32749987
v 1.47721159 -0.26047227 2.31777763
v 1.40953898 -0.51303023 2.3080554
v 1.29903805 -0.75 2.29833341
v 1.14906669 -0.96418142 2.28861117
v 0.96418142 -1.14906669 2.27888894
v 0.75 -1.29903805 2.26916671
v 0.51303023 -1.40953898 2.25944448
v 0.26047227 -1.47721159 2.24972224
v 0 -1.5 2.24000001
v -0.26047227 -1.47721159 2.23027778
v -0.51303023 -1.40953898 2.22055554
v -0.75 -1.29903805 2.21083331
v -0.96418142 -1.14906669 2.20111108
v -1.14906669 -0.96418142 2.19138885
v -1.29903805 -0.75 2.18166661
v -1.40953898 -0.51303023 2.17194438
v -1.47721159 -0.26047227 2.16222215
v -1.5 -0 2.15249991
v -1.47721159 0.26047227 2.14277768
v -1.40953898 0.51303023 2.13305545
v -1.29903805 0.75 2.12333322
v -1.14906669 0.96418142 2.11361098
v -0.96418142 1.14906669 2.10388875
v -0.75 1.29903805 2.09416652
v -0.51303023 1.40953898 2.08444452
v -0.26047227 1.47721159 2.07472229
v -0 1.5 2.06500006
v 0.22757581 1.29064655 2.26527762
v 0.44823685 1.23152065 2.25555563
v 0.65527844 1.13497555 2.2458334
v 0.84240973 1.00394487 2.23611116
v 1.00394487 0.84240973 2.22638893
v 1.13497555 0.65527844 2.2166667
v 1.23152065 0.44823685 2.20694447
v 1.29064655 0.22757581 2.19722223
v 1.31055689 0 2.1875
v 1.29064655 -0.22757581 2.17777777
v 1.23152065 -0.44823685 2.16805553
v 1.13497555 -0.65527844 2.1583333
v 1.00394487 -0.84240973 2.14861107
v 0.84240973 -1.00394487 2.13888884
v 0.65527844 -1.13497555 2.1291666
v 0.44823685 -1.23152065 2.11944437
v 0.22757581 -1.29064655 2.10972214
v 0 -1.31055689 2.0999999
v -0.22757581 -1.29064655 2.09027767
v -0.44823685 -1.23152065 2.08055544
v -0.65527844 -1.13497555 2.07083321
v -0.84240973 -1.00394487 2.06111097
v -1.00394487 -0.84240973 2.05138874
v -1.13497555 -0.65527844 2.04166675
v -1.23152065 -0.44823685 2.03194451
v -1.29064655 -0.22757581 2.02222228
v -1.31055689 -0 2.01250005
v -1.29064655 0.22757581 2.00277781
v -1.23152065 0.44823685 1.99305546
v -1.13497555 0.65527844 1.98333335
v -1.00394487 0.84240973 1.97361112
v -0.84240973 1.00394487 1.96388888
v -0.65527844 1.13497555 1.95416665
v -0.44823685 1.23152065 1.94444442
v -0.22757581 1.29064655 1.93472219
v -0 1.31055689 1.92499995
v 0.22757581 1.29064655 2.23027778
v 0.44823685 1.23152065 2.22055554
v 0.65527844 1.13497555 2.21083331
v 0.84240973 1.00394487 2.20111108
v 1.00394487 0.84240973 2.19138885
v 1.13497555 0.65527844 2.18166661
v 1.23152065 0.44823685 2.17194438
v 1.29064655 0.22757581 2.16222215
v 1.31055689 0 2.15249991
v 1.29064655 -0.22757581 2.14277768
v 1.23152065 -0.44823685 2.13305545
v 1.13497555 -0.65527844 2.12333322
v 1.00394487 -0.84240973 2.11361098
v 0.84240973 -1.00394487 2.10388875
v 0.65527844 -1.13497555 2.09416652
v 0.44823685 -1.23152065 2.08444452
v 0.22757581 -1.29064655 2.07472229
v 0 -1.31055689 2.06500006
v -0.22757581 -1.29064655 2.05527782
v -0.44823685 -1.23152065 2.04555559
v -0.65527844 -1.13497555 2.03583336
v -0.84240973 -1.00394487 2.02611113
v -1.00394487 -0.84240973 2.01638889
v -1.13497555 -0.65527844 2.00666666
v -1.23152065 -0.44823685 1.99694443
v -1.29064655 -0.22757581 1.98722219
v -1.31055689 -0 1.97749996
v -1.29064655 0.22757581 1.96777773
v -1.23152065 0.44823685 1.9580555
v -1.13497555 0.65527844 1.94833326
v -1.00394487 0.84240973 1.93861103
v -0.84240973 1.00394487 1.9288888
v -0.65527844 1.13497555 1.91916668
v -0.44823685 1.23152065 1.90944445
v -0.22757581 1.29064655 1.89972222
v -0 1.31055689 1.88999999
v 0.26047227 1.47721159 2.09027767
v 0.51303023 1.40953898 2.08055544
v 0.75 1.29903805 2.07083321
v 0.96418142 1.14906669 2.06111097
v 1.14906669 0.96418142 2.05138874
v 1.29903805 0.75 2.04166675
v 1.40953898 0.51303023 2.03194451
v 1.47721159 0.26047227 2.02222228
v 1.5 0 2.01250005
v 1.47721159 -0.26047227 2.00277781
v 1.40953898 -0.51303023 1.99305546
v 1.29903805 -0.75 1.98333335
v 1.14906669 -0.96418142 1.97361112
v 0.96418142 -1.14906669 1.96388888
v 0.75 -1.29903805 1.95416665
v 0.51303023 -1.40953898 1.94444442
v 0.26047227 -1.47721159 1.93472219
v 0 -1.5 1.92499995
v -0.26047227 -1.47721159 1.91527772
v -0.51303023 -1.40953898 1.90555549
v -0.75 -1.29903805 1.89583325
v -0.96418142 -1.14906669 1.88611102
v -1.14906669 -0.96418142 1.87638891
v -1.29903805 -0.75 1.86666667
v -1.40953898 -0.51303023 1.85694444
v -1.47721159 -0.26047227 1.84722221
v -1.5 -0 1.83749998
v -1.47721159 0.26047227 1.82777774
v -1.40953898 0.51303023 1.81805551
v -1.29903805 0.75 1.80833328
v -1.14906669 0.96418142 1.79861104
v -0.96418142 1.14906669 1.78888881
v -0.75 1.29903805 1.77916658
v -0.51303023 1.40953898 1.76944447
v -0.26047227 1.47721159 1.75972223
v -0 1.5 1.75
v 0.26047227 1.47721159 2.05527782
v 0.51303023 1.40953898 2.04555559
v 0.75 1.29903805 2.03583336
v 0.96418142 1.14906669 2.02611113
v 1.14906669 0.96418142 2.01638889
v 1.29903805 0.75 2.00666666
v 1.40953898 0.51303023 1.99694443
v 1.47721159 0.26047227 1.98722219
v 1.5 0 1.97749996
v 1.47721159 -0.26047227 1.96777773
v 1.40953898 -0.51303023 1.9580555
v 1.29903805 -0.75 1.94833326
v 1.14906669 -0.96418142 1.93861103
v 0.96418142 -1.14906669 1.9288888
v 0.75 -1.29903805 1.91916668
v 0.51303023 -1.40953898 1.90944445
v 0.26047227 -1.47721159 1.89972222
v 0 -1.5 1.88999999
v -0.26047227 -1.47721159 1.88027775
v -0.51303023 -1.40953898 1.87055552
v -0.75 -1.29903805 1.86083329
v -0.96418142 -1.14906669 1.85111105
v -1.14906669 -0.96418142 1.84138882
v -1.29903805 -0.75 1.83166659
v -1.40953898 -0.51303023 1.82194436
v -1.47721159 -0.26047227 1.81222224
v -1.5 -0 1.80250001
v -1.47721159 0.26047227 1.79277778
v -1.40953898 0.51303023 1.78305554
v -1.29903805 0.75 1.77333331
v -1.14906669 0.96418142 1.76361108
v -0.96418142 1.14906669 1.75388885
v -0.75 1.29903805 1.74416661
v -0.51303023 1.40953898 1.73444438
v -0.26047227 1.47721159 1.72472215
v -0 1.5 1.71499991
v 0.22757581 1.29064655 1.91527772
v 0.44823685 1.23152065 1.90555549
v 0.65527844 1.13497555 1.89583325
v 0.84240973 1.00394487 1.88611102
v 1.00394487 0.84240973 1.87638891
v 1.13497555 0.65527844 1.86666667
v 1.23152065 0.44823685 1.85694444
v 1.29064655 0.22757581 1.84722221
v 1.31055689 0 1.83749998
v 1.29064655 -0.22757581 1.82777774
v 1.23152065 -0.44823685 1.81805551
v 1.13497555 -0.65527844 1.80833328
v 1.00394487 -0.84240973 1.79861104
v 0.84240973 -1.00394487 1.78888881
v 0.65527844 -1.13497555 1.77916658
v 0.44823685 -1.23152065 1.76944447
v 0.22757581 -1.29064655 1.75972223
v 0 -1.31055689 1.75
v -0.22757581 -1.29064655 1.74027777
v -0.44823685 -1.23152065 1.73055553
v -0.65527844 -1.13497555 1.7208333
v -0.84240973 -1.00394487 1.71111107
v -1.00394487 -0.84240973 1.70138884
v -1.13497555 -0.65527844 1.6916666
v -1.23152065 -0.44823685 1.68194437
v -1.29064655 -0.22757581 1.67222214
v -1.31055689 -0 1.66250002
v -1.29064655 0.22757581 1.65277779
v -1.23152065 0.44823685 1.64305556
v -1.13497555 0.65527844 1.63333333
v -1.00394487 0.84240973 1.62361109
v -0.84240973 1.00394487 1.61388886
v -0.65527844 1.13497555 1.60416663
v -0.44823685 1.23152065 1.59444439
v -0.22757581 1.29064655 1.58472216
v -0 1.31055689 1.57499993
v 0.22757581 1.29064655 1.88027775
v 0.44823685 1.23152065 1.87055552
v 0.65527844 1.13497555 1.86083329
v 0.84240973 1.00394487 1.85111105
v 1.00394487 0.84240973 1.84138882
v 1.13497555 0.65527844 1.83166659
v 1.23152065 0.44823685 1.82194436
v 1.29064655 0.22757581 1.81222224
v 1.31055689 0 1.80250001
v 1.29064655 -0.22757581 1.79277778
v 1.23152065 -0.44823685 1.78305554
v 1.13497555 -0.65527844 1.77333331
v 1.00394487 -0.84240973 1.76361108
v 0.84240973 -1.00394487 1.75388885
v 0.65527844 -1.13497555 1.74416661
v 0.44823685 -1.23152065 1.73444438
v 0.22757581 -1.29064655 1.72472215
v 0 -1.31055689 1.71499991
v -0.22757581 -1.29064655 1.7052778
v -0.44823685 -1.23152065 1.69555557
v -0.65527844 -1.13497555 1.68583333
v -0.84240973 -1.00394487 1.6761111
v -1.00394487 -0.84240973 1.66638887
v -1.13497555 -0.65527844 1.65666664
v -1.23152065 -0.44823685 1.6469444
v -1.29064655 -0.22757581 1.63722217
v -1.31055689 -0 1.62749994
v -1.29064655 0.22757581 1.61777771
v -1.23152065 0.44823685 1.60805547
v -1.13497555 0.65527844 1.59833336
v -1.00394487 0.84240973 1.58861113
v -0.84240973 1.00394487 1.57888889
v -0.65527844 1.13497555 1.56916666
v -0.44823685 1.23152065 1.55944443
v -0.22757581 1.29064655 1.54972219
v -0 1.31055689 1.53999996
v 0.26047227 1.47721159 1.74027777
v 0.51303023 1.40953898 1.73055553
v 0.75 1.29903805 1.7208333
v 0.96418142 1.14906669 1.71111107
v 1.14906669 0.96418142 1.70138884
v 1.29903805 0.75 1.6916666
v 1.40953898 0.51303023 1.68194437
v 1.47721159 0.26047227 1.67222214
v 1.5 0 1.66250002
v 1.47721159 -0.26047227 1.65277779
v 1.40953898 -0.51303023 1.64305556
v 1.29903805 -0.75 1.63333333
v 1.14906669 -0.96418142 1.62361109
v 0.96418142 -1.14906669 1.61388886
v 0.75 -1.29903805 1.60416663
v 0.51303023 -1.40953898 1.59444439
v 0.26047227 -1.47721159 1.58472216
v 0 -1.5 1.57499993
v -0.26047227 -1.47721159 1.5652777
v -0.51303023 -1.40953898 1.55555558
v -0.75 -1.29903805 1.54583335
v -0.96418142 -1.14906669 1.53611112
v -1.14906669 -0.96418142 1.52638888
v -1.29903805 -0.75 1.51666665
v -1.40953898 -0.51303023 1.50694442
v -1.47721159 -0.26047227 1.49722219
v -1.5 -0 1.48749995
v -1.47721159 0.26047227 1.47777772
v -1.40953898 0.51303023 1.46805549
v -1.29903805 0.75 1.45833325
v -1.14906669 0.96418142 1.44861114
v -0.96418142 1.14906669 1.43888891
v -0.75 1.29903805 1.42916667
v -0.51303023 1.40953898 1.41944444
v -0.26047227 1.47721159 1.40972221
v -0 1.5 1.39999998
v 0.26047227 1.47721159 1.7052778
v 0.51303023 1.40953898 1.69555557
v 0.75 1.29903805 1.68583333
v 0.96418142 1.14906669 1.6761111
v 1.14906669 0.96418142 1.66638887
v 1.29903805 0.75 1.65666664
v 1.40953898 0.51303023 1.6469444
v 1.47721159 0.26047227 1.63722217
v 1.5 0 1.62749994
v 1.47721159 -0.26047227 1.61777771
v 1.40953898 -0.51303023 1.60805547
v 1.29903805 -0.75 1.59833336
v 1.14906669 -0.96418142 1.58861113
v 0.96418142 -1.14906669 1.57888889
v 0.75 -1.29903805 1.56916666
v 0.51303023 -1.40953898 1.55944443
v 0.26047227 -1.47721159 1.54972219
v 0 -1.5 1.53999996
v -0.26047227 -1.47721159 1.53027773
v -0.51303023 -1.40953898 1.5205555
v -0.75 -1.29903805 1.51083326
v -0.96418142 -1.14906669 1.50111103
v -1.14906669 -0.96418142 1.49138892
v -1.29903805 -0.75 1.48166668
v -1.40953898 -0.51303023 1.47194445
v -1.47721159 -0.26047227 1.46222222
v -1.5 -0 1.45249999
v -1.47721159 0.26047227 1.44277775
v -1.40953898 0.51303023 1.43305552
v -1.29903805 0.75 1.42333329
v -1.14906669 0.96418142 1.41361105
v -0.96418142 1.14906669 1.40388882
v -0.75 1.29903805 1.39416659
v -0.51303023 1.40953898 1.38444448
v -0.26047227 1.47721159 1.37472224
v -0 1.5 1.36500001
v 0.22757581 1.29064655 1.5652777
v 0.44823685 1.23152065 1.55555558
v 0.65527844 1.13497555 1.54583335
v 0.84240973 1.00394487 1.53611112
v 1.00394487 0.84240973 1.52638888
v 1.13497555 0.65527844 1.51666665
v 1.23152065 0.44823685 1.50694442
v 1.29064655 0.22757581 1.49722219
v 1.31055689 0 1.48749995
v 1.29064655 -0.22757581 1.47777772
v 1.23152065 -0.44823685 1.46805549
v 1.13497555 -0.65527844 1.45833325
v 1.00394487 -0.84240973 1.44861114
v 0.84240973 -1.00394487 1.43888891
v 0.65527844 -1.13497555 1.42916667
v 0.44823685 -1.23152065 1.41944444
v 0.22757581 -1.29064655 1.40972221
v 0 -1.31055689 1.39999998
v -0.22757581 -1.29064655 1.39027774
v -0.44823685 -1.23152065 1.38055551
v -0.65527844 -1.13497555 1.37083328
v -0.84240973 -1.00394487 1.36111104
v -1.00394487 -0.84240973 1.35138881
v -1.13497555 -0.65527844 1.3416667
v -1.23152065 -0.44823685 1.33194447
v -1.29064655 -0.22757581 1.32222223
v -1.31055689 -0 1.3125
v -1.29064655 0.22757581 1.30277777
v -1.23152065 0.44823685 1.29305553
v -1.13497555 0.65527844 1.2833333
v -1.00394487 0.84240973 1.27361107
v -0.84240973 1.00394487 1.26388884
v -0.65527844 1.13497555 1.2541666
v -0.44823685 1.23152065 1.24444437
v -0.22757581 1.29064655 1.23472226
v -0 1.31055689 1.22500002
v 0.22757581 1.29064655 1.53027773
v 0.44823685 1.23152065 1.5205555
v 0.65527844 1.13497555 1.51083326
v 0.84240973 1.00394487 1.50111103
v 1.00394487 0.84240973 1.49138892
v 1.13497555 0.65527844 1.48166668
v 1.23152065 0.44823685 1.47194445
v 1.29064655 0.22757581 1.46222222
v 1.31055689 0 1.45249999
v 1.29064655 -0.22757581 1.44277775
v 1.23152065 -0.44823685 1.43305552
v 1.13497555 -0.65527844 1.42333329
v 1.00394487 -0.84240973 1.41361105
v 0.84240973 -1.00394487 1.40388882
v 0.65527844 -1.13497555 1.39416659
v 0.44823685 -1.23152065 1.38444448
v 0.22757581 -1.29064655 1.37472224
v 0 -1.31055689 1.36500001
v -0.22757581 -1.29064655 1.35527778
v -0.44823685 -1.23152065 1.34555554
v -0.65527844 -1.13497555 1.33583331
v -0.84240973 -1.00394487 1.32611108
v -1.00394487 -0.84240973 1.31638885
v -1.13497555 -0.65527844 1.30666661
v -1.23152065 -0.44823685 1.29694438
v -1.29064655 -0.22757581 1.28722215
v -1.31055689 -0 1.27750003
v -1.29064655 0.22757581 1.2677778
v -1.23152065 0.44823685 1.25805557
v -1.13497555 0.65527844 1.24833333
v -1.00394487 0.84240973 1.2386111
v -0.84240973 1.00394487 1.22888887
v -0.65527844 1.13497555 1.21916664
v -0.44823685 1.23152065 1.2094444
v -0.22757581 1.29064655 1.19972217
v -0 1.31055689 1.18999994
v 0.26047227 1.47721159 1.39027774
v 0.51303023 1.40953898 1.38055551
v 0.75 1.29903805 1.37083328
v 0.96418142 1.14906669 1.36111104
v 1.14906669 0.96418142 1.35138881
v 1.29903805 0.75 1.3416667
v 1.40953898 0.51303023 1.33194447
v 1.47721159 0.26047227 1.32222223
v 1.5 0 1.3125
v 1.47721159 -0.26047227 1.30277777
v 1.40953898 -0.51303023 1.29305553
v 1.29903805 -0.75 1.2833333
v 1.14906669 -0.96418142 1.27361107
v 0.96418142 -1.14906669 1.26388884
v 0.75 -1.29903805 1.2541666
v 0.51303023 -1.40953898 1.24444437
v 0.26047227 -1.47721159 1.23472226
v 0 -1.5 1.22500002
v -0.26047227 -1.47721159 1.21527779
v -0.51303023 -1.40953898 1.20555556
v -0.75 -1.29903805 1.19583333
v -0.96418142 -1.14906669 1.18611109
v -1.14906669 -0.96418142 1.17638886
v -1.29903805 -0.75 1.16666663
v -1.40953898 -0.51303023 1.15694439
v -1.47721159 -0.26047227 1.14722216
v -1.5 -0 1.13749993
v -1.47721159 0.26047227 1.12777781
v -1.40953898 0.51303023 1.11805558
v -1.29903805 0.75 1.10833335
v -1.14906669 0.96418142 1.09861112
v -0.96418142 1.14906669 1.08888888
v -0.75 1.29903805 1.07916665
v -0.51303023 1.40953898 1.06944442
v -0.26047227 1.47721159 1.05972219
v -0 1.5 1.04999995
v 0.26047227 1.47721159 1.35527778
v 0.51303023 1.40953898 1.34555554
v 0.75 1.29903805 1.33583331
v 0.96418142 1.14906669 1.32611108
v 1.14906669 0.96418142 1.31638885
v 1.29903805 0.75 1.30666661
v 1.40953898 0.51303023 1.29694438
v 1.47721159 0.26047227 1.28722215
v 1.5 0 1.27750003
v 1.47721159 -0.26047227 1.2677778
v 1.40953898 -0.51303023 1.25805557
v 1.29903805 -0.75 1.24833333
v 1.14906669 -0.96418142 1.2386111
v 0.96418142 -1.14906669 1.22888887
v 0.75 -1.29903805 1.21916664
v 0.51303023 -1.40953898 1.2094444
v 0.26047227 -1.47721159 1.19972217
v 0 -1.5 1.18999994
v -0.26047227 -1.47721159 1.18027771
v -0.51303023 -1.40953898 1.17055559
v -0.75 -1.29903805 1.16083336
v -0.96418142 -1.14906669 1.15111113
v -1.14906669 -0.96418142 1.14138889
v -1.29903805 -0.75 1.13166666
v -1.40953898 -0.51303023 1.12194443
v -1.47721159 -0.26047227 1.11222219
v -1.5 -0 1.10249996
v -1.47721159 0.26047227 1.09277773
v -1.40953898 0.51303023 1.0830555
v -1.29903805 0.75 1.07333326
v -1.14906669 0.96418142 1.06361115
v -0.96418142 1.14906669 1.05388892
v -0.75 1.29903805 1.04416668
v -0.51303023 1.40953898 1.03444445
v -0.26047227 1.47721159 1.02472222
v -0 1.5 1.01499999
v 0.22757581 1.29064655 1.21527779
v 0.44823685 1.23152065 1.20555556
v 0.65527844 1.13497555 1.19583333
v 0.84240973 1.00394487 1.18611109
v 1.00394487 0.84240973 1.17638886
v 1.13497555 0.65527844 1.16666663
v 1.23152065 0.44823685 1.15694439
v 1.29064655 0.22757581 1.14722216
v 1.31055689 0 1.13749993
v 1.29064655 -0.22757581 1.12777781
v 1.23152065 -0.44823685 1.11805558
v 1.13497555 -0.65527844 1.10833335
v 1.00394487 -0.84240973 1.09861112
v 0.84240973 -1.00394487 1.08888888
v 0.65527844 -1.13497555 1.07916665
v 0.44823685 -1.23152065 1.06944442
v 0.22757581 -1.29064655 1.05972219
v 0 -1.31055689 1.04999995
v -0.22757581 -1.29064655 1.04027772
v -0.44823685 -1.23152065 1.03055549
v -0.65527844 -1.13497555 1.02083337
v -0.84240973 -1.00394487 1.01111114
v -1.00394487 -0.84240973 1.00138891
v -1.13497555 -0.65527844 0.99166667
v -1.23152065 -0.44823685 0.98194444
v -1.29064655 -0.22757581 0.97222221
v -1.31055689 -0 0.96249998
v -1.29064655 0.22757581 0.95277774
v -1.23152065 0.44823685 0.94305551
v -1.13497555 0.65527844 0.93333334
v -1.00394487 0.84240973 0.9236111
v -0.84240973 1.00394487 0.91388887
v -0.65527844 1.13497555 0.90416664
v -0.44823685 1.23152065 0.89444441
v -0.22757581 1.29064655 0.88472223
v -0 1.31055689 0.875
v 0.22757581 1.29064655 1.18027771
v 0.44823685 1.23152065 1.17055559
v 0.65527844 1.13497555 1.16083336
v 0.84240973 1.00394487 1.15111113
v 1.00394487 0.84240973 1.14138889
v 1.13497555 0.65527844 1.13166666
v 1.23152065 0.44823685 1.12194443
v 1.29064655 0.22757581 1.11222219
v 1.31055689 0 1.10249996
v 1.29064655 -0.22757581 1.09277773
v 1.23152065 -0.44823685 1.0830555
v 1.13497555 -0.65527844 1.07333326
v 1.00394487 -0.84240973 1.06361115
v 0.84240973 -1.00394487 1.05388892
v 0.65527844 -1.13497555 1.04416668
v 0.44823685 -1.23152065 1.03444445
v 0.22757581 -1.29064655 1.02472222
v 0 -1.31055689 1.01499999
v -0.22757581 -1.29064655 1.00527775
v -0.44823685 -1.23152065 0.99555552
v -0.65527844 -1.13497555 0.98583329
v -0.84240973 -1.00394487 0.97611111
v -1.00394487 -0.84240973 0.96638888
v -1.13497555 -0.65527844 0.95666665
v -1.23152065 -0.44823685 0.94694442
v -1.29064655 -0.22757581 0.93722218
v -1.31055689 -0 0.92750001
v -1.29064655 0.22757581 0.91777778
v -1.23152065 0.44823685 0.90805554
v -1.13497555 0.65527844 0.89833331
v -1.00394487 0.84240973 0.88861108
v -0.84240973 1.00394487 0.87888885
v -0.65527844 1.13497555 0.86916667
v -0.44823685 1.23152065 0.85944444
v -0.22757581 1.29064655 0.84972221
v -0 1.31055689 0.83999997
v 0.26047227 1.47721159 1.04027772
v 0.51303023 1.40953898 1.03055549
v 0.75 1.29903805 1.02083337
v 0.96418142 1.14906669 1.01111114
v 1.14906669 0.96418142 1.00138891
v 1.29903805 0.75 0.99166667
v 1.40953898 0.51303023 0.98194444
v 1.47721159 0.26047227 0.97222221
v 1.5 0 0.96249998
v 1.47721159 -0.26047227 0.95277774
v 1.40953898 -0.51303023 0.94305551
v 1.29903805 -0.75 0.93333334
v 1.14906669 -0.96418142 0.9236111
v 0.96418142 -1.14906669 0.91388887
v 0.75 -1.29903805 0.90416664
v 0.51303023 -1.40953898 0.89444441
v 0.26047227 -1.47721159 0.88472223
v 0 -1.5 0.875
v -0.26047227 -1.47721159 0.86527777
v -0.51303023 -1.40953898 0.85555553
v -0.75 -1.29903805 0.8458333
v -0.96418142 -1.14906669 0.83611107
v -1.14906669 -0.96418142 0.8263889
v -1.29903805 -0.75 0.81666666
v -1.40953898 -0.51303023 0.80694443
v -1.47721159 -0.26047227 0.7972222
v -1.5 -0 0.78749996
v -1.47721159 0.26047227 0.77777779
v -1.40953898 0.51303023 0.76805556
v -1.29903805 0.75 0.75833333
v -1.14906669 0.96418142 0.74861109
v -0.96418142 1.14906669 0.73888886
v -0.75 1.29903805 0.72916663
v -0.51303023 1.40953898 0.71944445
v -0.26047227 1.47721159 0.70972222
v -0 1.5 0.69999999
v 0.26047227 1.47721159 1.00527775
v 0.51303023 1.40953898 0.99555552
v 0.75 1.29903805 0.98583329
v 0.96418142 1.14906669 0.97611111
v 1.14906669 0.96418142 0.96638888
v 1.29903805 0.75 0.95666665
v 1.40953898 0.51303023 0.94694442
v 1.47721159 0.26047227 0.93722218
v 1.5 0 0.92750001
v 1.47721159 -0.26047227 0.91777778
v 1.40953898 -0.51303023 0.90805554
v 1.29903805 -0.75 0.89833331
v 1.14906669 -0.96418142 0.88861108
v 0.96418142 -1.14906669 0.87888885
v 0.75 -1.29903805 0.86916667
v 0.51303023 -1.40953898 0.85944444
v 0.26047227 -1.47721159 0.84972221
v 0 -1.5 0.83999997
v -0.26047227 -1.47721159 0.83027774
v -0.51303023 -1.40953898 0.82055557
v -0.75 -1.29903805 0.81083333
v -0.96418142 -1.14906669 0.8011111
v -1.14906669 -0.96418142 0.79138887
v -1.29903805 -0.75 0.78166664
v -1.40953898 -0.51303023 0.7719444
v -1.47721159 -0.26047227 0.76222223
v -1.5 -0 0.7525
v -1.47721159 0.26047227 0.74277776
v -1.40953898 0.51303023 0.73305553
v -1.29903805 0.75 0.7233333
v -1.14906669 0.96418142 0.71361113
v -0.96418142 1.14906669 0.70388889
v -0.75 1.29903805 0.69416666
v -0.51303023 1.40953898 0.68444443
v -0.26047227 1.47721159 0.67472219
v -0 1.5 0.66499996
v 0.22757581 1.29064655 0.86527777
v 0.44823685 1.23152065 0.85555553
v 0.65527844 1.13497555 0.8458333
v 0.84240973 1.00394487 0.83611107
v 1.00394487 0.84240973 0.8263889
v 1.13497555 0.65527844 0.81666666
v 1.23152065 0.44823685 0.80694443
v 1.29064655 0.22757581 0.7972222
v 1.31055689 0 0.78749996
v 1.29064655 -0.22757581 0.77777779
v 1.23152065 -0.44823685 0.76805556
v 1.13497555 -0.65527844 0.75833333
v 1.00394487 -0.84240973 0.74861109
v 0.84240973 -1.00394487 0.73888886
v 0.65527844 -1.13497555 0.72916663
v 0.44823685 -1.23152065 0.71944445
v 0.22757581 -1.29064655 0.70972222
v 0 -1.31055689 0.69999999
v -0.22757581 -1.29064655 0.69027776
v -0.44823685 -1.23152065 0.68055552
v -0.65527844 -1.13497555 0.67083335
v -0.84240973 -1.00394487 0.66111112
v -1.00394487 -0.84240973 0.65138888
v -1.13497555 -0.65527844 0.64166665
v -1.23152065 -0.44823685 0.63194442
v -1.29064655 -0.22757581 0.62222219
v -1.31055689 -0 0.61250001
v -1.29064655 0.22757581 0.60277778
v -1.23152065 0.44823685 0.59305555
v -1.13497555 0.65527844 0.58333331
v -1.00394487 0.84240973 0.57361108
v -0.84240973 1.00394487 0.56388891
v -0.65527844 1.13497555 0.55416667
v -0.44823685 1.23152065 0.54444444
v -0.22757581 1.29064655 0.53472221
v -0 1.31055689 0.52499998
v 0.22757581 1.29064655 0.83027774
v 0.44823685 1.23152065 0.82055557
v 0.65527844 1.13497555 0.81083333
v 0.84240973 1.00394487 0.8011111
v 1.00394487 0.84240973 0.79138887
v 1.13497555 0.65527844 0.78166664
v 1.23152065 0.44823685 0.7719444
v 1.29064655 0.22757581 0.76222223
v 1.31055689 0 0.7525
v 1.29064655 -0.22757581 0.74277776
v 1.23152065 -0.44823685 0.73305553
v 1.13497555 -0.65527844 0.7233333
v 1.00394487 -0.84240973 0.71361113
v 0.84240973 -1.00394487 0.70388889
v 0.65527844 -1.13497555 0.69416666
v 0.44823685 -1.23152065 0.68444443
v 0.22757581 -1.29064655 0.67472219
v 0 -1.31055689 0.66499996
v -0.22757581 -1.29064655 0.65527779
v -0.44823685 -1.23152065 0.64555556
v -0.65527844 -1.13497555 0.63583332
v -0.84240973 -1.00394487 0.62611109
v -1.00394487 -0.84240973 0.61638886
v -1.13497555 -0.65527844 0.60666668
v -1.23152065 -0.44823685 0.59694445
v -1.29064655 -0.22757581 0.58722222
v -1.31055689 -0 0.57749999
v -1.29064655 0.22757581 0.56777775
v -1.23152065 0.44823685 0.55805552
v -1.13497555 0.65527844 0.54833335
v -1.00394487 0.84240973 0.53861111
v -0.84240973 1.00394487 0.52888888
v -0.65527844 1.13497555 0.51916665
v -0.44823685 1.23152065 0.50944442
v -0.22757581 1.29064655 0.49972221
v -0 1.31055689 0.48999998
v 0.26047227 1.47721159 0.69027776
v 0.51303023 1.40953898 0.68055552
v 0.75 1.29903805 0.67083335
v 0.96418142 1.14906669 0.66111112
v 1.14906669 0.96418142 0.65138888
v 1.29903805 0.75 0.64166665
v 1.40953898 0.51303023 0.63194442
v 1.47721159 0.26047227 0.62222219
v 1.5 0 0.61250001
v 1.47721159 -0.26047227 0.60277778
v 1.40953898 -0.51303023 0.59305555
v 1.29903805 -0.75 0.58333331
v 1.14906669 -0.96418142 0.57361108
v 0.96418142 -1.14906669 0.56388891
v 0.75 -1.29903805 0.55416667
v 0.51303023 -1.40953898 0.54444444
v 0.26047227 -1.47721159 0.53472221
v 0 -1.5 0.52499998
v -0.26047227 -1.47721159 0.51527774
v -0.51303023 -1.40953898 0.50555557
v -0.75 -1.29903805 0.49583334
v -0.96418142 -1.14906669 0.4861111
v -1.14906669 -0.96418142 0.47638887
v -1.29903805 -0.75 0.46666667
v -1.40953898 -0.51303023 0.45694444
v -1.47721159 -0.26047227 0.4472222
v -1.5 -0 0.4375
v -1.47721159 0.26047227 0.42777777
v -1.40953898 0.51303023 0.41805553
v -1.29903805 0.75 0.40833333
v -1.14906669 0.96418142 0.3986111
v -0.96418142 1.14906669 0.3888889
v -0.75 1.29903805 0.37916666
v -0.51303023 1.40953898 0.36944443
v -0.26047227 1.47721159 0.35972223
v -0 1.5 0.34999999
v 0.26047227 1.47721159 0.65527779
v 0.51303023 1.40953898 0.64555556
v 0.75 1.29903805 0.63583332
v 0.96418142 1.14906669 0.62611109
v 1.14906669 0.96418142 0.61638886
v 1.29903805 0.75 0.60666668
v 1.40953898 0.51303023 0.59694445
v 1.47721159 0.26047227 0.58722222
v 1.5 0 0.57749999
v 1.47721159 -0.26047227 0.56777775
v 1.40953898 -0.51303023 0.55805552
v 1.29903805 -0.75 0.54833335
v 1.14906669 -0.96418142 0.53861111
v 0.96418142 -1.14906669 0.52888888
v 0.75 -1.29903805 0.51916665
v 0.51303023 -1.40953898 0.50944442
v 0.26047227 -1.47721159 0.49972221
v 0 -1.5 0.48999998
v -0.26047227 -1.47721159 0.48027778
v -0.51303023 -1.40953898 0.47055554
v -0.75 -1.29903805 0.46083331
v -0.96418142 -1.14906669 0.45111111
v -1.14906669 -0.96418142 0.44138888
v -1.29903805 -0.75 0.43166667
v -1.40953898 -0.51303023 0.42194444
v -1.47721159 -0.26047227 0.41222221
v -1.5 -0 0.4025
v -1.47721159 0.26047227 0.39277777
v -1.40953898 0.51303023 0.38305554
v -1.29903805 0.75 0.37333333
v -1.14906669 0.96418142 0.3636111
v -0.96418142 1.14906669 0.35388887
v -0.74708331 1.29398632 0.34416667
v -0.50770992 1.39492154 0.33444443
v -0.25608283 1.45231783 0.32472223
v -0 1.46500003 0.315
v 0.22757581 1.29064655 0.51527774
v 0.44823685 1.23152065 0.50555557
v 0.65527844 1.13497555 0.49583334
v 0.84240973 1.00394487 0.4861111
v 1.00394487 0.84240973 0.47638887
v 1.13497555 0.65527844 0.46666667
v 1.23152065 0.44823685 0.45694444
v 1.29064655 0.22757581 0.4472222
v 1.31055689 0 0.4375
v 1.29064655 -0.22757581 0.42777777
v 1.23152065 -0.44823685 0.41805553
v 1.13497555 -0.65527844 0.40833333
v 1.00394487 -0.84240973 0.3986111
v 0.84240973 -1.00394487 0.3888889
v 0.65527844 -1.13497555 0.37916666
v 0.44823685 -1.23152065 0.36944443
v 0.22757581 -1.29064655 0.35972223
v 0 -1.31055689 0.34999999
v -0.22757581 -1.29064655 0.34027776
v -0.44823685 -1.23152065 0.33055556
v -0.65527844 -1.13497555 0.32083333
v -0.84240973 -1.00394487 0.31111109
v -1.00394487 -0.84240973 0.30138889
v -1.13497555 -0.65527844 0.29166666
v -1.23152065 -0.44823685 0.28194445
v -1.29064655 -0.22757581 0.27222222
v -1.31055689 -0 0.26249999
v -1.29064655 0.22757581 0.25277779
v -1.23152065 0.44823685 0.24305555
v -1.13497555 0.65527844 0.23333333
v -1.00394487 0.84240973 0.2236111
v -0.84240973 1.00394487 0.21388888
v -0.65527844 1.13497555 0.20416667
v -0.44823685 1.23152065 0.19444445
v -0.22757581 1.29064655 0.18472221
v -0 1.31055689 0.175
v 0.22757581 1.29064655 0.48027778
v 0.44823685 1.23152065 0.47055554
v 0.65527844 1.13497555 0.46083331
v 0.84240973 1.00394487 0.45111111
v 1.00394487 0.84240973 0.44138888
v 1.13497555 0.65527844 0.43166667
v 1.23152065 0.44823685 0.42194444
v 1.29064655 0.22757581 0.41222221
v 1.31055689 0 0.4025
v 1.29064655 -0.22757581 0.39277777
v 1.23152065 -0.44823685 0.38305554
v 1.13497555 -0.65527844 0.37333333
v 1.00394487 -0.84240973 0.3636111
v 0.84240973 -1.00394487 0.35388887
v 0.65527844 -1.13497555 0.34416667
v 0.44823685 -1.23152065 0.33444443
v 0.22757581 -1.29064655 0.32472223
v 0 -1.31055689 0.315
v -0.22757581 -1.29064655 0.30527776
v -0.44823685 -1.23152065 0.29555556
v -0.65527844 -1.13497555 0.28583333
v -0.84240973 -1.00394487 0.2761111
v -1.00394487 -0.84240973 0.26638889
v -1.13497555 -0.65527844 0.25666666
v -1.23152065 -0.44823685 0.24694444
v -1.29064655 -0.22757581 0.23722222
v -1.31055689 -0 0.22749999
v -1.29064655 0.22757581 0.21777777
v -1.23152065 0.44823685 0.20805556
v -1.13497555 0.65527844 0.19833332
v -1.00394487 0.84240973 0.18861111
v -0.84240973 1.00394487 0.17888889
v -0.65527844 1.13497555 0.16916667
v -0.44785637 1.23047531 0.15944444
v -0.2256944 1.27997649 0.14972222
v -0 1.28999996 0.14
v 0.25878403 1.46763706 0.34027776
v 0.50637984 1.39126718 0.33055556
v 0.73541665 1.27377903 0.32083333
v 0.93918413 1.11927605 0.31111109
v 1.11182845 0.93293482 0.30138889
v 1.24852002 0.72083336 0.29166666
v 1.34558761 0.48975384 0.28194445
v 1.40061545 0.2469663 0.27222222
v 1.41250002 0 0.26249999
v 1.38146639 -0.2435898 0.25277779
v 1.309044 -0.47645307 0.24305555
v 1.19800186 -0.69166666 0.23333333
v 1.05224717 -0.88294023 0.2236111
v 0.87669086 -1.04479945 0.21388888
v 0.67708331 -1.17274272 0.20416667
v 0.4598271 -1.26336455 0.19444445
v 0.23177208 -1.31444478 0.18472221
v 0 -1.32500005 0.175
v -0.2283956 -1.29529572 0.16527778
v -0.44652629 -1.22682095 0.15555555
v -0.64791667 -1.12222457 0.14583333
v -0.82669628 -0.98521829 0.13611111
v -0.97777063 -0.82044697 0.12638889
v -1.09696555 -0.63333333 0.11666667
v -1.18114138 -0.42990032 0.10694444
v -1.22827411 -0.21657787 0.09722222
v -1.23749995 -0 0.0875
v -1.20912504 0.21320137 0.07777777
v -1.14459777 0.41659954 0.06805556
v -1.0464474 0.60416669 0.05833333
v -0.91818941 0.77045238 0.04861111
v -0.76420307 0.91074175 0.03888889
v -0.58958334 1.02118826 0.02916667
v -0.39997357 1.09891832 0.01944444
v -0.20138365 1.14210343 0.00972222
v -0 1.14999998 0
v 0.25270635 1.43316889 0.30527776
v 0.49440911 1.35837793 0.29555556
v 0.71791667 1.24346817 0.28583333
v 0.91668653 1.09246445 0.2761111
v 1.08501685 0.91043723 0.26638889
v 1.21820903 0.70333332 0.25666666
v 1.31269836 0.47778314 0.24694444
v 1.36614716 0.24088861 0.23722222
v 1.37750006 0 0.22749999
v 1.34699821 -0.23751211 0.21777777
v 1.27615476 -0.46448237 0.20805556
v 1.16769087 -0.67416668 0.19833332
v 1.02543557 -0.86044264 0.18861111
v 0.85419333 -1.01798797 0.17888889
v 0.65958333 -1.14243186 0.16916667
v 0.44785637 -1.23047531 0.15944444
v 0.2256944 -1.27997649 0.14972222
v 0 -1.28999996 0.14
v -0.2223179 -1.26082754 0.13027778
v -0.43455559 -1.1939317 0.12055555
v -0.63041669 -1.0919137 0.11083333
v -0.80419874 -0.95840675 0.10111111
v -0.95095909 -0.79794937 0.09138889
v -1.06665468 -0.61583334 0.08166666
v -1.14825213 -0.41792962 0.07194445
v -1.19380581 -0.21050018 0.06222222
v -1.20249999 -0 0.0525
v -1.17465675 0.20712368 0.04277778
v -1.11170852 0.40462884 0.03305556
v -1.01613653 0.58666664 0.02333333
v -0.89137781 0.74795479 0.01361111
v -0.74170548 0.88393015 0.00388889
v -0.57499999 0.99592924 0
v -0.39332315 1.08064651 0
v -0.19969541 1.1325289 0
v 0.22757581 1.29064655 0.16527778
v 0.44652629 1.22682095 0.15555555
v 0.64791667 1.12222457 0.14583333
v 0.82669628 0.98521829 0.13611111
v 0.97777063 0.82044697 0.12638889
v 1.09696555 0.63333333 0.11666667
v 1.18114138 0.42990032 0.10694444
v 1.22827411 0.21657787 0.09722222
v 1.23749995 0 0.0875
v 1.20912504 -0.21320137 0.07777777
v 1.14459777 -0.41659954 0.06805556
v 1.0464474 -0.60416669 0.05833333
v 0.91818941 -0.77045238 0.04861111
v 0.76420307 -0.91074175 0.03888889
v 0.58958334 -1.02118826 0.02916667
v 0.39997357 -1.09891832 0.01944444
v 0.20138365 -1.14210343 0.00972222
v 0 -1.14999998 0
v -0.19969541 -1.1325289 0
v -0.39332315 -1.08064651 0
v -0.57499999 -0.99592924 0
v -0.73920578 -0.88095111 0
v -0.88095111 -0.73920578 0
v -0.99592924 -0.57499999 0
v -1.08064651 -0.39332315 0
v -1.1325289 -0.19969541 0
v -1.14999998 -0 0
v -1.1325289 0.19969541 0
v -1.08064651 0.39332315 0
v -0.99592924 0.57499999 0
v -0.88095111 0.73920578 0
v -0.73920578 0.88095111 0
v 0.2223179 1.26082754 0.13027778
v 0.43455559 1.1939317 0.12055555
v 0.63041669 1.0919137 0.11083333
v 0.80419874 0.95840675 0.10111111
v 0.95095909 0.79794937 0.09138889
v 1.06665468 0.61583334 0.08166666
v 1.14825213 0.41792962 0.07194445
v 1.19380581 0.21050018 0.06222222
v 1.20249999 0 0.0525
v 1.17465675 -0.20712368 0.04277778
v 1.11170852 -0.40462884 0.03305556
v 1.01613653 -0.58666664 0.02333333
v 0.89137781 -0.74795479 0.01361111
v 0.74170548 -0.88393015 0.00388889
v 0.57499999 -0.99592924 0
v 0.39332315 -1.08064651 0
v 0.19969541 -1.1325289 0
v 0.19969541 1.1325289 0
v 0.39332315 1.08064651 0
v 0.57499999 0.99592924 0
v 0.73920578 0.88095111 0
v 0.88095111 0.73920578 0
v 0.99592924 0.57499999 0
v 1.08064651 0.39332315 0
v 1.1325289 0.19969541 0
v 1.14999998 0 0
v 1.1325289 -0.19969541 0
v 1.08064651 -0.39332315 0
v 0.99592924 -0.57499999 0
v 0.88095111 -0.73920578 0
v 0.73920578 -0.88095111 0
vn -0 0 1
vn 0.02997 0 0.99955
vn -0 0 1
vn 0 0 1
vn -0 0 1
vn 0.06174 0.70576 0.70576
vn 0.06175 0.70575 0.70576
vn 0.18336 0.68431 0.70576
vn 0.18336 0.68431 0.70576
vn 0.2994 0.64208 0.70576
vn 0.2994 0.64208 0.70576
vn 0 1 0
vn 0 1 0
vn 0 0 -1
vn 0.08716 0.99619 0
vn 0.08715 0.9962 0
vn 0.25884 0.96592 0
vn 0.25879 0.96593 0
vn 0.42263 0.9063 0
vn 0.42258 0.90632 0
vn 0 0 -1
vn -0 0 -1
vn -0 0 -1
vn 0 0 -1
vn -0 0 -1
vn 0.06175 0.70576 -0.70575
vn 0.06174 0.70575 -0.70576
vn 0.18334 0.68432 -0.70576
vn 0.18337 0.68431 -0.70576
vn 0.29939 0.64208 -0.70576
vn 0.29943 0.64207 -0.70576
vn 0 0 1
vn -0.02996 0 0.99955
vn 0 0 1
vn -0 0 1
vn 0.02995 0 0.99955
vn -0.06175 0.70576 0.70575
vn -0.06175 0.70576 0.70576
vn -0.18336 0.68431 0.70576
vn -0.18336 0.68431 0.70576
vn -0.2994 0.64208 0.70576
vn -0.2994 0.64208 0.70576
vn -0.08716 0.99619 0
vn -0.08715 0.9962 0
vn -0.25884 0.96592 0
vn -0.25879 0.96593 0
vn -0.42263 0.9063 0
vn -0.42258 0.90632 0
vn 0 0 -1
vn 0 0 -1
vn 0 0 -1
vn -0.06174 0.70576 -0.70576
vn -0.06175 0.70576 -0.70576
vn -0.18334 0.68432 -0.70576
vn -0.18337 0.68431 -0.70576
vn -0.29939 0.64208 -0.70577
vn -0.29941 0.64208 -0.70576
vn 0 0 1
vn 0 0 1
vn -0.00761 0 0.99997
vn -0 0 1
vn -0.58033 0.40635 0.70576
vn -0.58034 0.40635 0.70575
vn -0.50095 0.50095 0.70576
vn -0.50096 0.50095 0.70576
vn -0.40635 0.58033 0.70576
vn -0.40635 0.58033 0.70576
vn -0.86603 0.5 0
vn -0.86602 0.5 0
vn -0.86603 0.5 0
vn -0.86602 0.5 0
vn -0.86603 0.5 0
vn -0.86603 0.5 0
vn -0.86603 0.5 0
vn -0.86603 0.5 0
vn -0.86603 0.5 0
vn -0.86603 0.5 0
vn -0.86603 0.5 0
vn 1E-05 0 -1
vn -0.81917 0.57355 0
vn -0.81914 0.5736 0
vn -0.70713 0.70709 0
vn -0.70713 0.70709 0
vn -0.5736 0.81914 0
vn -0.57357 0.81916 0
vn 0 0 -1
vn -0 0 -1
vn -0 0 -1
vn -0.58032 0.40636 -0.70576
vn -0.58033 0.40635 -0.70576
vn -0.5009 0.50096 -0.70578
vn -0.50099 0.50094 -0.70574
vn -0.40633 0.58033 -0.70577
vn -0.40636 0.58032 -0.70576
vn -0.0075 0 0.99997
vn 0 0 1
vn -0 0 1
vn -0.64208 0.29941 0.70575
vn -0.64208 0.29941 0.70576
vn -0.68432 0.18336 0.70575
vn -0.68431 0.18336 0.70576
vn -0.70576 0.06175 0.70576
vn -0.70576 0.06175 0.70576
vn -0.86603 0.5 0
vn -0.86602 0.5 0
vn -0.86603 0.5 0
vn -0.86603 0.5 0
vn -0.86603 0.5 0
vn -0.86603 0.5 0
vn 2E-05 0 -1
vn -4E-05 0 -1
vn 1E-05 0 -1
vn -0.90631 0.42262 0
vn -0.96593 0.25881 0
vn -0.96592 0.25884 0
vn -0.9962 0.08715 0
vn 0 0 -1
vn -0 0 -1
vn 0 0 -1
vn -0 0 -1
vn 0 0 -1
vn -0.64205 0.29941 -0.70578
vn -0.64212 0.29939 -0.70572
vn -0.68433 0.18336 -0.70574
vn -0.68431 0.18336 -0.70576
vn -0.70576 0.06174 -0.70575
vn -0.70577 0.06174 -0.70574
vn -0 0 1
vn -0.01499 0 0.99989
vn -0 0 1
vn 0.00749 0 0.99997
vn -0 0 1
vn 0.00375 0 0.99999
vn -0.64206 -0.29941 0.70577
vn -0.6421 -0.2994 0.70574
vn -0.68431 -0.18336 0.70576
vn -0.68432 -0.18336 0.70576
vn -0.70576 -0.06175 0.70576
vn -0.70576 -0.06175 0.70576
vn -0.86603 -0.5 0
vn -0.86602 -0.5 0
vn -0.86602 -0.5 0
vn -0.86603 -0.5 0
vn -0.86602 -0.5 0
vn -0.86603 -0.5 0
vn -0.86603 -0.5 0
vn -0.86603 -0.5 0
vn -0.86603 -0.5 0
vn -0.86603 -0.5 0
vn 4E-05 0 -1
vn 1E-05 0 -1
vn -2E-05 0 -1
vn 0 0 -1
vn -0.90631 -0.42262 0
vn -0.90631 -0.42262 0
vn -0.96594 -0.25878 0
vn -0.96592 -0.25884 0
vn -0.99619 -0.08715 0
vn -0.99619 -0.08716 0
vn -0 0 -1
vn 0 0 -1
vn -0.64205 -0.29941 -0.70578
vn -0.6421 -0.2994 -0.70574
vn -0.68429 -0.18336 -0.70578
vn -0.68435 -0.18335 -0.70572
vn -0.70573 -0.06175 -0.70578
vn -0.70578 -0.06174 -0.70574
vn 0 0 1
vn 0 0 1
vn 0 0 1
vn -0.58037 -0.40634 0.70573
vn -0.58033 -0.40635 0.70576
vn -0.50096 -0.50095 0.70575
vn -0.50095 -0.50095 0.70576
vn -0.40635 -0.58033 0.70576
vn -0.40635 -0.58033 0.70576
vn -0.86603 -0.5 0
vn -0.86603 -0.5 0
vn -0.86603 -0.5 0
vn -0.86603 -0.5 0
vn -0.86603 -0.5 0
vn -0.86603 -0.5 0
vn -0.86603 -0.5 0
vn -0.86603 -0.5 0
vn -1E-05 0 -1
vn 0 0 -1
vn -0.81917 -0.57355 0
vn -0.81914 -0.5736 0
vn -0.70713 -0.70709 0
vn -0.70707 -0.70714 0
vn -0.5736 -0.81914 0
vn -0.57357 -0.81916 0
vn -0 0 -1
vn -0 0 -1
vn -0 0 -1
vn -0.58028 -0.40637 -0.70579
vn -0.58036 -0.40634 -0.70574
vn -0.50096 -0.50095 -0.70576
vn -0.50097 -0.50095 -0.70575
vn -0.40635 -0.58033 -0.70576
vn -0.40636 -0.58033 -0.70576
vn 0 0 1
vn -0.02997 0 0.99955
vn 0 0 1
vn 0 0 1
vn -0.01523 0 0.99988
vn -0.06174 -0.70576 0.70576
vn -0.06175 -0.70575 0.70576
vn -0.18336 -0.68431 0.70576
vn -0.18336 -0.68431 0.70576
vn -0.29941 -0.64208 0.70576
vn -0.2994 -0.64208 0.70576
vn 0 -1 0
vn 0 -1 0
vn -0 -1 0
vn -0 -1 0
vn -0 -1 0
vn 0 0 -1
vn -0.08716 -0.99619 0
vn -0.08715 -0.9962 0
vn -0.25884 -0.96592 0
vn -0.25879 -0.96593 0
vn -0.42262 -0.9063 0
vn -0.42263 -0.9063 0
vn -0 0 -1
vn 0 0 -1
vn 0 0 -1
vn -0 0 -1
vn -0.06175 -0.70576 -0.70576
vn -0.06174 -0.70575 -0.70576
vn -0.18334 -0.68432 -0.70576
vn -0.18336 -0.68431 -0.70576
vn -0.29936 -0.64209 -0.70577
vn -0.29943 -0.64207 -0.70575
vn -0 0 1
vn -0 0 1
vn 0 0 1
vn -0.02995 0 0.99955
vn 0.06175 -0.70576 0.70575
vn 0.06175 -0.70576 0.70576
vn 0.18336 -0.68431 0.70576
vn 0.18336 -0.68431 0.70576
vn 0.29941 -0.64208 0.70576
vn 0.2994 -0.64208 0.70576
vn -0 -1 0
vn -0 -1 0
vn 0 0 -1
vn -0 0 -1
vn 0.08716 -0.99619 0
vn 0.08715 -0.9962 0
vn 0.25884 -0.96592 0
vn 0.25879 -0.96593 0
vn 0.42263 -0.9063 0
vn 0.42258 -0.90632 0
vn -0 0 -1
vn -0 0 -1
vn 0 0 -1
vn 0.06174 -0.70575 -0.70576
vn 0.06175 -0.70576 -0.70576
vn 0.18334 -0.68432 -0.70576
vn 0.18336 -0.68431 -0.70576
vn 0.29935 -0.64208 -0.70578
vn 0.29944 -0.64207 -0.70575
vn 0 0 1
vn -0 0 1
vn 0 0 1
vn 0.58032 -0.40636 0.70577
vn 0.58039 -0.40633 0.70572
vn 0.50096 -0.50095 0.70576
vn 0.50094 -0.50095 0.70576
vn 0.40635 -0.58033 0.70576
vn 0.40635 -0.58033 0.70576
vn 0.86603 -0.5 0
vn 0.86602 -0.5 0
vn 0.86603 -0.5 0
vn 0.86603 -0.5 0
vn 0.86602 -0.5 0
vn 0.86603 -0.5 0
vn 0.86603 -0.5 0
vn 0.86603 -0.5 0
vn 0.86603 -0.5 0
vn 0.86603 -0.5 0
vn 0.86603 -0.5 0
vn -1E-05 0 -1
vn 0 0 -1
vn -0 0 -1
vn 0.81917 -0.57355 0
vn 0.81914 -0.5736 0
vn 0.70713 -0.70709 0
vn 0.70708 -0.70714 0
vn 0.5736 -0.81914 0
vn 0.57357 -0.81916 0
vn 0 0 -1
vn -0 0 -1
vn 0 0 -1
vn 0.58032 -0.40635 -0.70576
vn 0.58034 -0.40635 -0.70576
vn 0.50096 -0.50095 -0.70575
vn 0.50098 -0.50094 -0.70575
vn 0.40633 -0.58034 -0.70577
vn 0.40639 -0.58032 -0.70575
vn -0 0 1
vn 0.00375 0 0.99999
vn -0 0 1
vn -0 0 1
vn 0.64208 -0.29941 0.70575
vn 0.64207 -0.29941 0.70576
vn 0.68431 -0.18336 0.70576
vn 0.68431 -0.18336 0.70576
vn 0.70576 -0.06174 0.70576
vn 0.70576 -0.06175 0.70576
vn 0.86603 -0.5 0
vn 0.86603 -0.5 0
vn 0.86603 -0.5 0
vn 0.86602 -0.5 0
vn 0.86603 -0.5 0
vn 0.86603 -0.5 0
vn 0.86603 -0.5 0
vn -2E-05 0 -1
vn 0 0 -1
vn 0 0 -1
vn 0.90631 -0.42262 0
vn 0.90631 -0.42262 0
vn 0.96593 -0.25879 0
vn 0.96592 -0.25883 0
vn 0.99619 -0.08715 0
vn 0.99619 -0.08716 0
vn -0 0 -1
vn 0 0 -1
vn 0.64205 -0.29941 -0.70578
vn 0.64212 -0.29939 -0.70572
vn 0.6843 -0.18336 -0.70577
vn 0.68436 -0.18335 -0.70572
vn 0.70573 -0.06175 -0.70579
vn 0.70577 -0.06174 -0.70575
vn 0.01498 0 0.99989
vn -0.00749 0 0.99997
vn 0.64206 0.29941 0.70577
vn 0.6421 0.2994 0.70574
vn 0.68431 0.18336 0.70576
vn 0.68431 0.18336 0.70576
vn 0.70576 0.06175 0.70576
vn 0.70576 0.06175 0.70576
vn 0.86603 0.5 0
vn 0.86602 0.5 0
vn 0.86603 0.5 0
vn 0.86602 0.5 0
vn 0.86602 0.5 0
vn 0.86603 0.5 0
vn 0.86603 0.5 0
vn 0.86603 0.5 0
vn 0.86603 0.5 0
vn 0.86602 0.5 0
vn 0.86603 0.5 0
vn -4E-05 0 -1
vn -2E-05 0 -1
vn -0 0 -1
vn 0.90631 0.42262 0
vn 0.96593 0.25881 0
vn 0.96592 0.25884 0
vn 0.9962 0.08715 0
vn -0 0 -1
vn 0.64205 0.29941 -0.70578
vn 0.6421 0.2994 -0.70574
vn 0.68429 0.18336 -0.70578
vn 0.68431 0.18336 -0.70576
vn 0.70573 0.06175 -0.70578
vn 0.70579 0.06174 -0.70573
vn 0 0 1
vn -0.01501 0 0.99989
vn 0 0 1
vn 0.58037 0.40634 0.70573
vn 0.58032 0.40636 0.70576
vn 0.50096 0.50095 0.70575
vn 0.50095 0.50095 0.70576
vn 0.40634 0.58033 0.70576
vn 0.40636 0.58033 0.70576
vn 0.86603 0.5 0
vn 0.86603 0.5 0
vn 0.86603 0.5 0
vn 0.86603 0.5 0
vn 0.86602 0.5 0
vn 0.86603 0.5 0
vn 0.86603 0.5 0
vn 0.86603 0.5 0
vn 1E-05 0 -1
vn -4E-05 0 -1
vn 0 0 -1
vn 0.81917 0.57355 0
vn 0.81914 0.5736 0
vn 0.70713 0.70709 0
vn 0.70713 0.70709 0
vn 0.5736 0.81914 0
vn 0.57357 0.81916 0
vn -0 0 -1
vn 0 0 -1
vn 0 0 -1
vn 0.58028 0.40637 -0.70579
vn 0.58035 0.40634 -0.70574
vn 0.50096 0.50095 -0.70575
vn 0.50096 0.50094 -0.70576
vn 0.40633 0.58033 -0.70577
vn 0.40638 0.58032 -0.70575
vn 0.08716 0.99619 0
vn 0.08716 0.99619 0
vn 0.25882 0.96593 0
vn 0.42262 0.90631 0
vn 0.42262 0.90631 0
vn 0.57358 0.81915 0
vn 0.57358 0.81915 0
vn 0.70711 0.70711 0
vn 0.70711 0.70711 0
vn 0.81915 0.57358 0
vn 0.81915 0.57358 -0
vn 0.90631 0.42262 -0
vn 0.90631 0.42262 -0
vn 0.96593 0.25882 0
vn 0.96593 0.25882 -0
vn 0.99619 0.08716 -0
vn 0.99619 0.08716 0
vn 0.99619 -0.08716 0
vn 0.99619 -0.08716 0
vn 0.96593 -0.25882 -0
vn 0.96593 -0.25882 0
vn 0.90631 -0.42262 -0
vn 0.90631 -0.42262 -0
vn 0.81915 -0.57358 0
vn 0.81915 -0.57358 -0
vn 0.70711 -0.70711 0
vn 0.70711 -0.70711 -0
vn 0.57358 -0.81915 0
vn 0.57358 -0.81915 -0
vn 0.42262 -0.90631 0
vn 0.42262 -0.90631 0
vn 0.25882 -0.96593 0
vn 0.25882 -0.96593 0
vn 0.08716 -0.99619 0
vn 0.08716 -0.99619 -0
vn -0.08716 -0.99619 0
vn -0.08716 -0.99619 0
vn -0.25882 -0.96593 0
vn -0.25882 -0.96593 -0
vn -0.42262 -0.90631 -0
vn -0.42262 -0.90631 -0
vn -0.57358 -0.81915 0
vn -0.57358 -0.81915 -0
vn -0.70711 -0.70711 0
vn -0.70711 -0.70711 -0
vn -0.81915 -0.57358 -0
vn -0.81915 -0.57358 0
vn -0.90631 -0.42262 -0
vn -0.90631 -0.42262 -0
vn -0.96593 -0.25882 0
vn -0.96593 -0.25882 -0
vn -0.99619 -0.08716 -0
vn -0.99619 -0.08716 0
vn -0.99619 0.08716 0
vn -0.99619 0.08716 0
vn -0.96593 0.25882 -0
vn -0.96593 0.25882 0
vn -0.90631 0.42262 -0
vn -0.90631 0.42262 -0
vn -0.81915 0.57358 0
vn -0.81915 0.57358 -0
vn -0.7071 0.70711 0
vn -0.70711 0.70711 -0
vn -0.57358 0.81915 0
vn -0.57358 0.81915 0
vn -0.42262 0.90631 0
vn -0.42262 0.90631 0
vn -0.25882 0.96593 0
vn -0.08716 0.99619 0
vn -0.08716 0.99619 0
vn 0.07478 0.85477 -0.5136
vn 0.07478 0.85477 -0.5136
vn 0.22208 0.8288 -0.51359
vn 0.22207 0.8288 -0.5136
vn 0.36263 0.77764 -0.51359
vn 0.36262 0.77764 -0.51359
vn 0.49215 0.70286 -0.51359
vn 0.49215 0.70286 -0.51359
vn 0.60672 0.60672 -0.51359
vn 0.60673 0.60672 -0.51359
vn 0.70286 0.49215 -0.5136
vn 0.70286 0.49215 -0.5136
vn 0.77764 0.36262 -0.51359
vn 0.77764 0.36262 -0.5136
vn 0.8288 0.22207 -0.5136
vn 0.8288 0.22208 -0.51359
vn 0.85477 0.07478 -0.5136
vn 0.85477 0.07478 -0.51359
vn 0.85477 -0.07478 -0.5136
vn 0.85477 -0.07478 -0.51359
vn 0.8288 -0.22208 -0.51359
vn 0.8288 -0.22207 -0.51359
vn 0.77764 -0.36262 -0.51359
vn 0.77764 -0.36262 -0.5136
vn 0.70286 -0.49215 -0.5136
vn 0.70285 -0.49215 -0.5136
vn 0.60672 -0.60672 -0.51359
vn 0.60672 -0.60672 -0.5136
vn 0.49215 -0.70286 -0.51359
vn 0.49214 -0.70286 -0.5136
vn 0.36262 -0.77764 -0.5136
vn 0.36262 -0.77764 -0.51359
vn 0.22208 -0.8288 -0.5136
vn 0.22207 -0.8288 -0.51359
vn 0.07478 -0.85477 -0.5136
vn 0.07478 -0.85477 -0.5136
vn -0.07478 -0.85477 -0.5136
vn -0.07478 -0.85477 -0.5136
vn -0.22208 -0.8288 -0.51359
vn -0.22207 -0.8288 -0.5136
vn -0.36263 -0.77764 -0.51359
vn -0.36262 -0.77764 -0.51359
vn -0.49215 -0.70286 -0.51359
vn -0.49215 -0.70286 -0.51359
vn -0.60672 -0.60672 -0.51359
vn -0.60673 -0.60672 -0.51359
vn -0.70286 -0.49215 -0.5136
vn -0.70286 -0.49215 -0.5136
vn -0.77764 -0.36262 -0.51359
vn -0.77764 -0.36262 -0.5136
vn -0.8288 -0.22207 -0.5136
vn -0.8288 -0.22208 -0.51359
vn -0.85477 -0.07478 -0.5136
vn -0.85477 -0.07478 -0.51359
vn -0.85477 0.07478 -0.5136
vn -0.85477 0.07478 -0.51359
vn -0.8288 0.22208 -0.51359
vn -0.8288 0.22207 -0.51359
vn -0.77764 0.36262 -0.51359
vn -0.77764 0.36262 -0.5136
vn -0.70286 0.49215 -0.5136
vn -0.70285 0.49215 -0.5136
vn -0.60672 0.60672 -0.51359
vn -0.60672 0.60672 -0.5136
vn -0.49215 0.70286 -0.51359
vn -0.49214 0.70286 -0.5136
vn -0.36262 0.77764 -0.5136
vn -0.36262 0.77764 -0.51359
vn -0.22208 0.8288 -0.5136
vn -0.22207 0.8288 -0.51359
vn -0.07478 0.85477 -0.5136
vn -0.07478 0.85477 -0.5136
vn -0.57352 0.81919 0
vn -0.42264 0.9063 0
vn -0.42252 0.90635 0
vn -0.2588 0.96593 0
vn -0.25883 0.96592 0
vn -0.08716 0.99619 0
vn -0.08716 0.99619 0
vn -0.08716 -0.99619 0
vn -0.25881 -0.96593 0
vn -0.25885 -0.96592 0
vn -0.42261 -0.90631 0
vn -0.42258 -0.90633 0
vn -0.57359 -0.81914 0
vn -0.57358 -0.81915 0
vn -0.70711 -0.7071 0
vn -0.70711 -0.70711 0
vn -0.81916 -0.57357 0
vn -0.81915 -0.57358 0
vn -0.9063 -0.42263 0
vn -0.90631 -0.42261 0
vn -0.96593 -0.25882 0
vn -0.96593 -0.25882 0
vn -0.99619 -0.08716 0
vn -0.99619 -0.08716 0
vn -0.99619 0.08716 0
vn -0.99619 0.08716 0
vn -0.96593 0.25882 0
vn -0.96592 0.25882 0
vn -0.90631 0.42262 0
vn -0.90631 0.42262 0
vn -0.81915 0.57357 0
vn -0.81915 0.57358 0
vn -0.70711 0.70711 0
vn -0.7071 0.70711 0
vn -0.57358 0.81915 0
vn -0.57358 0.81915 0
vn -0.42262 0.90631 0
vn -0.42262 0.90631 0
vn -0.25882 0.96593 0
vn -0.25882 0.96593 0
vn -0.08716 0.99619 0
vn -0.08716 0.99619 0
vn 0.57352 -0.81919 0
vn 0.42264 -0.9063 0
vn 0.42252 -0.90635 0
vn 0.2588 -0.96593 0
vn 0.25883 -0.96592 0
vn 0.08716 -0.99619 0
vn 0.08716 -0.99619 0
vn -0.08716 -0.99619 0
vn -0.25882 -0.96592 0
vn -0.25881 -0.96593 0
vn -0.42261 -0.90631 0
vn -0.42263 -0.9063 0
vn -0.57358 -0.81915 0
vn -0.57356 -0.81916 0
vn -0.7071 -0.70711 0
vn -0.70712 -0.7071 0
vn -0.81914 -0.5736 0
vn -0.81915 -0.57358 0
vn -0.9063 -0.42263 0
vn -0.90631 -0.42261 0
vn -0.96593 -0.25882 0
vn -0.96593 -0.25882 0
vn -0.99619 -0.08716 0
vn -0.99619 -0.08715 0
vn -0.99619 0.08715 0
vn -0.99619 0.08715 0
vn -0.96593 0.25882 0
vn -0.96593 0.25881 0
vn -0.90631 0.42261 0
vn -0.90631 0.42261 0
vn -0.81915 0.57357 0
vn -0.81915 0.57357 0
vn -0.7071 0.70711 0
vn -0.7071 0.70711 0
vn -0.57358 0.81915 0
vn -0.57356 0.81916 0
vn -0.42263 0.9063 0
vn -0.42261 0.90631 0
vn -0.25883 0.96592 0
vn -0.25882 0.96592 0
vn -0.08715 0.9962 0
vn 0.08716 0.99619 0
vn 0.25881 0.96593 0
vn 0.25885 0.96592 0
vn 0.42261 0.90631 0
vn 0.42258 0.90633 0
vn 0.57359 0.81914 0
vn 0.57358 0.81915 0
vn 0.70711 0.7071 0
vn 0.70711 0.70711 0
vn 0.81916 0.57357 0
vn 0.81915 0.57358 0
vn 0.9063 0.42263 0
vn 0.90631 0.42261 0
vn 0.96593 0.25882 0
vn 0.96593 0.25882 0
vn 0.99619 0.08716 0
vn 0.99619 0.08716 0
vn 0.99619 -0.08716 0
vn 0.99619 -0.08716 0
vn 0.96593 -0.25882 0
vn 0.96592 -0.25882 0
vn 0.90631 -0.42262 0
vn 0.90631 -0.42262 0
vn 0.81915 -0.57357 0
vn 0.81915 -0.57358 0
vn 0.70711 -0.70711 0
vn 0.7071 -0.70711 0
vn 0.57358 -0.81915 0
vn 0.57358 -0.81915 0
vn 0.42262 -0.90631 0
vn 0.42262 -0.90631 0
vn 0.25882 -0.96593 0
vn 0.25882 -0.96593 0
vn 0.08716 -0.99619 0
vn 0.08716 -0.99619 0
vn -0.08716 -0.99619 0
vn -0.08715 -0.99619 0
vn -0.25881 -0.96593 0
vn -0.25882 -0.96593 0
vn -0.42262 -0.90631 0
vn -0.42262 -0.90631 0
vn -0.57358 -0.81915 0
vn -0.57358 -0.81915 0
vn -0.70711 -0.70711 0
vn -0.7071 -0.70711 0
vn -0.81915 -0.57358 0
vn -0.81915 -0.57357 0
vn -0.90631 -0.42262 0
vn -0.90631 -0.42261 0
vn -0.96593 -0.25882 0
vn -0.96593 -0.25882 0
vn -0.99619 -0.08716 0
vn -0.99619 -0.08716 0
vn -0.99619 0.08716 0
vn -0.99619 0.08716 0
vn -0.96593 0.25882 0
vn -0.96593 0.25882 0
vn -0.90631 0.42262 0
vn -0.90631 0.42262 0
vn -0.81915 0.57358 0
vn -0.81915 0.57358 0
vn -0.70711 0.70711 0
vn -0.70711 0.70711 0
vn -0.57358 0.81915 0
vn -0.57358 0.81915 0
vn -0.42262 0.90631 0
vn -0.42262 0.90631 0
vn -0.25882 0.96593 0
vn -0.25881 0.96593 0
vn -0.08716 0.99619 0
vn -0.08716 0.99619 0
vn 0.08716 0.99619 0
vn 0.08716 0.99619 -0
vn 0.25882 0.96592 0
vn 0.25881 0.96593 0
vn 0.42261 0.90631 0
vn 0.42263 0.9063 0
vn 0.57358 0.81915 0
vn 0.57356 0.81916 0
vn 0.7071 0.70711 0
vn 0.70712 0.7071 0
vn 0.81914 0.5736 0
vn 0.81915 0.57358 0
vn 0.9063 0.42263 0
vn 0.90631 0.42261 0
vn 0.96593 0.25882 0
vn 0.96593 0.25882 0
vn 0.99619 0.08716 0
vn 0.99619 0.08715 0
vn 0.99619 -0.08715 0
vn 0.99619 -0.08715 0
vn 0.96593 -0.25882 0
vn 0.96593 -0.25881 0
vn 0.90631 -0.42261 0
vn 0.90631 -0.42261 0
vn 0.81915 -0.57357 0
vn 0.81915 -0.57357 0
vn 0.7071 -0.70711 0
vn 0.7071 -0.70711 0
vn 0.57358 -0.81915 0
vn 0.57356 -0.81916 0
vn 0.42263 -0.9063 0
vn 0.42261 -0.90631 0
vn 0.25883 -0.96592 0
vn 0.25882 -0.96592 0
vn 0.08715 -0.9962 0
vn -0.08715 -0.99619 0
vn -0.25883 -0.96592 0
vn -0.42264 -0.9063 0
vn -0.42261 -0.90631 0
vn -0.57355 -0.81917 0
vn -0.7071 -0.70712 0
vn -0.7071 -0.70711 0
vn -0.81916 -0.57356 0
vn -0.90632 -0.4226 0
vn -0.9063 -0.42263 0
vn -0.96592 -0.25883 0
vn -0.99619 -0.08716 0
vn -0.99619 0.08716 0
vn -0.9962 0.08715 0
vn -0.96593 0.25881 0
vn -0.96592 0.25883 0
vn -0.9063 0.42263 0
vn -0.90631 0.42262 0
vn -0.57356 0.81916 0
vn -0.57358 0.81915 0
vn -0.42261 0.90631 0
vn -0.42263 0.9063 0
vn -0.25881 0.96593 0
vn -0.08715 0.99619 0
vn 0.10568 0.99369 -0.03747
vn 0.08715 0.99619 0
vn 0.27477 0.9586 -0.07478
vn 0.25729 0.96561 -0.03742
vn 0.43433 0.89379 -0.11177
vn 0.41892 0.90494 -0.0747
vn 0.57904 0.8017 -0.1483
vn 0.56658 0.8164 -0.11167
vn 0.70418 0.68571 -0.18422
vn 0.69539 0.70319 -0.1482
vn 0.8058 0.55004 -0.21941
vn 0.8012 0.56936 -0.18413
vn 0.8809 0.39953 -0.25376
vn 0.88076 0.4197 -0.21935
vn 0.92747 0.23945 -0.28716
vn 0.93183 0.25945 -0.25374
vn 0.94458 0.07527 -0.31954
vn 0.95324 0.09412 -0.2872
vn 0.93234 -0.08752 -0.35084
vn 0.94489 -0.07074 -0.31965
vn 0.89189 -0.24368 -0.38099
vn 0.90776 -0.22972 -0.35101
vn 0.8253 -0.38834 -0.40996
vn 0.84375 -0.37781 -0.38125
vn 0.73545 -0.5172 -0.43775
vn 0.75567 -0.5105 -0.41032
vn 0.62589 -0.62663 -0.46432
vn 0.64702 -0.62398 -0.43819
vn 0.50073 -0.71378 -0.48969
vn 0.5219 -0.71522 -0.46485
vn 0.36438 -0.77664 -0.51386
vn 0.38478 -0.78201 -0.49031
vn 0.22148 -0.81408 -0.53687
vn 0.24035 -0.82307 -0.51458
vn 0.07669 -0.8258 -0.55872
vn 0.09338 -0.83796 -0.53768
vn -0.06549 -0.81236 -0.57947
vn -0.05148 -0.82714 -0.55963
vn -0.20076 -0.77506 -0.59914
vn -0.18983 -0.79185 -0.58047
vn -0.32528 -0.71592 -0.61778
vn -0.31766 -0.73405 -0.60022
vn -0.43565 -0.63753 -0.63542
vn -0.43146 -0.65632 -0.61894
vn -0.52908 -0.54297 -0.65212
vn -0.52829 -0.56176 -0.63666
vn -0.60339 -0.43568 -0.66791
vn -0.60583 -0.45386 -0.65343
vn -0.65706 -0.31936 -0.68285
vn -0.66249 -0.33639 -0.6693
vn -0.68928 -0.19782 -0.69697
vn -0.69734 -0.21319 -0.6843
vn -0.6999 -0.07485 -0.71031
vn -0.71019 -0.0882 -0.69847
vn -0.68941 0.04584 -0.72292
vn -0.70144 0.0348 -0.71188
vn -0.6589 0.16076 -0.73485
vn -0.67221 0.15223 -0.72454
vn -0.61004 0.26674 -0.74613
vn -0.62411 0.26081 -0.73652
vn -0.54493 0.361 -0.75679
vn -0.55929 0.35767 -0.74784
vn -0.46609 0.4412 -0.76688
vn -0.48028 0.44039 -0.75855
vn -0.37633 0.50551 -0.77643
vn -0.38994 0.50705 -0.76867
vn -0.2787 0.55261 -0.78546
vn -0.29133 0.55628 -0.77825
vn -0.17632 0.58177 -0.79401
vn -0.18766 0.58729 -0.78732
vn -0.07234 0.59277 -0.80212
vn -0.08218 0.59982 -0.7959
vn 0.10714 0.99424 0
vn 0.10714 0.99424 0
vn 0.27822 0.96052 0
vn 0.27824 0.96051 0
vn 0.44086 0.89758 0
vn 0.44087 0.89757 0
vn 0.59007 0.80735 0
vn 0.59007 0.80735 0
vn 0.72134 0.69258 0
vn 0.72136 0.69256 0
vn 0.8307 0.55672 0
vn 0.83071 0.55671 0
vn 0.91479 0.40394 0
vn 0.91479 0.40393 0
vn 0.97105 0.23887 0
vn 0.97105 0.23889 0
vn 0.99778 0.06656 0
vn 0.99778 0.06655 0
vn 0.99417 -0.10779 0
vn 0.99417 -0.10779 0
vn 0.96033 -0.27886 0
vn 0.96033 -0.27887 0
vn 0.89729 -0.44144 0
vn 0.89727 -0.44147 0
vn 0.80693 -0.59064 0
vn 0.80695 -0.59062 0
vn 0.69206 -0.72184 0
vn 0.69208 -0.72182 0
vn 0.55616 -0.83108 0
vn 0.55614 -0.83109 0
vn 0.40331 -0.91506 0
vn 0.40331 -0.91506 0
vn 0.23821 -0.97121 0
vn 0.23821 -0.97121 0
vn 0.06586 -0.99783 0
vn 0.06586 -0.99783 0
vn -0.10849 -0.9941 0
vn -0.10849 -0.9941 0
vn -0.27954 -0.96013 0
vn -0.27954 -0.96013 0
vn -0.44209 -0.89697 0
vn -0.44209 -0.89697 0
vn -0.59121 -0.80652 0
vn -0.59119 -0.80653 0
vn -0.72233 -0.69155 0
vn -0.72233 -0.69155 0
vn -0.83149 -0.55553 0
vn -0.83148 -0.55556 0
vn -0.91536 -0.40265 0
vn -0.91536 -0.40263 0
vn -0.97139 -0.23749 0
vn -0.97139 -0.23749 0
vn -0.99788 -0.06512 0
vn -0.99788 -0.06512 0
vn -0.99402 0.10924 0
vn -0.99402 0.10923 0
vn -0.95992 0.28026 0
vn -0.95992 0.28026 0
vn -0.89662 0.4428 0
vn -0.89663 0.44277 0
vn -0.80607 0.59182 0
vn -0.80607 0.59182 0
vn -0.691 0.72286 0
vn -0.69098 0.72287 0
vn -0.55491 0.83191 0
vn -0.55489 0.83192 0
vn -0.40192 0.91567 0
vn -0.40192 0.91567 0
vn -0.23672 0.97158 0
vn -0.06433 0.99793 0
vn -0.06432 0.99793 0
vn 0.08848 0.99537 0.03742
vn 0.10714 0.99424 0
vn 0.26078 0.9625 0.0747
vn 0.27938 0.95945 0.03734
vn 0.42374 0.89888 0.11167
vn 0.44214 0.89385 0.07451
vn 0.57175 0.80693 0.1482
vn 0.58979 0.79984 0.11136
vn 0.69984 0.69016 0.18413
vn 0.7173 0.68091 0.14775
vn 0.80386 0.5529 0.21935
vn 0.82045 0.54146 0.18353
vn 0.88059 0.40021 0.25374
vn 0.89599 0.38655 0.21859
vn 0.92794 0.23759 0.2872
vn 0.94177 0.22173 0.2528
vn 0.94489 0.07074 0.31965
vn 0.95675 0.05283 0.28608
vn 0.93158 -0.0946 0.35101
vn 0.94105 -0.11435 0.31835
vn 0.8892 -0.25294 0.38125
vn 0.8959 -0.27421 0.34953
vn 0.81994 -0.39918 0.41031
vn 0.82353 -0.42156 0.37959
vn 0.72686 -0.52884 0.43819
vn 0.72707 -0.55184 0.40846
vn 0.61373 -0.63817 0.46485
vn 0.61038 -0.66121 0.43616
vn 0.48486 -0.72423 0.49031
vn 0.47788 -0.74671 0.46266
vn 0.34494 -0.785 0.51458
vn 0.3344 -0.80627 0.48796
vn 0.19885 -0.81937 0.53768
vn 0.18493 -0.8388 0.51207
vn 0.05148 -0.82714 0.55963
vn 0.03448 -0.84413 0.53503
vn -0.09244 -0.80902 0.58046
vn -0.1121 -0.82302 0.55684
vn -0.22849 -0.7665 0.60022
vn -0.25025 -0.77705 0.57755
vn -0.35266 -0.70181 0.61894
vn -0.37589 -0.70856 0.5972
vn -0.4615 -0.6178 0.63666
vn -0.48555 -0.62051 0.6158
vn -0.55216 -0.51782 0.65344
vn -0.57632 -0.51636 0.63343
vn -0.62256 -0.40554 0.6693
vn -0.64605 -0.39997 0.65012
vn -0.67124 -0.28493 0.68429
vn -0.69334 -0.2754 0.6659
vn -0.69752 -0.16001 0.69847
vn -0.71758 -0.14682 0.68083
vn -0.70145 -0.0348 0.71187
vn -0.71883 -0.01837 0.69495
vn -0.68373 0.08686 0.72455
vn -0.69791 0.10601 0.70829
vn -0.64574 0.20138 0.73652
vn -0.65629 0.22263 0.72092
vn -0.5894 0.30552 0.74784
vn -0.596 0.32821 0.73284
vn -0.5171 0.39651 0.75855
vn -0.51957 0.41989 0.74414
vn -0.43163 0.47205 0.76867
vn -0.42992 0.49541 0.75481
vn -0.33609 0.53044 0.77825
vn -0.33028 0.55301 0.76491
vn -0.23374 0.57052 0.78732
vn -0.22405 0.59161 0.77447
vn -0.12792 0.59176 0.7959
vn -0.11469 0.61069 0.78352
vn -0.02197 0.59418 0.80403
vn -0.00564 0.61038 0.79209
vn 0.08715 0.99619 0
vn 0.42263 0.9063 0
vn 0.42261 0.90631 0
vn 0.7071 0.70711 0
vn 0.90631 0.42261 0
vn 0.9063 0.42263 0
vn 0.96593 0.25881 0
vn 0.99619 0.08715 0
vn 0.99619 -0.08716 0
vn 0.96593 -0.25882 0
vn 0.9063 -0.42263 0
vn 0.70712 -0.7071 0
vn 0.57358 -0.81915 0
vn 0.42263 -0.9063 0
vn 0.42261 -0.90631 0
vn 0.25881 -0.96593 0
vn 0.08715 -0.99619 0
vn -0.42261 -0.90631 0
vn -0.42263 -0.9063 0
vn -0.57358 -0.81915 0
vn -0.81915 -0.57357 0
vn -0.90631 -0.42261 0
vn -0.96592 -0.25882 0
vn -0.99619 -0.08715 0
vn -0.99619 -0.08716 0
vn -0.99619 0.08716 0
vn -0.96593 0.25882 0
vn -0.96592 0.25882 0
vn -0.90632 0.4226 0
vn -0.9063 0.42263 0
vn -0.81915 0.57358 0
vn -0.7071 0.70712 0
vn -0.57359 0.81914 0
vn -0.42264 0.9063 0
vn -0.25882 0.96593 0
vn -0.08715 0.99619 0
vn 0.0181 0.59807 -0.80124
vn 0.02197 0.59418 -0.80403
vn 0.12166 0.58584 -0.80124
vn 0.12482 0.58134 -0.80403
vn 0.22155 0.55581 -0.80124
vn 0.22388 0.55083 -0.80403
vn 0.31471 0.50889 -0.80124
vn 0.31613 0.50359 -0.80403
vn 0.3983 0.44651 -0.80124
vn 0.39877 0.44105 -0.80403
vn 0.46978 0.37057 -0.80124
vn 0.46929 0.3651 -0.80403
vn 0.52699 0.28336 -0.80124
vn 0.52556 0.27806 -0.80403
vn 0.56819 0.18755 -0.80124
vn 0.56587 0.18258 -0.80403
vn 0.59213 0.08604 -0.80124
vn 0.58897 0.08154 -0.80403
vn 0.59806 -0.0181 -0.80125
vn 0.59418 -0.02197 -0.80403
vn 0.58584 -0.12167 -0.80124
vn 0.58134 -0.12482 -0.80403
vn 0.55582 -0.22155 -0.80124
vn 0.55084 -0.22387 -0.80403
vn 0.5089 -0.3147 -0.80124
vn 0.50359 -0.31612 -0.80403
vn 0.44651 -0.39829 -0.80124
vn 0.44104 -0.39877 -0.80403
vn 0.37057 -0.46978 -0.80124
vn 0.3651 -0.4693 -0.80403
vn 0.28337 -0.52699 -0.80124
vn 0.27806 -0.52557 -0.80403
vn 0.18755 -0.56819 -0.80124
vn 0.18257 -0.56586 -0.80403
vn 0.08603 -0.59212 -0.80124
vn 0.08154 -0.58897 -0.80403
vn -0.01809 -0.59807 -0.80124
vn -0.02198 -0.59418 -0.80403
vn -0.12167 -0.58584 -0.80124
vn -0.12482 -0.58134 -0.80403
vn -0.22156 -0.55581 -0.80124
vn -0.22387 -0.55083 -0.80403
vn -0.3147 -0.50889 -0.80124
vn -0.31612 -0.50359 -0.80403
vn -0.39829 -0.44652 -0.80124
vn -0.39877 -0.44104 -0.80403
vn -0.46978 -0.37057 -0.80124
vn -0.4693 -0.3651 -0.80403
vn -0.527 -0.28336 -0.80124
vn -0.52556 -0.27806 -0.80403
vn -0.56819 -0.18755 -0.80124
vn -0.56586 -0.18258 -0.80403
vn -0.59212 -0.08604 -0.80124
vn -0.58897 -0.08154 -0.80403
vn -0.59807 0.0181 -0.80124
vn -0.59418 0.02197 -0.80403
vn -0.58584 0.12167 -0.80124
vn -0.58134 0.12482 -0.80403
vn -0.55581 0.22155 -0.80124
vn -0.55083 0.22387 -0.80403
vn -0.5089 0.3147 -0.80124
vn -0.50359 0.31612 -0.80403
vn -0.44651 0.39829 -0.80124
vn -0.44105 0.39877 -0.80403
vn -0.37057 0.46978 -0.80124
vn -0.3651 0.4693 -0.80403
vn -0.28336 0.52699 -0.80124
vn -0.27806 0.52557 -0.80403
vn -0.18755 0.56819 -0.80124
vn -0.18257 0.56586 -0.80403
vn -0.08603 0.59212 -0.80124
vn -0.08154 0.58897 -0.80403
vn 0.08716 0.99619 0
vn 0.08715 0.99619 0
vn 0.25881 0.96593 0
vn 0.25883 0.96592 0
vn 0.42262 0.90631 0
vn 0.42261 0.90631 0
vn 0.57357 0.81916 0
vn 0.57359 0.81914 0
vn 0.7071 0.70711 0
vn 0.7071 0.70711 0
vn 0.81915 0.57357 0
vn 0.81915 0.57357 0
vn 0.90631 0.42262 0
vn 0.90631 0.42261 0
vn 0.96593 0.2588 0
vn 0.96592 0.25883 0
vn 0.99619 0.08716 0
vn 0.99619 0.08716 0
vn 0.99619 -0.08716 0
vn 0.9962 -0.08715 0
vn 0.96593 -0.25881 0
vn 0.96593 -0.25882 0
vn 0.90632 -0.4226 0
vn 0.9063 -0.42264 0
vn 0.81915 -0.57357 0
vn 0.81915 -0.57359 0
vn 0.70709 -0.70712 0
vn 0.70712 -0.7071 0
vn 0.57357 -0.81916 0
vn 0.5736 -0.81914 0
vn 0.42263 -0.9063 0
vn 0.42261 -0.90631 0
vn 0.25883 -0.96592 0
vn 0.25881 -0.96593 0
vn 0.08715 -0.9962 0
vn 0.08716 -0.99619 0
vn -0.08715 -0.99619 0
vn -0.08716 -0.99619 0
vn -0.25884 -0.96592 0
vn -0.25881 -0.96593 0
vn -0.42262 -0.90631 0
vn -0.4226 -0.90632 0
vn -0.57357 -0.81916 0
vn -0.57359 -0.81914 0
vn -0.70712 -0.7071 0
vn -0.7071 -0.70711 0
vn -0.81915 -0.57357 0
vn -0.81914 -0.57359 0
vn -0.90631 -0.42262 0
vn -0.9063 -0.42264 0
vn -0.96593 -0.25881 0
vn -0.96592 -0.25883 0
vn -0.99619 -0.08716 0
vn -0.9962 -0.08715 0
vn -0.99619 0.08716 0
vn -0.99619 0.08716 0
vn -0.96593 0.25881 0
vn -0.96592 0.25883 0
vn -0.9063 0.42263 0
vn -0.90631 0.42262 0
vn -0.81915 0.57357 0
vn -0.81914 0.57359 0
vn -0.7071 0.70711 0
vn -0.70712 0.7071 0
vn -0.57357 0.81916 0
vn -0.57359 0.81914 0
vn -0.42262 0.90631 0
vn -0.42262 0.90631 0
vn -0.25881 0.96593 0
vn -0.25881 0.96593 0
vn -0.08715 0.99619 0
vn -0.08716 0.99619 0
vn 0.08155 0.58897 0.80403
vn 0.08603 0.59212 0.80124
vn 0.18257 0.56587 0.80403
vn 0.18755 0.56819 0.80124
vn 0.27806 0.52557 0.80403
vn 0.28336 0.52699 0.80124
vn 0.3651 0.4693 0.80403
vn 0.37057 0.46978 0.80124
vn 0.44105 0.39877 0.80403
vn 0.44651 0.39829 0.80124
vn 0.50359 0.31612 0.80403
vn 0.5089 0.3147 0.80124
vn 0.55084 0.22387 0.80403
vn 0.55581 0.22156 0.80124
vn 0.58134 0.12482 0.80403
vn 0.58584 0.12167 0.80124
vn 0.59418 0.02197 0.80403
vn 0.59806 0.0181 0.80124
vn 0.58897 -0.08154 0.80403
vn 0.59213 -0.08604 0.80124
vn 0.56586 -0.18258 0.80403
vn 0.56819 -0.18755 0.80124
vn 0.52556 -0.27806 0.80403
vn 0.52699 -0.28337 0.80124
vn 0.46929 -0.3651 0.80403
vn 0.46977 -0.37057 0.80124
vn 0.39877 -0.44104 0.80403
vn 0.3983 -0.44652 0.80124
vn 0.31612 -0.50359 0.80403
vn 0.3147 -0.50889 0.80124
vn 0.22387 -0.55083 0.80403
vn 0.22155 -0.55581 0.80124
vn 0.12482 -0.58134 0.80403
vn 0.12167 -0.58584 0.80124
vn 0.02197 -0.59418 0.80403
vn 0.0181 -0.59807 0.80124
vn -0.08154 -0.58897 0.80403
vn -0.08603 -0.59212 0.80124
vn -0.18257 -0.56586 0.80403
vn -0.18755 -0.56819 0.80124
vn -0.27807 -0.52556 0.80403
vn -0.28336 -0.52699 0.80124
vn -0.3651 -0.4693 0.80403
vn -0.37056 -0.46978 0.80124
vn -0.44105 -0.39877 0.80403
vn -0.44652 -0.39829 0.80124
vn -0.50359 -0.31612 0.80403
vn -0.5089 -0.31471 0.80124
vn -0.55084 -0.22387 0.80403
vn -0.55581 -0.22155 0.80124
vn -0.58135 -0.12482 0.80403
vn -0.58583 -0.12168 0.80125
vn -0.59419 -0.02197 0.80403
vn -0.59807 -0.01809 0.80124
vn -0.58898 0.08154 0.80403
vn -0.59213 0.08603 0.80124
vn -0.56586 0.18258 0.80403
vn -0.56819 0.18755 0.80124
vn -0.52556 0.27806 0.80403
vn -0.52699 0.28336 0.80124
vn -0.4693 0.3651 0.80403
vn -0.46978 0.37057 0.80124
vn -0.39877 0.44105 0.80403
vn -0.39829 0.44651 0.80124
vn -0.31612 0.50359 0.80403
vn -0.3147 0.5089 0.80124
vn -0.22387 0.55084 0.80403
vn -0.22156 0.55581 0.80124
vn -0.12482 0.58134 0.80403
vn -0.12167 0.58584 0.80124
vn -0.02197 0.59418 0.80403
vn -0.0181 0.59807 0.80124
vn 0.08716 0.99619 0
vn 0.25882 0.96593 0
vn 0.42261 0.90631 0
vn 0.42262 0.90631 0
vn 0.57358 0.81915 0
vn 0.81915 0.57357 0
vn 0.99619 -0.08716 0
vn 0.81914 -0.5736 0
vn 0.42261 -0.90631 0
vn 0.42263 -0.9063 0
vn -0.42263 -0.9063 0
vn -0.42261 -0.90631 0
vn -0.96592 -0.25883 0
vn -0.99619 0.08716 0
vn -0.96592 0.25883 0
vn -0.81914 0.5736 0
vn -0.42261 0.90631 0
vn -0.42263 0.9063 0
vn 0.01809 0.59807 -0.80124
vn 0.02198 0.59418 -0.80403
vn 0.12167 0.58584 -0.80124
vn 0.22155 0.55581 -0.80124
vn 0.22387 0.55083 -0.80403
vn 0.3147 0.50889 -0.80124
vn 0.31612 0.50359 -0.80403
vn 0.39829 0.44652 -0.80124
vn 0.39877 0.44105 -0.80403
vn 0.46978 0.37057 -0.80124
vn 0.4693 0.3651 -0.80403
vn 0.52698 0.28337 -0.80124
vn 0.52556 0.27806 -0.80403
vn 0.56819 0.18755 -0.80124
vn 0.56587 0.18257 -0.80403
vn 0.58898 0.08154 -0.80402
vn 0.59807 -0.0181 -0.80124
vn 0.59419 -0.02198 -0.80403
vn 0.58584 -0.12167 -0.80124
vn 0.58134 -0.12482 -0.80403
vn 0.55582 -0.22156 -0.80124
vn 0.55083 -0.22387 -0.80403
vn 0.5036 -0.31612 -0.80403
vn 0.44651 -0.3983 -0.80124
vn 0.44105 -0.39877 -0.80403
vn 0.37057 -0.46978 -0.80124
vn 0.3651 -0.4693 -0.80403
vn 0.28336 -0.52699 -0.80124
vn 0.27806 -0.52557 -0.80403
vn 0.18755 -0.56819 -0.80124
vn 0.18257 -0.56587 -0.80403
vn 0.08603 -0.59212 -0.80124
vn 0.08153 -0.58897 -0.80403
vn -0.0181 -0.59807 -0.80124
vn -0.02197 -0.59418 -0.80403
vn -0.12167 -0.58584 -0.80124
vn -0.12482 -0.58134 -0.80403
vn -0.22155 -0.55581 -0.80124
vn -0.22387 -0.55084 -0.80403
vn -0.31471 -0.50889 -0.80124
vn -0.31612 -0.50359 -0.80403
vn -0.39829 -0.44651 -0.80124
vn -0.39876 -0.44105 -0.80403
vn -0.46977 -0.37057 -0.80124
vn -0.4693 -0.3651 -0.80403
vn -0.52699 -0.28336 -0.80124
vn -0.52557 -0.27806 -0.80403
vn -0.56819 -0.18755 -0.80124
vn -0.56587 -0.18257 -0.80403
vn -0.59213 -0.08603 -0.80124
vn -0.58897 -0.08154 -0.80403
vn -0.59806 0.01809 -0.80125
vn -0.59418 0.02198 -0.80403
vn -0.58584 0.12167 -0.80124
vn -0.58134 0.12482 -0.80403
vn -0.55581 0.22155 -0.80124
vn -0.55083 0.22387 -0.80403
vn -0.50889 0.31471 -0.80124
vn -0.50359 0.31612 -0.80403
vn -0.44652 0.39829 -0.80124
vn -0.44104 0.39877 -0.80403
vn -0.37057 0.46978 -0.80124
vn -0.3651 0.4693 -0.80403
vn -0.28336 0.52699 -0.80124
vn -0.27806 0.52556 -0.80403
vn -0.18755 0.56819 -0.80124
vn -0.18257 0.56587 -0.80403
vn -0.08604 0.59212 -0.80124
vn -0.08153 0.58897 -0.80403
vn 0.08716 0.99619 0
vn 0.08716 0.99619 0
vn 0.42261 0.90631 0
vn 0.42262 0.90631 0
vn 0.57357 0.81916 0
vn 0.70712 0.7071 0
vn 0.81914 0.57359 0
vn 0.90631 0.42262 0
vn 0.96593 0.25881 0
vn 0.99619 0.08716 0
vn 0.99619 -0.08716 0
vn 0.99619 -0.08716 0
vn 0.96593 -0.25881 0
vn 0.96592 -0.25883 0
vn 0.90631 -0.42261 0
vn 0.9063 -0.42263 0
vn 0.81915 -0.57357 0
vn 0.81915 -0.57357 0
vn 0.70712 -0.7071 0
vn 0.7071 -0.70711 0
vn 0.57357 -0.81916 0
vn 0.42262 -0.90631 0
vn 0.42262 -0.90631 0
vn 0.25882 -0.96593 0
vn 0.25883 -0.96592 0
vn 0.08715 -0.99619 0
vn -0.08715 -0.99619 0
vn -0.08716 -0.99619 0
vn -0.25883 -0.96592 0
vn -0.25882 -0.96593 0
vn -0.42263 -0.9063 0
vn -0.42262 -0.90631 0
vn -0.57358 -0.81915 0
vn -0.81917 -0.57356 0
vn -0.90631 -0.42261 0
vn -0.90631 -0.42261 0
vn -0.96592 -0.25883 0
vn -0.96593 -0.25882 0
vn -0.99619 -0.08716 0
vn -0.99619 -0.08716 0
vn -0.99619 0.08715 0
vn -0.96593 0.2588 0
vn -0.90631 0.42261 0
vn -0.9063 0.42262 0
vn -0.81915 0.57357 0
vn -0.81915 0.57357 0
vn -0.7071 0.70711 0
vn -0.57357 0.81916 0
vn 0.08154 0.58897 0.80403
vn 0.08604 0.59212 0.80124
vn 0.18258 0.56587 0.80403
vn 0.18755 0.56819 0.80124
vn 0.27806 0.52556 0.80403
vn 0.28337 0.52699 0.80124
vn 0.3651 0.4693 0.80403
vn 0.37056 0.46978 0.80124
vn 0.44105 0.39877 0.80403
vn 0.44652 0.39829 0.80124
vn 0.50359 0.31612 0.80403
vn 0.50889 0.3147 0.80124
vn 0.55084 0.22387 0.80403
vn 0.55581 0.22155 0.80124
vn 0.58134 0.12482 0.80403
vn 0.58584 0.12167 0.80124
vn 0.59418 0.02198 0.80403
vn 0.59807 0.01809 0.80124
vn 0.58897 -0.08154 0.80403
vn 0.59212 -0.08603 0.80124
vn 0.56586 -0.18257 0.80403
vn 0.56819 -0.18755 0.80124
vn 0.52557 -0.27806 0.80403
vn 0.52699 -0.28336 0.80124
vn 0.4693 -0.3651 0.80403
vn 0.46977 -0.37057 0.80124
vn 0.39876 -0.44105 0.80403
vn 0.39829 -0.44651 0.80124
vn 0.31612 -0.50359 0.80403
vn 0.31471 -0.50889 0.80124
vn 0.22388 -0.55083 0.80403
vn 0.22155 -0.55581 0.80124
vn 0.12482 -0.58134 0.80403
vn 0.12167 -0.58584 0.80124
vn 0.02197 -0.59418 0.80403
vn 0.0181 -0.59807 0.80124
vn -0.08154 -0.58897 0.80403
vn -0.08603 -0.59212 0.80124
vn -0.18258 -0.56587 0.80403
vn -0.18754 -0.56819 0.80124
vn -0.27806 -0.52556 0.80403
vn -0.28337 -0.52699 0.80124
vn -0.3651 -0.4693 0.80403
vn -0.37057 -0.46978 0.80124
vn -0.44104 -0.39877 0.80403
vn -0.5036 -0.31612 0.80403
vn -0.50889 -0.31471 0.80124
vn -0.55083 -0.22387 0.80403
vn -0.58134 -0.12482 0.80403
vn -0.58584 -0.12167 0.80124
vn -0.59418 -0.02198 0.80403
vn -0.59807 -0.01809 0.80124
vn -0.58898 0.08154 0.80403
vn -0.59213 0.08603 0.80124
vn -0.56586 0.18257 0.80403
vn -0.56818 0.18755 0.80124
vn -0.52556 0.27806 0.80403
vn -0.52699 0.28336 0.80124
vn -0.4693 0.3651 0.80403
vn -0.46978 0.37057 0.80124
vn -0.39877 0.44105 0.80403
vn -0.39829 0.44652 0.80124
vn -0.31613 0.50359 0.80403
vn -0.3147 0.50889 0.80124
vn -0.22387 0.55084 0.80403
vn -0.22155 0.55581 0.80124
vn -0.12481 0.58134 0.80403
vn -0.12168 0.58584 0.80124
vn -0.02197 0.59418 0.80403
vn -0.0181 0.59807 0.80124
vn 0.08715 0.99619 0
vn 0.25882 0.96593 0
vn 0.42264 0.9063 0
vn 0.57357 0.81916 0
vn 0.7071 0.70712 0
vn 0.81916 0.57356 0
vn 0.90632 0.4226 0
vn 0.96593 0.25882 0
vn 0.99619 0.08716 0
vn 0.9962 -0.08715 0
vn 0.96593 -0.25881 0
vn 0.9063 -0.42263 0
vn 0.90631 -0.42262 0
vn 0.70712 -0.7071 0
vn -0.08715 -0.99619 0
vn -0.81915 -0.57359 0
vn -0.96593 -0.25881 0
vn -0.99619 -0.08716 0
vn -0.96592 0.25883 0
vn -0.90631 0.42261 0
vn -0.42263 0.9063 0
vn -0.42261 0.90631 0
vn 0.01809 0.59807 -0.80124
vn 0.02198 0.59418 -0.80403
vn 0.12168 0.58584 -0.80124
vn 0.12482 0.58134 -0.80403
vn 0.22156 0.55581 -0.80124
vn 0.22386 0.55084 -0.80403
vn 0.3147 0.5089 -0.80124
vn 0.31612 0.50359 -0.80403
vn 0.39829 0.44651 -0.80124
vn 0.46978 0.37057 -0.80124
vn 0.4693 0.3651 -0.80403
vn 0.52699 0.28336 -0.80124
vn 0.52556 0.27807 -0.80403
vn 0.56818 0.18755 -0.80124
vn 0.56587 0.18257 -0.80403
vn 0.59212 0.08603 -0.80124
vn 0.58897 0.08154 -0.80403
vn 0.59807 -0.01809 -0.80124
vn 0.59418 -0.02198 -0.80403
vn 0.58584 -0.12167 -0.80124
vn 0.58134 -0.12482 -0.80403
vn 0.55581 -0.22155 -0.80124
vn 0.55083 -0.22387 -0.80403
vn 0.5089 -0.31471 -0.80124
vn 0.50359 -0.31612 -0.80403
vn 0.44652 -0.39829 -0.80124
vn 0.44105 -0.39877 -0.80403
vn 0.37056 -0.46978 -0.80124
vn 0.36511 -0.4693 -0.80403
vn 0.28337 -0.52699 -0.80124
vn 0.27806 -0.52557 -0.80403
vn 0.18755 -0.56819 -0.80124
vn 0.18257 -0.56587 -0.80403
vn 0.08603 -0.59212 -0.80124
vn 0.08154 -0.58897 -0.80403
vn -0.0181 -0.59807 -0.80124
vn -0.12167 -0.58584 -0.80124
vn -0.12481 -0.58134 -0.80403
vn -0.22155 -0.55581 -0.80124
vn -0.22388 -0.55083 -0.80403
vn -0.31613 -0.50359 -0.80403
vn -0.3983 -0.44651 -0.80124
vn -0.39877 -0.44105 -0.80403
vn -0.46978 -0.37057 -0.80124
vn -0.46929 -0.3651 -0.80403
vn -0.52699 -0.28337 -0.80124
vn -0.56819 -0.18755 -0.80124
vn -0.56587 -0.18258 -0.80403
vn -0.59213 -0.08604 -0.80124
vn -0.58897 -0.08154 -0.80403
vn -0.58584 0.12167 -0.80124
vn -0.58134 0.12482 -0.80403
vn -0.55581 0.22156 -0.80124
vn -0.55084 0.22387 -0.80403
vn -0.50889 0.3147 -0.80124
vn -0.50359 0.31612 -0.80403
vn -0.44651 0.39829 -0.80124
vn -0.44105 0.39877 -0.80403
vn -0.37057 0.46978 -0.80124
vn -0.28336 0.52699 -0.80124
vn -0.27807 0.52556 -0.80403
vn -0.18755 0.56819 -0.80124
vn -0.08603 0.59212 -0.80124
vn -0.08155 0.58897 -0.80403
vn 0.25881 0.96593 0
vn 0.70712 0.7071 0
vn 0.9063 0.42263 0
vn 0.96592 0.25883 0
vn 0.96593 0.25881 0
vn 0.96592 -0.25883 0
vn 0.96593 -0.25881 0
vn 0.90631 -0.42261 0
vn 0.90631 -0.42262 0
vn 0.25881 -0.96593 0
vn 0.08715 -0.99619 0
vn -0.08716 -0.99619 0
vn -0.08715 -0.99619 0
vn -0.25881 -0.96593 0
vn -0.25883 -0.96592 0
vn -0.42261 -0.90631 0
vn -0.57357 -0.81916 0
vn -0.7071 -0.70711 0
vn -0.81915 -0.57359 0
vn -0.81915 -0.57357 0
vn -0.90631 -0.42262 0
vn -0.90631 -0.42261 0
vn -0.96593 -0.25882 0
vn -0.96593 -0.25882 0
vn -0.99619 -0.08716 0
vn -0.99619 0.08716 0
vn -0.96593 0.25882 0
vn -0.96593 0.25881 0
vn -0.90631 0.42261 0
vn -0.81915 0.57359 0
vn -0.70709 0.70712 0
vn -0.57358 0.81915 0
vn -0.42264 0.9063 0
vn -0.42261 0.90631 0
vn -0.25883 0.96592 0
vn -0.25881 0.96593 0
vn -0.08715 0.9962 0
vn 0.08153 0.58897 0.80403
vn 0.18258 0.56587 0.80403
vn 0.27807 0.52557 0.80403
vn 0.28336 0.52699 0.80124
vn 0.36511 0.46929 0.80403
vn 0.44104 0.39877 0.80403
vn 0.44652 0.39829 0.80124
vn 0.55083 0.22387 0.80403
vn 0.58135 0.12482 0.80403
vn 0.58584 0.12167 0.80124
vn 0.59419 0.02197 0.80403
vn 0.59807 0.0181 0.80124
vn 0.59212 -0.08604 0.80124
vn 0.56586 -0.18258 0.80403
vn 0.56819 -0.18755 0.80124
vn 0.52557 -0.27806 0.80403
vn 0.52699 -0.28336 0.80124
vn 0.4693 -0.3651 0.80403
vn 0.46978 -0.37057 0.80124
vn 0.39829 -0.44652 0.80124
vn 0.31612 -0.50359 0.80403
vn 0.22156 -0.55581 0.80124
vn 0.12482 -0.58134 0.80403
vn 0.02198 -0.59418 0.80403
vn 0.01809 -0.59807 0.80124
vn -0.08154 -0.58897 0.80403
vn -0.18257 -0.56587 0.80403
vn -0.27806 -0.52557 0.80403
vn -0.3651 -0.4693 0.80403
vn -0.37057 -0.46978 0.80124
vn -0.44651 -0.39829 0.80124
vn -0.50359 -0.31612 0.80403
vn -0.5089 -0.3147 0.80124
vn -0.55581 -0.22156 0.80124
vn -0.58134 -0.12482 0.80403
vn -0.58584 -0.12167 0.80124
vn -0.59418 -0.02197 0.80403
vn -0.59807 -0.0181 0.80124
vn -0.58897 0.08154 0.80403
vn -0.59213 0.08603 0.80124
vn -0.56587 0.18258 0.80403
vn -0.56819 0.18755 0.80124
vn -0.52556 0.27806 0.80403
vn -0.52699 0.28337 0.80124
vn -0.46929 0.3651 0.80403
vn -0.46978 0.37057 0.80124
vn -0.39877 0.44104 0.80403
vn -0.3983 0.44652 0.80124
vn -0.31613 0.50359 0.80403
vn -0.3147 0.50889 0.80124
vn -0.22387 0.55083 0.80403
vn -0.12481 0.58134 0.80403
vn -0.12167 0.58584 0.80124
vn -0.02197 0.59418 0.80403
vn 0.42262 0.90631 0
vn 0.42263 0.9063 0
vn 0.81915 0.57358 0
vn 0.9063 0.42263 0
vn 0.90632 0.4226 0
vn 0.96593 0.25881 0
vn 0.96592 0.25883 0
vn 0.99619 0.08716 0
vn 0.99619 -0.08716 0
vn 0.96593 -0.25881 0
vn 0.90632 -0.4226 0
vn 0.9063 -0.42263 0
vn 0.81915 -0.57358 0
vn 0.7071 -0.70712 0
vn 0.57356 -0.81916 0
vn 0.57359 -0.81914 0
vn 0.42263 -0.9063 0
vn 0.42262 -0.90631 0
vn 0.25882 -0.96593 0
vn 0.08715 -0.99619 0
vn -0.08716 -0.99619 0
vn -0.42262 -0.90631 0
vn -0.81914 0.57359 0
vn -0.42262 0.90631 0
vn -0.42262 0.90631 0
vn 0.01809 0.59807 -0.80124
vn 0.02197 0.59418 -0.80403
vn 0.12167 0.58584 -0.80124
vn 0.12482 0.58134 -0.80403
vn 0.22156 0.55581 -0.80124
vn 0.3147 0.50889 -0.80124
vn 0.31612 0.50359 -0.80403
vn 0.39829 0.44652 -0.80124
vn 0.39877 0.44104 -0.80403
vn 0.46978 0.37057 -0.80124
vn 0.4693 0.3651 -0.80403
vn 0.52699 0.28336 -0.80124
vn 0.52556 0.27806 -0.80403
vn 0.56819 0.18755 -0.80124
vn 0.56586 0.18258 -0.80403
vn 0.59212 0.08604 -0.80124
vn 0.58897 0.08154 -0.80403
vn 0.59807 -0.0181 -0.80124
vn 0.59419 -0.02197 -0.80403
vn 0.58134 -0.12482 -0.80403
vn 0.55581 -0.22155 -0.80124
vn 0.55083 -0.22387 -0.80403
vn 0.50889 -0.3147 -0.80124
vn 0.50359 -0.31612 -0.80403
vn 0.44651 -0.39829 -0.80124
vn 0.28336 -0.52699 -0.80124
vn 0.18755 -0.56819 -0.80124
vn 0.18258 -0.56586 -0.80403
vn 0.08153 -0.58897 -0.80403
vn -0.0181 -0.59807 -0.80124
vn -0.12168 -0.58584 -0.80124
vn -0.12481 -0.58134 -0.80403
vn -0.22155 -0.55581 -0.80124
vn -0.22387 -0.55084 -0.80403
vn -0.3147 -0.50889 -0.80124
vn -0.31613 -0.50359 -0.80403
vn -0.39829 -0.44652 -0.80124
vn -0.39877 -0.44105 -0.80403
vn -0.46978 -0.37057 -0.80124
vn -0.4693 -0.3651 -0.80403
vn -0.52698 -0.28337 -0.80124
vn -0.52556 -0.27806 -0.80403
vn -0.56819 -0.18755 -0.80124
vn -0.56586 -0.18257 -0.80403
vn -0.59213 -0.08604 -0.80124
vn -0.58897 -0.08154 -0.80403
vn -0.59807 0.0181 -0.80124
vn -0.58584 0.12167 -0.80124
vn -0.58134 0.12482 -0.80403
vn -0.55581 0.22156 -0.80124
vn -0.55084 0.22387 -0.80403
vn -0.5036 0.31612 -0.80403
vn -0.44651 0.3983 -0.80124
vn -0.44105 0.39877 -0.80403
vn -0.3651 0.4693 -0.80403
vn -0.28337 0.52699 -0.80124
vn -0.18755 0.56819 -0.80124
vn -0.08603 0.59212 -0.80124
vn -0.08154 0.58897 -0.80403
vn 0.08715 0.99619 0
vn 0.08716 0.99619 0
vn 0.25883 0.96592 0
vn 0.81915 0.57357 0
vn 0.96593 0.25882 0
vn 0.96593 -0.25882 0
vn 0.96593 -0.25882 0
vn 0.7071 -0.70711 0
vn 0.25881 -0.96593 0
vn -0.08716 -0.99619 0
vn -0.70712 -0.7071 0
vn -0.96593 -0.25882 0
vn -0.96593 0.25882 0
vn -0.96593 0.25882 0
vn -0.57356 0.81916 0
vn -0.42263 0.9063 0
vn -0.25882 0.96593 0
vn -0.25883 0.96592 0
vn -0.08715 0.99619 0
vn 0.08154 0.58897 0.80403
vn 0.08603 0.59212 0.80124
vn 0.18257 0.56587 0.80403
vn 0.18755 0.56819 0.80124
vn 0.27807 0.52556 0.80403
vn 0.28336 0.52699 0.80124
vn 0.36511 0.4693 0.80403
vn 0.37056 0.46978 0.80124
vn 0.44105 0.39877 0.80403
vn 0.44652 0.39829 0.80124
vn 0.50359 0.31612 0.80403
vn 0.5089 0.31471 0.80124
vn 0.55581 0.22155 0.80124
vn 0.58135 0.12482 0.80403
vn 0.58584 0.12168 0.80124
vn 0.59807 0.01809 0.80124
vn 0.58897 -0.08154 0.80403
vn 0.59213 -0.08603 0.80124
vn 0.56819 -0.18755 0.80124
vn 0.52557 -0.27806 0.80403
vn 0.52699 -0.28336 0.80124
vn 0.4693 -0.3651 0.80403
vn 0.46978 -0.37057 0.80124
vn 0.39877 -0.44105 0.80403
vn 0.39829 -0.44651 0.80124
vn 0.31612 -0.50359 0.80403
vn 0.3147 -0.5089 0.80124
vn 0.22386 -0.55084 0.80403
vn 0.22156 -0.55581 0.80124
vn 0.12482 -0.58134 0.80403
vn 0.12168 -0.58584 0.80124
vn 0.02198 -0.59418 0.80403
vn -0.08154 -0.58897 0.80403
vn -0.08604 -0.59212 0.80124
vn -0.18258 -0.56587 0.80403
vn -0.18755 -0.56819 0.80124
vn -0.27806 -0.52556 0.80403
vn -0.28336 -0.52699 0.80124
vn -0.3651 -0.4693 0.80403
vn -0.44652 -0.39829 0.80124
vn -0.50359 -0.31612 0.80403
vn -0.50889 -0.3147 0.80124
vn -0.55084 -0.22387 0.80403
vn -0.58135 -0.12482 0.80403
vn -0.58584 -0.12167 0.80124
vn -0.59807 -0.01809 0.80124
vn -0.58897 0.08154 0.80403
vn -0.59212 0.08603 0.80124
vn -0.56819 0.18755 0.80124
vn -0.52557 0.27806 0.80403
vn -0.52699 0.28336 0.80124
vn -0.4693 0.3651 0.80403
vn -0.46977 0.37057 0.80124
vn -0.39876 0.44105 0.80403
vn -0.39829 0.44651 0.80124
vn -0.31612 0.50359 0.80403
vn -0.31471 0.50889 0.80124
vn -0.22388 0.55084 0.80403
vn -0.22155 0.55581 0.80124
vn -0.12167 0.58584 0.80124
vn -0.02197 0.59418 0.80403
vn -0.0181 0.59807 0.80124
vn 0.42262 0.90631 0
vn 0.42262 0.90631 0
vn 0.57356 0.81916 0
vn 0.90631 0.42261 0
vn 0.96592 -0.25883 0
vn 0.81915 -0.57359 0
vn 0.57355 -0.81917 0
vn 0.42262 -0.90631 0
vn -0.42263 -0.9063 0
vn -0.42262 -0.90631 0
vn -0.57357 -0.81916 0
vn -0.81915 -0.57357 0
vn -0.96593 -0.25882 0
vn -0.99619 0.08716 0
vn -0.70712 0.7071 0
vn -0.42262 0.90631 0
vn 0.0181 0.59807 -0.80124
vn 0.02196 0.59418 -0.80403
vn 0.12167 0.58584 -0.80124
vn 0.22155 0.55581 -0.80124
vn 0.22387 0.55084 -0.80403
vn 0.31612 0.50359 -0.80403
vn 0.39876 0.44105 -0.80403
vn 0.46977 0.37057 -0.80124
vn 0.52699 0.28336 -0.80124
vn 0.52557 0.27806 -0.80403
vn 0.56819 0.18755 -0.80124
vn 0.59212 0.08603 -0.80124
vn 0.58897 0.08154 -0.80403
vn 0.59807 -0.01809 -0.80124
vn 0.59418 -0.02198 -0.80403
vn 0.58135 -0.12482 -0.80403
vn 0.55581 -0.22155 -0.80124
vn 0.55083 -0.22387 -0.80403
vn 0.50889 -0.3147 -0.80124
vn 0.50359 -0.31612 -0.80403
vn 0.44652 -0.39829 -0.80124
vn 0.44104 -0.39877 -0.80403
vn 0.37057 -0.46978 -0.80124
vn 0.27806 -0.52556 -0.80403
vn 0.18755 -0.56819 -0.80124
vn 0.18258 -0.56587 -0.80403
vn 0.08604 -0.59212 -0.80124
vn -0.02198 -0.59418 -0.80403
vn -0.12168 -0.58584 -0.80124
vn -0.22386 -0.55084 -0.80403
vn -0.3147 -0.5089 -0.80124
vn -0.46978 -0.37057 -0.80124
vn -0.52556 -0.27807 -0.80403
vn -0.56819 -0.18755 -0.80124
vn -0.56586 -0.18257 -0.80403
vn -0.59212 -0.08603 -0.80124
vn -0.58898 -0.08154 -0.80403
vn -0.59807 0.01809 -0.80124
vn -0.58584 0.12167 -0.80124
vn -0.58134 0.12482 -0.80403
vn -0.55581 0.22155 -0.80124
vn -0.55083 0.22387 -0.80403
vn -0.5089 0.3147 -0.80124
vn -0.50358 0.31612 -0.80403
vn -0.44652 0.39829 -0.80124
vn -0.37056 0.46978 -0.80124
vn -0.36511 0.4693 -0.80403
vn -0.18756 0.56819 -0.80124
vn -0.18257 0.56587 -0.80403
vn -0.08603 0.59212 -0.80124
vn 0.08715 0.99619 0
vn 0.25882 0.96593 0
vn 0.42263 0.9063 0
vn 0.57356 0.81916 0
vn 0.81916 0.57357 0
vn 0.90631 0.42261 0
vn 0.96592 0.25883 0
vn 0.99619 0.08716 0
vn 0.99619 -0.08715 0
vn 0.96593 -0.25882 0
vn 0.81914 -0.57359 0
vn 0.57359 -0.81914 0
vn 0.25882 -0.96593 0
vn 0.25882 -0.96593 0
vn -0.25882 -0.96593 0
vn -0.25882 -0.96593 0
vn -0.81915 -0.57357 0
vn -0.9063 -0.42263 0
vn -0.96593 -0.25882 0
vn -0.90631 0.42261 0
vn -0.70712 0.7071 0
vn -0.42261 0.90631 0
vn -0.25882 0.96593 0
vn 0.08154 0.58897 0.80403
vn 0.08603 0.59212 0.80124
vn 0.18257 0.56587 0.80403
vn 0.27806 0.52556 0.80403
vn 0.28337 0.52699 0.80124
vn 0.3651 0.4693 0.80403
vn 0.37057 0.46978 0.80124
vn 0.44104 0.39877 0.80403
vn 0.50359 0.31612 0.80403
vn 0.55581 0.22155 0.80124
vn 0.59807 0.01809 0.80124
vn 0.59212 -0.08603 0.80124
vn 0.56587 -0.18257 0.80403
vn 0.56819 -0.18755 0.80124
vn 0.52556 -0.27807 0.80403
vn 0.52698 -0.28337 0.80124
vn 0.4693 -0.3651 0.80403
vn 0.46978 -0.37057 0.80124
vn 0.39877 -0.44105 0.80403
vn 0.39829 -0.44652 0.80124
vn 0.31612 -0.50359 0.80403
vn 0.3147 -0.50889 0.80124
vn 0.22387 -0.55084 0.80403
vn 0.22155 -0.55581 0.80124
vn 0.12482 -0.58134 0.80403
vn 0.12168 -0.58584 0.80124
vn 0.02198 -0.59418 0.80403
vn -0.08153 -0.58897 0.80403
vn -0.18258 -0.56587 0.80403
vn -0.18755 -0.56819 0.80124
vn -0.27807 -0.52557 0.80403
vn -0.28336 -0.52699 0.80124
vn -0.44104 -0.39877 0.80403
vn -0.44652 -0.39829 0.80124
vn -0.55083 -0.22387 0.80403
vn -0.55581 -0.22155 0.80124
vn -0.58134 -0.12482 0.80403
vn -0.58584 -0.12167 0.80124
vn -0.59807 -0.0181 0.80124
vn -0.58897 0.08154 0.80403
vn -0.59212 0.08604 0.80124
vn -0.52557 0.27806 0.80403
vn -0.52699 0.28336 0.80124
vn -0.46977 0.37057 0.80124
vn -0.39876 0.44105 0.80403
vn -0.39829 0.44652 0.80124
vn -0.22156 0.55581 0.80124
vn -0.12482 0.58134 0.80403
vn -0.02198 0.59418 0.80403
vn -0.01809 0.59807 0.80124
vn 0.42262 0.90631 0
vn 0.90631 0.42262 0
vn 0.90631 0.42262 0
vn 0.96592 0.25883 0
vn 0.90631 -0.42261 0
vn 0.90631 -0.42262 0
vn 0.42262 -0.90631 0
vn 0.42262 -0.90631 0
vn -0.42262 -0.90631 0
vn -0.81915 -0.57358 0
vn -0.81914 -0.57359 0
vn -0.90631 -0.42261 0
vn -0.96593 -0.25881 0
vn -0.99619 0.08716 0
vn -0.96593 0.25881 0
vn -0.90631 0.42261 0
vn -0.90631 0.42262 0
vn -0.70711 0.70711 0
vn -0.42263 0.9063 0
vn 0.12167 0.58584 -0.80124
vn 0.12481 0.58134 -0.80403
vn 0.22155 0.55581 -0.80124
vn 0.46929 0.3651 -0.80403
vn 0.52699 0.28337 -0.80124
vn 0.52556 0.27806 -0.80403
vn 0.56587 0.18258 -0.80402
vn 0.58897 0.08154 -0.80403
vn 0.59418 -0.02197 -0.80403
vn 0.58584 -0.12167 -0.80124
vn 0.58134 -0.12482 -0.80403
vn 0.55581 -0.22156 -0.80124
vn 0.55084 -0.22387 -0.80403
vn 0.5089 -0.3147 -0.80124
vn 0.50359 -0.31612 -0.80403
vn 0.44652 -0.39829 -0.80124
vn 0.44105 -0.39877 -0.80403
vn 0.3651 -0.4693 -0.80403
vn 0.28336 -0.52699 -0.80124
vn 0.18755 -0.56819 -0.80124
vn 0.08155 -0.58897 -0.80403
vn -0.12482 -0.58134 -0.80403
vn -0.39828 -0.44652 -0.80124
vn -0.46978 -0.37057 -0.80124
vn -0.4693 -0.3651 -0.80403
vn -0.52699 -0.28336 -0.80124
vn -0.52556 -0.27806 -0.80403
vn -0.56819 -0.18755 -0.80124
vn -0.56586 -0.18258 -0.80403
vn -0.59212 -0.08603 -0.80124
vn -0.58897 -0.08154 -0.80403
vn -0.59807 0.01809 -0.80124
vn -0.59419 0.02197 -0.80403
vn -0.58584 0.12167 -0.80124
vn -0.58134 0.12482 -0.80403
vn -0.55581 0.22155 -0.80124
vn -0.55083 0.22387 -0.80403
vn -0.5089 0.3147 -0.80124
vn -0.50359 0.31612 -0.80403
vn -0.44651 0.39829 -0.80124
vn -0.44105 0.39876 -0.80403
vn -0.37056 0.46978 -0.80124
vn -0.3651 0.4693 -0.80403
vn -0.28336 0.52699 -0.80124
vn -0.27806 0.52556 -0.80403
vn -0.18754 0.56819 -0.80124
vn -0.08155 0.58897 -0.80403
vn 0.25882 0.96593 0
vn 0.57359 0.81914 0
vn 0.81915 0.57359 0
vn 0.81914 0.57359 0
vn 0.90631 0.42261 0
vn 0.96593 0.25881 0
vn 0.99619 -0.08715 0
vn 0.90631 -0.42261 0
vn 0.57358 -0.81915 0
vn 0.25881 -0.96593 0
vn -0.25882 -0.96593 0
vn -0.42261 -0.90631 0
vn -0.42262 -0.90631 0
vn -0.57359 -0.81915 0
vn -0.7071 -0.70711 0
vn -0.70713 -0.70709 0
vn -0.9063 -0.42263 0
vn -0.96593 -0.25882 0
vn -0.99619 0.08716 0
vn -0.96593 0.25882 0
vn -0.90631 0.42262 0
vn -0.9063 0.42263 0
vn -0.81916 0.57357 0
vn -0.81915 0.57358 0
vn -0.7071 0.70712 0
vn -0.70711 0.7071 0
vn -0.57359 0.81915 0
vn -0.57359 0.81915 0
vn -0.42261 0.90631 0
vn -0.42262 0.90631 0
vn -0.25882 0.96593 0
vn -0.25882 0.96592 0
vn -0.08715 0.99619 0
vn -0.08716 0.99619 0
vn 0.08154 0.58897 0.80403
vn 0.18257 0.56586 0.80403
vn 0.18755 0.56819 0.80124
vn 0.27806 0.52557 0.80403
vn 0.28336 0.52699 0.80124
vn 0.3651 0.4693 0.80403
vn 0.37057 0.46978 0.80124
vn 0.44651 0.39829 0.80124
vn 0.50359 0.31612 0.80403
vn 0.5089 0.3147 0.80124
vn 0.55084 0.22387 0.80403
vn 0.55581 0.22156 0.80124
vn 0.58134 0.12482 0.80403
vn 0.58584 0.12167 0.80124
vn 0.59418 0.02198 0.80403
vn 0.59807 0.0181 0.80124
vn 0.58897 -0.08154 0.80403
vn 0.56586 -0.18257 0.80403
vn 0.56819 -0.18755 0.80124
vn 0.52556 -0.27806 0.80403
vn 0.52698 -0.28337 0.80124
vn 0.4693 -0.3651 0.80403
vn 0.39876 -0.44105 0.80403
vn 0.39829 -0.44652 0.80124
vn 0.31612 -0.50359 0.80403
vn 0.22387 -0.55083 0.80403
vn 0.22155 -0.55581 0.80124
vn 0.12482 -0.58134 0.80403
vn 0.12167 -0.58584 0.80124
vn 0.02197 -0.59418 0.80403
vn 0.01809 -0.59807 0.80124
vn -0.08154 -0.58897 0.80403
vn -0.08603 -0.59212 0.80124
vn -0.18257 -0.56587 0.80403
vn -0.18755 -0.56819 0.80124
vn -0.27806 -0.52557 0.80403
vn -0.28337 -0.52699 0.80124
vn -0.3651 -0.4693 0.80403
vn -0.37057 -0.46978 0.80124
vn -0.44104 -0.39877 0.80403
vn -0.44652 -0.39829 0.80124
vn -0.5036 -0.31612 0.80403
vn -0.50889 -0.3147 0.80124
vn -0.55083 -0.22387 0.80403
vn -0.55581 -0.22155 0.80124
vn -0.58134 -0.12482 0.80403
vn -0.58584 -0.12167 0.80124
vn -0.59418 -0.02197 0.80403
vn -0.59807 -0.01809 0.80124
vn -0.58897 0.08154 0.80403
vn -0.59212 0.08603 0.80124
vn -0.56586 0.18257 0.80403
vn -0.56819 0.18755 0.80124
vn -0.52557 0.27806 0.80403
vn -0.52699 0.28336 0.80124
vn -0.4693 0.3651 0.80403
vn -0.46978 0.37057 0.80124
vn -0.39877 0.44105 0.80403
vn -0.39829 0.44652 0.80124
vn -0.31612 0.50359 0.80403
vn -0.3147 0.50889 0.80124
vn -0.22387 0.55083 0.80403
vn -0.22156 0.55581 0.80124
vn -0.12482 0.58134 0.80403
vn -0.12167 0.58584 0.80124
vn -0.02197 0.59418 0.80403
vn -0.01809 0.59807 0.80124
vn 0.25882 0.96593 0
vn 0.42262 0.90631 0
vn 0.42261 0.90631 0
vn 0.57357 0.81915 0
vn 0.7071 0.70711 0
vn 0.70713 0.70709 0
vn 0.81915 0.57359 0
vn 0.81915 0.57357 0
vn 0.90631 0.42262 0
vn 0.96592 0.25883 0
vn 0.99619 0.08716 0
vn 0.99619 -0.08716 0
vn 0.99619 -0.08716 0
vn 0.96593 -0.25881 0
vn 0.90631 -0.42262 0
vn 0.90631 -0.42262 0
vn 0.81916 -0.57357 0
vn 0.81916 -0.57357 0
vn 0.7071 -0.70711 0
vn 0.70711 -0.7071 0
vn 0.57357 -0.81915 0
vn 0.57359 -0.81914 0
vn 0.42261 -0.90631 0
vn 0.42261 -0.90631 0
vn 0.25883 -0.96592 0
vn 0.25882 -0.96593 0
vn 0.08716 -0.99619 0
vn -0.08716 -0.99619 0
vn -0.08716 -0.99619 0
vn -0.25882 -0.96593 0
vn -0.25882 -0.96593 0
vn -0.42262 -0.90631 0
vn -0.42262 -0.90631 0
vn -0.57357 -0.81915 0
vn -0.70711 -0.7071 0
vn -0.81915 -0.57359 0
vn -0.90631 -0.42261 0
vn -0.90631 -0.42262 0
vn -0.96593 -0.25881 0
vn -0.96592 -0.25882 0
vn -0.99619 -0.08716 0
vn -0.99619 -0.08715 0
vn -0.99619 0.08715 0
vn -0.99619 0.08716 0
vn -0.96593 0.25882 0
vn -0.96593 0.25882 0
vn -0.90631 0.42262 0
vn -0.81915 0.57357 0
vn -0.81915 0.57357 0
vn -0.7071 0.70711 0
vn -0.70712 0.7071 0
vn -0.57358 0.81915 0
vn -0.57356 0.81916 0
vn -0.42262 0.90631 0
vn 0.0181 0.59807 -0.80124
vn 0.12167 0.58584 -0.80124
vn 0.12482 0.58134 -0.80403
vn 0.22156 0.55581 -0.80124
vn 0.22387 0.55083 -0.80403
vn 0.3147 0.50889 -0.80124
vn 0.31612 0.50359 -0.80403
vn 0.39829 0.44652 -0.80124
vn 0.39877 0.44105 -0.80403
vn 0.46978 0.37057 -0.80124
vn 0.4693 0.3651 -0.80403
vn 0.52699 0.28336 -0.80124
vn 0.52556 0.27806 -0.80403
vn 0.56819 0.18755 -0.80124
vn 0.56587 0.18257 -0.80403
vn 0.59212 0.08603 -0.80124
vn 0.58897 0.08154 -0.80403
vn 0.59807 -0.01809 -0.80124
vn 0.59418 -0.02197 -0.80403
vn 0.58584 -0.12167 -0.80124
vn 0.58134 -0.12482 -0.80403
vn 0.55581 -0.22155 -0.80124
vn 0.55084 -0.22387 -0.80403
vn 0.5089 -0.3147 -0.80124
vn 0.50359 -0.31612 -0.80403
vn 0.44652 -0.39829 -0.80124
vn 0.37057 -0.46978 -0.80124
vn 0.3651 -0.4693 -0.80403
vn 0.28336 -0.52699 -0.80124
vn 0.27807 -0.52556 -0.80403
vn 0.18755 -0.56819 -0.80124
vn 0.18257 -0.56587 -0.80403
vn 0.08604 -0.59212 -0.80124
vn 0.08154 -0.58897 -0.80403
vn -0.0181 -0.59807 -0.80124
vn -0.02198 -0.59418 -0.80403
vn -0.12167 -0.58584 -0.80124
vn -0.12482 -0.58134 -0.80403
vn -0.22155 -0.55581 -0.80124
vn -0.22387 -0.55083 -0.80403
vn -0.3147 -0.50889 -0.80124
vn -0.31612 -0.50359 -0.80403
vn -0.39829 -0.44652 -0.80124
vn -0.39877 -0.44105 -0.80403
vn -0.46978 -0.37057 -0.80124
vn -0.4693 -0.3651 -0.80403
vn -0.52699 -0.28336 -0.80124
vn -0.52557 -0.27806 -0.80403
vn -0.56819 -0.18755 -0.80124
vn -0.56586 -0.18257 -0.80403
vn -0.59212 -0.08603 -0.80124
vn -0.58897 -0.08154 -0.80403
vn -0.59807 0.01809 -0.80124
vn -0.59418 0.02197 -0.80403
vn -0.58584 0.12167 -0.80124
vn -0.58134 0.12482 -0.80403
vn -0.55581 0.22155 -0.80124
vn -0.55084 0.22387 -0.80403
vn -0.5089 0.3147 -0.80124
vn -0.50359 0.31612 -0.80403
vn -0.44652 0.39829 -0.80124
vn -0.44104 0.39877 -0.80403
vn -0.37056 0.46978 -0.80124
vn -0.36511 0.4693 -0.80403
vn -0.28336 0.52699 -0.80124
vn -0.27806 0.52557 -0.80403
vn -0.18754 0.56819 -0.80124
vn -0.18258 0.56587 -0.80403
vn -0.08603 0.59212 -0.80124
vn -0.08154 0.58897 -0.80403
vn 0.08716 0.99619 0
vn 0.08716 0.99619 0
vn 0.25881 0.96593 0
vn 0.25882 0.96593 0
vn 0.42262 0.90631 0
vn 0.57359 0.81915 0
vn 0.57356 0.81916 0
vn 0.70711 0.7071 0
vn 0.9063 0.42263 0
vn 0.96593 0.25882 0
vn 0.99619 0.08716 0
vn 0.99619 -0.08716 0
vn 0.96593 -0.25882 0
vn 0.7071 -0.70711 0
vn 0.70712 -0.7071 0
vn 0.57357 -0.81916 0
vn 0.42261 -0.90631 0
vn 0.42262 -0.90631 0
vn -0.42262 -0.90631 0
vn -0.42262 -0.90631 0
vn -0.57359 -0.81914 0
vn -0.70712 -0.7071 0
vn -0.99619 -0.08716 0
vn -0.99619 0.08716 0
vn -0.96593 0.25882 0
vn -0.7071 0.70711 0
vn -0.70712 0.7071 0
vn -0.57358 0.81915 0
vn -0.42261 0.90631 0
vn -0.42262 0.90631 0
vn -0.25882 0.96593 0
vn -0.08716 0.99619 0
vn -0.08716 0.99619 0
vn 0.08154 0.58897 0.80403
vn 0.08603 0.59212 0.80124
vn 0.18258 0.56587 0.80403
vn 0.18755 0.56819 0.80124
vn 0.27806 0.52556 0.80403
vn 0.28336 0.52699 0.80124
vn 0.36511 0.46929 0.80403
vn 0.37057 0.46978 0.80124
vn 0.44104 0.39877 0.80403
vn 0.44651 0.39829 0.80124
vn 0.50359 0.31612 0.80403
vn 0.50889 0.31471 0.80124
vn 0.55083 0.22387 0.80403
vn 0.55582 0.22155 0.80124
vn 0.58134 0.12482 0.80403
vn 0.58584 0.12167 0.80124
vn 0.59418 0.02197 0.80403
vn 0.59807 0.01809 0.80124
vn 0.58898 -0.08154 0.80403
vn 0.59212 -0.08603 0.80124
vn 0.56586 -0.18257 0.80403
vn 0.56819 -0.18755 0.80124
vn 0.52557 -0.27806 0.80403
vn 0.52699 -0.28336 0.80124
vn 0.46929 -0.3651 0.80403
vn 0.46978 -0.37057 0.80124
vn 0.39877 -0.44105 0.80403
vn 0.39829 -0.44652 0.80124
vn 0.31612 -0.50359 0.80403
vn 0.3147 -0.50889 0.80124
vn 0.22387 -0.55083 0.80403
vn 0.22155 -0.55581 0.80124
vn 0.12482 -0.58134 0.80403
vn 0.12167 -0.58584 0.80124
vn 0.02198 -0.59418 0.80403
vn 0.01809 -0.59807 0.80124
vn -0.08154 -0.58897 0.80403
vn -0.08603 -0.59212 0.80124
vn -0.18258 -0.56587 0.80403
vn -0.18755 -0.56819 0.80124
vn -0.27807 -0.52556 0.80403
vn -0.28336 -0.52699 0.80124
vn -0.3651 -0.46929 0.80403
vn -0.37056 -0.46978 0.80124
vn -0.44105 -0.39877 0.80403
vn -0.50359 -0.31612 0.80403
vn -0.55084 -0.22387 0.80403
vn -0.55581 -0.22155 0.80124
vn -0.58584 -0.12167 0.80124
vn -0.59418 -0.02197 0.80403
vn -0.59807 -0.01809 0.80124
vn -0.58897 0.08154 0.80403
vn -0.56587 0.18257 0.80403
vn -0.56819 0.18755 0.80124
vn -0.52556 0.27806 0.80403
vn -0.52699 0.28336 0.80124
vn -0.39877 0.44105 0.80403
vn -0.39829 0.44652 0.80124
vn -0.22387 0.55083 0.80403
vn -0.12482 0.58134 0.80403
vn -0.12167 0.58584 0.80124
vn -0.02197 0.59418 0.80403
vn -0.0181 0.59807 0.80124
vn 0.42263 0.9063 0
vn 0.57358 0.81915 0
vn 0.57356 0.81916 0
vn 0.70712 0.7071 0
vn 0.96593 0.25881 0
vn 0.96592 0.25882 0
vn 0.99619 0.08716 0
vn 0.99619 0.08716 0
vn 0.99619 -0.08715 0
vn 0.99619 -0.08716 0
vn 0.96593 -0.25882 0
vn 0.96593 -0.25882 0
vn 0.90631 -0.42261 0
vn 0.81915 -0.57357 0
vn 0.81915 -0.57357 0
vn 0.7071 -0.70711 0
vn 0.57358 -0.81915 0
vn 0.57356 -0.81916 0
vn 0.42262 -0.90631 0
vn 0.08716 -0.99619 0
vn -0.08715 -0.9962 0
vn -0.42261 -0.90631 0
vn -0.42261 -0.90631 0
vn -0.70711 -0.7071 0
vn -0.7071 -0.70711 0
vn -0.81915 -0.57358 0
vn -0.81916 -0.57357 0
vn -0.9063 -0.42262 0
vn -0.90631 -0.42262 0
vn -0.96593 -0.25882 0
vn -0.96593 -0.25881 0
vn -0.99619 -0.08716 0
vn -0.99619 -0.08716 0
vn -0.99619 0.08716 0
vn -0.99619 0.08715 0
vn -0.96593 0.25882 0
vn -0.96592 0.25883 0
vn -0.90631 0.42262 0
vn -0.90631 0.42261 0
vn -0.81915 0.57358 0
vn -0.42263 0.9063 0
vn 0.01809 0.59807 -0.80124
vn 0.02197 0.59418 -0.80403
vn 0.12167 0.58584 -0.80124
vn 0.22155 0.55581 -0.80124
vn 0.3147 0.50889 -0.80124
vn 0.31612 0.50359 -0.80403
vn 0.46978 0.37057 -0.80124
vn 0.52699 0.28336 -0.80124
vn 0.52557 0.27806 -0.80403
vn 0.56586 0.18257 -0.80403
vn 0.59213 0.08603 -0.80124
vn 0.58897 0.08154 -0.80403
vn 0.59807 -0.01809 -0.80124
vn 0.59418 -0.02197 -0.80403
vn 0.58584 -0.12167 -0.80124
vn 0.58134 -0.12482 -0.80403
vn 0.55581 -0.22155 -0.80124
vn 0.55083 -0.22387 -0.80403
vn 0.50359 -0.31612 -0.80403
vn 0.44651 -0.39829 -0.80124
vn 0.44105 -0.39877 -0.80403
vn 0.37057 -0.46978 -0.80124
vn 0.36511 -0.46929 -0.80403
vn 0.27806 -0.52556 -0.80403
vn 0.18755 -0.56819 -0.80124
vn 0.18258 -0.56586 -0.80403
vn 0.08603 -0.59212 -0.80124
vn 0.08154 -0.58897 -0.80403
vn -0.0181 -0.59807 -0.80124
vn -0.02197 -0.59418 -0.80403
vn -0.12167 -0.58584 -0.80124
vn -0.12482 -0.58134 -0.80403
vn -0.3147 -0.50889 -0.80124
vn -0.39829 -0.44652 -0.80124
vn -0.39877 -0.44105 -0.80403
vn -0.4693 -0.3651 -0.80403
vn -0.52699 -0.28336 -0.80124
vn -0.52556 -0.27806 -0.80403
vn -0.56819 -0.18755 -0.80124
vn -0.56587 -0.18257 -0.80403
vn -0.59213 -0.08603 -0.80124
vn -0.58897 -0.08154 -0.80403
vn -0.58134 0.12482 -0.80403
vn -0.55581 0.22155 -0.80124
vn -0.55083 0.22387 -0.80403
vn -0.5089 0.3147 -0.80124
vn -0.50359 0.31612 -0.80403
vn -0.44651 0.39829 -0.80124
vn -0.44105 0.39877 -0.80403
vn -0.37057 0.46978 -0.80124
vn -0.3651 0.4693 -0.80403
vn -0.28336 0.52699 -0.80124
vn -0.18755 0.56819 -0.80124
vn -0.18257 0.56587 -0.80403
vn -0.08154 0.58897 -0.80403
vn 0.08716 0.99619 0
vn 0.25882 0.96592 0
vn 0.25882 0.96592 0
vn 0.57358 0.81915 0
vn 0.70711 0.7071 0
vn 0.7071 0.70712 0
vn 0.81915 0.57358 0
vn 0.81916 0.57357 0
vn 0.9063 0.42263 0
vn 0.96592 0.25882 0
vn 0.96593 0.25882 0
vn 0.99619 -0.08715 0
vn 0.96592 -0.25882 0
vn 0.90631 -0.42262 0
vn 0.90631 -0.42261 0
vn 0.81915 -0.57358 0
vn 0.70712 -0.7071 0
vn 0.7071 -0.70711 0
vn 0.57358 -0.81915 0
vn 0.42262 -0.90631 0
vn -0.57358 -0.81915 0
vn -0.70712 -0.7071 0
vn -0.7071 -0.70711 0
vn -0.81914 0.57359 0
vn -0.7071 0.70711 0
vn -0.57357 0.81916 0
vn -0.57358 0.81915 0
vn -0.42262 0.90631 0
vn 0.08154 0.58897 0.80403
vn 0.08604 0.59212 0.80124
vn 0.18257 0.56587 0.80403
vn 0.18755 0.56819 0.80124
vn 0.27806 0.52556 0.80403
vn 0.28336 0.52699 0.80124
vn 0.3651 0.4693 0.80403
vn 0.44105 0.39877 0.80403
vn 0.50359 0.31612 0.80403
vn 0.50889 0.3147 0.80124
vn 0.55084 0.22387 0.80403
vn 0.55581 0.22155 0.80124
vn 0.58134 0.12482 0.80403
vn 0.58584 0.12167 0.80124
vn 0.59419 0.02197 0.80403
vn 0.59807 0.01809 0.80124
vn 0.58897 -0.08154 0.80403
vn 0.59212 -0.08603 0.80124
vn 0.56819 -0.18755 0.80124
vn 0.52556 -0.27806 0.80403
vn 0.52699 -0.28336 0.80124
vn 0.46978 -0.37057 0.80124
vn 0.22156 -0.55581 0.80124
vn 0.12482 -0.58134 0.80403
vn 0.12167 -0.58584 0.80124
vn 0.02197 -0.59418 0.80403
vn 0.0181 -0.59807 0.80124
vn -0.08154 -0.58897 0.80403
vn -0.08603 -0.59212 0.80124
vn -0.18257 -0.56587 0.80403
vn -0.18755 -0.56819 0.80124
vn -0.27807 -0.52557 0.80403
vn -0.28336 -0.52699 0.80124
vn -0.3651 -0.4693 0.80403
vn -0.37057 -0.46978 0.80124
vn -0.44105 -0.39877 0.80403
vn -0.44651 -0.39829 0.80124
vn -0.50359 -0.31612 0.80403
vn -0.5089 -0.3147 0.80124
vn -0.55084 -0.22387 0.80403
vn -0.55581 -0.22156 0.80125
vn -0.58134 -0.12482 0.80403
vn -0.58584 -0.12167 0.80124
vn -0.59418 -0.02197 0.80403
vn -0.59807 -0.01809 0.80124
vn -0.59213 0.08603 0.80124
vn -0.56819 0.18755 0.80124
vn -0.52557 0.27806 0.80403
vn -0.52699 0.28336 0.80124
vn -0.4693 0.3651 0.80403
vn -0.31612 0.50359 0.80403
vn -0.3147 0.50889 0.80124
vn -0.22155 0.55581 0.80124
vn -0.12482 0.58134 0.80403
vn 0.25882 0.96593 0
vn 0.81915 0.57357 0
vn 0.96593 0.25882 0
vn 0.99619 0.08716 0
vn 0.99619 -0.08716 0
vn 0.96592 -0.25882 0
vn 0.90631 -0.42262 0
vn -0.25882 -0.96593 0
vn -0.42262 -0.90631 0
vn -0.57356 -0.81916 0
vn -0.57358 -0.81915 0
vn -0.70712 -0.7071 0
vn -0.81915 -0.57357 0
vn -0.90631 -0.42261 0
vn -0.96592 -0.25882 0
vn -0.96593 -0.25882 0
vn -0.99619 -0.08715 0
vn -0.99619 0.08716 0
vn -0.96593 0.25881 0
vn -0.9063 0.42263 0
vn -0.90631 0.42262 0
vn -0.81916 0.57357 0
vn -0.7071 0.70711 0
vn -0.7071 0.70711 0
vn -0.57359 0.81914 0
vn -0.57357 0.81915 0
vn -0.42262 0.90631 0
vn -0.42261 0.90631 0
vn -0.25883 0.96592 0
vn -0.25882 0.96593 0
vn -0.08716 0.99619 0
vn 0.01809 0.59807 -0.80124
vn 0.02198 0.59418 -0.80403
vn 0.12167 0.58584 -0.80124
vn 0.12482 0.58134 -0.80403
vn 0.22156 0.55581 -0.80124
vn 0.22387 0.55084 -0.80403
vn 0.3147 0.50889 -0.80124
vn 0.31612 0.50359 -0.80403
vn 0.39829 0.44652 -0.80124
vn 0.39877 0.44105 -0.80403
vn 0.46978 0.37057 -0.80124
vn 0.4693 0.3651 -0.80403
vn 0.52699 0.28336 -0.80124
vn 0.52556 0.27806 -0.80403
vn 0.56587 0.18257 -0.80403
vn 0.59212 0.08603 -0.80124
vn 0.58897 0.08154 -0.80403
vn 0.59807 -0.01809 -0.80124
vn 0.59419 -0.02197 -0.80403
vn 0.58584 -0.12167 -0.80124
vn 0.58134 -0.12482 -0.80403
vn 0.55581 -0.22155 -0.80124
vn 0.55084 -0.22387 -0.80403
vn 0.50889 -0.3147 -0.80124
vn 0.50359 -0.31612 -0.80403
vn 0.3651 -0.4693 -0.80403
vn 0.28337 -0.52699 -0.80124
vn 0.27806 -0.52556 -0.80403
vn -0.12167 -0.58584 -0.80124
vn -0.22156 -0.55581 -0.80124
vn -0.22387 -0.55083 -0.80403
vn -0.46978 -0.37057 -0.80124
vn -0.4693 -0.3651 -0.80403
vn -0.52699 -0.28336 -0.80124
vn -0.56587 -0.18257 -0.80403
vn -0.59212 -0.08603 -0.80124
vn -0.58897 -0.08154 -0.80403
vn -0.59807 0.01809 -0.80124
vn -0.59418 0.02197 -0.80403
vn -0.58584 0.12167 -0.80124
vn -0.58134 0.12482 -0.80403
vn -0.55581 0.22155 -0.80124
vn -0.55084 0.22387 -0.80403
vn -0.50359 0.31612 -0.80403
vn -0.44652 0.39829 -0.80124
vn -0.37056 0.46978 -0.80124
vn -0.3651 0.4693 -0.80403
vn -0.28337 0.52699 -0.80124
vn -0.27806 0.52556 -0.80403
vn -0.18755 0.56819 -0.80124
vn -0.18258 0.56587 -0.80403
vn -0.08603 0.59212 -0.80124
vn 0.42262 0.90631 0
vn 0.42262 0.90631 0
vn 0.57358 0.81915 0
vn 0.70712 0.7071 0
vn 0.7071 0.70711 0
vn 0.99619 0.08715 0
vn 0.99619 -0.08716 0
vn 0.96593 -0.25882 0
vn 0.9063 -0.42263 0
vn 0.81916 -0.57357 0
vn 0.81916 -0.57357 0
vn 0.7071 -0.70712 0
vn 0.7071 -0.70712 0
vn 0.57358 -0.81915 0
vn 0.57359 -0.81915 0
vn 0.42262 -0.90631 0
vn 0.42262 -0.90631 0
vn 0.25882 -0.96593 0
vn 0.25882 -0.96592 0
vn 0.08715 -0.99619 0
vn 0.08716 -0.99619 0
vn -0.08716 -0.99619 0
vn -0.08716 -0.99619 0
vn -0.25881 -0.96593 0
vn -0.25882 -0.96593 0
vn -0.42263 -0.9063 0
vn -0.57358 -0.81915 0
vn -0.57356 -0.81916 0
vn -0.99619 -0.08715 0
vn -0.99619 0.08715 0
vn 0.18258 0.56587 0.80403
vn 0.27806 0.52557 0.80403
vn 0.28336 0.52699 0.80124
vn 0.44104 0.39877 0.80403
vn 0.50359 0.31612 0.80403
vn 0.55083 0.22387 0.80403
vn 0.55581 0.22155 0.80124
vn 0.58584 0.12167 0.80124
vn 0.59418 0.02197 0.80403
vn 0.59807 0.01809 0.80124
vn 0.59213 -0.08603 0.80124
vn 0.56819 -0.18755 0.80124
vn 0.52699 -0.28336 0.80124
vn 0.46978 -0.37057 0.80124
vn 0.39877 -0.44105 0.80403
vn 0.39829 -0.44652 0.80124
vn 0.3147 -0.50889 0.80124
vn 0.22387 -0.55083 0.80403
vn 0.22155 -0.55581 0.80124
vn 0.12482 -0.58134 0.80403
vn 0.12167 -0.58584 0.80124
vn 0.02197 -0.59418 0.80403
vn -0.08154 -0.58897 0.80403
vn -0.18258 -0.56587 0.80403
vn -0.27806 -0.52557 0.80403
vn -0.36511 -0.4693 0.80403
vn -0.37056 -0.46978 0.80124
vn -0.44104 -0.39877 0.80403
vn -0.44652 -0.39829 0.80124
vn -0.50359 -0.31612 0.80403
vn -0.5089 -0.3147 0.80124
vn -0.55083 -0.22387 0.80403
vn -0.55581 -0.22155 0.80124
vn -0.59807 -0.01809 0.80124
vn -0.58898 0.08154 0.80403
vn -0.59212 0.08603 0.80124
vn -0.56586 0.18257 0.80403
vn -0.56819 0.18755 0.80124
vn -0.52557 0.27806 0.80403
vn -0.52699 0.28336 0.80124
vn -0.46929 0.3651 0.80403
vn -0.46978 0.37057 0.80124
vn -0.39877 0.44105 0.80403
vn -0.39829 0.44652 0.80124
vn -0.31612 0.50359 0.80403
vn -0.31471 0.50889 0.80124
vn -0.22387 0.55083 0.80403
vn -0.22155 0.55581 0.80124
vn -0.12482 0.58134 0.80403
vn -0.02198 0.59418 0.80403
vn -0.0181 0.59807 0.80124
vn 0.08716 0.99619 0
vn 0.08716 0.99619 0
vn 0.25881 0.96593 0
vn 0.25882 0.96593 0
vn 0.42262 0.90631 0
vn 0.42262 0.90631 0
vn 0.99619 0.08715 0
vn 0.99619 -0.08716 0
vn 0.81914 -0.57359 0
vn -0.7071 -0.70711 0
vn -0.90631 -0.42262 0
vn -0.99619 -0.08716 0
vn -0.99619 -0.08716 0
vn -0.96592 0.25882 0
vn -0.70712 0.7071 0
vn -0.25881 0.96593 0
vn -0.08716 0.99619 0
vn 0.02198 0.59418 -0.80403
vn 0.12167 0.58584 -0.80124
vn 0.12482 0.58134 -0.80403
vn 0.31471 0.50889 -0.80124
vn 0.31612 0.50359 -0.80403
vn 0.39829 0.44652 -0.80124
vn 0.39877 0.44105 -0.80403
vn 0.46978 0.37057 -0.80124
vn 0.46929 0.3651 -0.80403
vn 0.52699 0.28336 -0.80124
vn 0.52557 0.27806 -0.80403
vn 0.56819 0.18755 -0.80124
vn 0.56587 0.18257 -0.80403
vn 0.58898 0.08154 -0.80403
vn 0.59807 -0.01809 -0.80124
vn 0.58584 -0.12167 -0.80124
vn 0.58135 -0.12482 -0.80403
vn 0.55581 -0.22155 -0.80124
vn 0.55083 -0.22387 -0.80403
vn 0.5089 -0.3147 -0.80124
vn 0.50359 -0.31612 -0.80403
vn 0.44652 -0.39829 -0.80124
vn 0.44104 -0.39877 -0.80403
vn 0.37056 -0.46978 -0.80124
vn 0.3651 -0.4693 -0.80403
vn 0.28336 -0.52699 -0.80124
vn 0.27806 -0.52557 -0.80403
vn 0.18755 -0.56819 -0.80124
vn 0.18258 -0.56587 -0.80403
vn 0.08603 -0.59212 -0.80124
vn 0.08153 -0.58897 -0.80403
vn -0.01809 -0.59807 -0.80124
vn -0.02197 -0.59418 -0.80403
vn -0.31612 -0.50359 -0.80403
vn -0.39877 -0.44105 -0.80403
vn -0.52557 -0.27806 -0.80403
vn -0.56586 -0.18257 -0.80403
vn -0.58897 -0.08154 -0.80403
vn -0.58134 0.12482 -0.80403
vn -0.55581 0.22155 -0.80124
vn -0.55083 0.22387 -0.80403
vn -0.50359 0.31612 -0.80403
vn -0.44651 0.39829 -0.80124
vn -0.44105 0.39877 -0.80403
vn -0.37057 0.46978 -0.80124
vn -0.3651 0.46929 -0.80403
vn -0.28336 0.52699 -0.80124
vn -0.18755 0.56819 -0.80124
vn -0.08603 0.59212 -0.80124
vn -0.08153 0.58897 -0.80403
vn 0.25882 0.96593 0
vn 0.42261 0.90631 0
vn 0.57357 0.81916 0
vn 0.57358 0.81915 0
vn 0.7071 0.70711 0
vn 0.70712 0.7071 0
vn 0.99619 0.08715 0
vn 0.99619 -0.08715 0
vn 0.9063 -0.42263 0
vn 0.57358 -0.81915 0
vn 0.25882 -0.96593 0
vn 0.08716 -0.99619 0
vn 0.08716 -0.99619 0
vn -0.08716 -0.99619 0
vn -0.25882 -0.96592 0
vn -0.25882 -0.96592 0
vn -0.42262 -0.90631 0
vn -0.42261 -0.90631 0
vn -0.57358 -0.81915 0
vn -0.57358 -0.81915 0
vn -0.7071 -0.70712 0
vn -0.70711 -0.7071 0
vn -0.81916 -0.57357 0
vn -0.81915 -0.57358 0
vn -0.90631 -0.42262 0
vn -0.90631 -0.42262 0
vn -0.96593 -0.25882 0
vn -0.99619 -0.08715 0
vn -0.99619 0.08715 0
vn -0.96592 0.25882 0
vn -0.90631 0.42261 0
vn -0.70712 0.7071 0
vn -0.42261 0.90631 0
vn 0.08154 0.58897 0.80403
vn 0.18755 0.56819 0.80124
vn 0.27807 0.52556 0.80403
vn 0.44105 0.39877 0.80403
vn 0.44652 0.39829 0.80124
vn 0.50889 0.3147 0.80124
vn 0.55581 0.22155 0.80124
vn 0.58584 0.12167 0.80124
vn 0.59807 0.01809 0.80124
vn 0.56819 -0.18755 0.80124
vn 0.52557 -0.27806 0.80403
vn 0.4693 -0.3651 0.80403
vn 0.39877 -0.44105 0.80403
vn 0.39829 -0.44652 0.80124
vn 0.31612 -0.50359 0.80403
vn 0.3147 -0.50889 0.80124
vn 0.22387 -0.55083 0.80403
vn 0.22156 -0.55581 0.80124
vn 0.12482 -0.58134 0.80403
vn 0.12167 -0.58584 0.80124
vn 0.02198 -0.59418 0.80403
vn 0.0181 -0.59807 0.80124
vn -0.08154 -0.58897 0.80403
vn -0.08604 -0.59212 0.80124
vn -0.18257 -0.56587 0.80403
vn -0.27807 -0.52556 0.80403
vn -0.28336 -0.52699 0.80124
vn -0.37057 -0.46978 0.80124
vn -0.44104 -0.39877 0.80403
vn -0.44652 -0.39829 0.80124
vn -0.50359 -0.31612 0.80403
vn -0.50889 -0.3147 0.80124
vn -0.55581 -0.22155 0.80124
vn -0.58584 -0.12167 0.80124
vn -0.59807 -0.01809 0.80124
vn -0.58897 0.08154 0.80403
vn -0.56819 0.18755 0.80124
vn -0.52556 0.27806 0.80403
vn -0.52699 0.28336 0.80124
vn -0.4693 0.3651 0.80403
vn -0.46978 0.37057 0.80124
vn -0.39877 0.44105 0.80403
vn -0.39829 0.44652 0.80124
vn -0.31612 0.50359 0.80403
vn -0.3147 0.50889 0.80124
vn -0.22387 0.55084 0.80403
vn -0.22156 0.55581 0.80124
vn -0.12482 0.58134 0.80403
vn -0.12168 0.58584 0.80124
vn -0.02197 0.59418 0.80403
vn -0.0181 0.59807 0.80124
vn 0.08715 0.9962 0
vn 0.25883 0.96592 0
vn 0.42261 0.90631 0
vn 0.57358 0.81915 0
vn 0.7071 0.70711 0
vn 0.7071 0.70711 0
vn 0.81916 0.57357 0
vn 0.81915 0.57358 0
vn 0.9063 0.42262 0
vn 0.9063 0.42263 0
vn 0.96593 0.25881 0
vn 0.96593 0.25882 0
vn 0.99619 0.08716 0
vn 0.99619 -0.08715 0
vn 0.96592 -0.25883 0
vn 0.90631 -0.42262 0
vn 0.90631 -0.42261 0
vn 0.57357 -0.81916 0
vn -0.57357 -0.81916 0
vn -0.81914 -0.57359 0
vn -0.99619 0.08716 0
vn -0.57357 0.81916 0
vn 0.01809 0.59807 -0.80124
vn 0.02197 0.59418 -0.80403
vn 0.12168 0.58584 -0.80124
vn 0.3147 0.50889 -0.80124
vn 0.39829 0.44651 -0.80124
vn 0.39877 0.44105 -0.80403
vn 0.46929 0.3651 -0.80403
vn 0.52557 0.27806 -0.80403
vn 0.56818 0.18755 -0.80124
vn 0.56586 0.18257 -0.80403
vn 0.58897 0.08154 -0.80403
vn 0.58134 -0.12482 -0.80403
vn 0.55581 -0.22156 -0.80124
vn 0.55084 -0.22387 -0.80403
vn 0.5089 -0.3147 -0.80124
vn 0.50359 -0.31612 -0.80403
vn 0.44651 -0.39829 -0.80124
vn 0.44105 -0.39877 -0.80403
vn 0.37057 -0.46978 -0.80124
vn 0.3651 -0.4693 -0.80403
vn 0.28336 -0.52699 -0.80124
vn 0.18755 -0.56819 -0.80124
vn 0.18257 -0.56587 -0.80403
vn 0.08154 -0.58897 -0.80403
vn -0.01809 -0.59807 -0.80124
vn -0.02198 -0.59418 -0.80403
vn -0.12168 -0.58584 -0.80124
vn -0.12482 -0.58134 -0.80403
vn -0.22156 -0.55581 -0.80124
vn -0.22387 -0.55084 -0.80403
vn -0.3147 -0.50889 -0.80124
vn -0.31612 -0.50359 -0.80403
vn -0.39829 -0.44652 -0.80124
vn -0.39877 -0.44105 -0.80403
vn -0.46978 -0.37057 -0.80124
vn -0.4693 -0.3651 -0.80403
vn -0.52556 -0.27806 -0.80403
vn -0.58897 -0.08154 -0.80403
vn -0.59419 0.02197 -0.80403
vn -0.58134 0.12482 -0.80403
vn -0.55084 0.22387 -0.80403
vn -0.50889 0.3147 -0.80124
vn -0.44652 0.39829 -0.80124
vn -0.37057 0.46978 -0.80124
vn -0.27806 0.52556 -0.80403
vn -0.08604 0.59212 -0.80124
vn 0.42261 -0.90631 0
vn -0.08716 -0.99619 0
vn -0.42261 -0.90631 0
vn -0.81915 -0.57358 0
vn -0.90631 -0.42261 0
vn -0.96592 -0.25882 0
vn -0.90631 0.42262 0
vn -0.81915 0.57358 0
vn -0.81916 0.57357 0
vn -0.7071 0.70711 0
vn -0.7071 0.70711 0
vn -0.57358 0.81915 0
vn -0.42262 0.90631 0
vn -0.08715 0.99619 0
vn 0.08154 0.58897 0.80403
vn 0.18257 0.56587 0.80403
vn 0.18755 0.56819 0.80124
vn 0.27806 0.52557 0.80403
vn 0.28336 0.52699 0.80124
vn 0.3651 0.4693 0.80403
vn 0.37057 0.46978 0.80124
vn 0.44105 0.39877 0.80403
vn 0.44651 0.39829 0.80124
vn 0.50359 0.31612 0.80403
vn 0.5089 0.3147 0.80124
vn 0.55083 0.22387 0.80403
vn 0.55581 0.22156 0.80124
vn 0.58584 0.12167 0.80124
vn 0.59806 0.01809 0.80124
vn 0.58897 -0.08154 0.80403
vn 0.56819 -0.18755 0.80124
vn 0.52557 -0.27806 0.80403
vn 0.52699 -0.28336 0.80124
vn 0.39829 -0.44652 0.80124
vn 0.12482 -0.58134 0.80403
vn 0.02197 -0.59418 0.80403
vn -0.08154 -0.58897 0.80403
vn -0.08603 -0.59212 0.80124
vn -0.44651 -0.39829 0.80124
vn -0.55581 -0.22155 0.80124
vn -0.58584 -0.12167 0.80124
vn -0.59807 -0.01809 0.80124
vn -0.46929 0.3651 0.80403
vn -0.31612 0.50359 0.80403
vn -0.22387 0.55083 0.80403
vn -0.12482 0.58134 0.80403
vn -0.02197 0.59418 0.80403
vn 0.57357 0.81916 0
vn 0.81914 0.57359 0
vn 0.90631 0.42261 0
vn 0.90631 0.42262 0
vn 0.96593 0.25882 0
vn 0.96592 0.25883 0
vn 0.99619 0.08715 0
vn 0.99619 0.08716 0
vn 0.99619 -0.08716 0
vn 0.9063 -0.42263 0
vn 0.7071 -0.70711 0
vn 0.57358 -0.81915 0
vn 0.25882 -0.96593 0
vn 0.25883 -0.96592 0
vn -0.25881 -0.96593 0
vn -0.42263 -0.9063 0
vn -0.90631 0.42261 0
vn 0.4693 0.3651 -0.80403
vn 0.56587 0.18257 -0.80403
vn 0.58897 0.08154 -0.80403
vn 0.58134 -0.12482 -0.80403
vn 0.44652 -0.39829 -0.80124
vn 0.3651 -0.4693 -0.80403
vn 0.27807 -0.52556 -0.80403
vn 0.08604 -0.59212 -0.80124
vn -0.12167 -0.58584 -0.80124
vn -0.12482 -0.58134 -0.80403
vn -0.22155 -0.55581 -0.80124
vn -0.3147 -0.50889 -0.80124
vn -0.39829 -0.44652 -0.80124
vn -0.39877 -0.44105 -0.80403
vn -0.46929 -0.3651 -0.80403
vn -0.52557 -0.27806 -0.80403
vn -0.58898 -0.08154 -0.80403
vn -0.58134 0.12482 -0.80403
vn -0.55581 0.22155 -0.80124
vn -0.55083 0.22387 -0.80403
vn -0.50889 0.31471 -0.80124
vn -0.50359 0.31612 -0.80403
vn -0.44652 0.39829 -0.80124
vn -0.44104 0.39877 -0.80403
vn -0.3651 0.4693 -0.80403
vn -0.18755 0.56819 -0.80124
vn -0.08603 0.59212 -0.80124
vn 0.08716 0.99619 0
vn 0.42261 0.90631 0
vn 0.70711 0.7071 0
vn 0.70711 -0.7071 0
vn 0.70711 -0.7071 0
vn 0.08716 -0.99619 0
vn -0.70711 -0.7071 0
vn -0.96593 -0.25881 0
vn -0.70711 0.7071 0
vn -0.57357 0.81916 0
vn -0.57358 0.81915 0
vn -0.42263 0.9063 0
vn -0.25882 0.96593 0
vn -0.08716 0.99619 0
vn 0.08154 0.58897 0.80403
vn 0.18257 0.56587 0.80403
vn 0.18755 0.56819 0.80124
vn 0.27806 0.52557 0.80403
vn 0.28337 0.52699 0.80124
vn 0.36511 0.4693 0.80403
vn 0.37056 0.46978 0.80124
vn 0.44652 0.39829 0.80124
vn 0.5036 0.31612 0.80403
vn 0.55582 0.22155 0.80124
vn 0.59807 0.01809 0.80124
vn 0.56819 -0.18755 0.80124
vn 0.52557 -0.27806 0.80402
vn 0.46929 -0.3651 0.80403
vn 0.39877 -0.44105 0.80403
vn 0.02198 -0.59418 0.80403
vn -0.08154 -0.58897 0.80403
vn -0.18257 -0.56587 0.80403
vn -0.37056 -0.46978 0.80124
vn -0.44652 -0.39829 0.80124
vn -0.58134 -0.12482 0.80403
vn -0.59807 -0.01809 0.80124
vn -0.56819 0.18755 0.80124
vn -0.52699 0.28336 0.80124
vn -0.46978 0.37057 0.80124
vn -0.02197 0.59418 0.80403
vn 0.90631 0.42261 0
vn 0.70711 -0.7071 0
vn 0.57357 -0.81916 0
vn 0.42262 -0.90631 0
vn 0.42262 -0.90631 0
vn 0.25881 -0.96593 0
vn 0.25881 -0.96593 0
vn -0.25883 -0.96592 0
vn -0.57358 -0.81915 0
vn -0.7071 -0.70711 0
vn -0.9063 -0.42263 0
vn -0.99619 -0.08716 0
vn -0.99619 -0.08716 0
vn 0.01809 0.59807 -0.80124
vn 0.31612 0.50359 -0.80403
vn 0.39829 0.44652 -0.80124
vn 0.58897 0.08154 -0.80403
vn 0.59806 -0.01809 -0.80124
vn 0.58134 -0.12482 -0.80403
vn 0.55083 -0.22387 -0.80403
vn 0.50359 -0.31612 -0.80403
vn 0.44651 -0.39829 -0.80124
vn 0.37057 -0.46978 -0.80124
vn 0.3651 -0.4693 -0.80403
vn 0.28336 -0.52699 -0.80124
vn 0.08603 -0.59212 -0.80124
vn -0.01809 -0.59807 -0.80124
vn -0.12168 -0.58584 -0.80124
vn -0.22387 -0.55083 -0.80403
vn -0.3147 -0.50889 -0.80124
vn -0.31612 -0.50359 -0.80403
vn -0.58897 -0.08154 -0.80403
vn -0.59807 0.01809 -0.80124
vn -0.58584 0.12167 -0.80124
vn -0.58134 0.12482 -0.80403
vn -0.55581 0.22156 -0.80124
vn -0.55084 0.22387 -0.80403
vn -0.5089 0.3147 -0.80124
vn -0.50359 0.31612 -0.80403
vn -0.37057 0.46978 -0.80124
vn -0.3651 0.4693 -0.80403
vn -0.28336 0.52699 -0.80124
vn -0.27807 0.52557 -0.80403
vn -0.18755 0.56819 -0.80124
vn 0.08715 0.99619 0
vn 0.42261 0.90631 0
vn 0.57358 0.81915 0
vn 0.7071 0.70711 0
vn 0.90631 0.42262 0
vn 0.99619 -0.08715 0
vn 0.96593 -0.25881 0
vn 0.81914 -0.57359 0
vn -0.57357 -0.81916 0
vn -0.70711 -0.7071 0
vn -0.9063 0.42263 0
vn -0.70711 0.7071 0
vn -0.08716 0.99619 0
vn 0.08154 0.58897 0.80403
vn 0.18257 0.56587 0.80403
vn 0.28337 0.52699 0.80124
vn 0.37056 0.46978 0.80124
vn 0.44652 0.39829 0.80124
vn 0.58584 0.12167 0.80124
vn 0.59807 0.01809 0.80124
vn 0.58897 -0.08154 0.80403
vn 0.56587 -0.18257 0.80403
vn 0.56819 -0.18755 0.80124
vn 0.52556 -0.27806 0.80403
vn 0.52699 -0.28336 0.80124
vn 0.4693 -0.3651 0.80403
vn 0.46978 -0.37057 0.80124
vn 0.39829 -0.44652 0.80124
vn 0.31613 -0.50359 0.80403
vn 0.22387 -0.55084 0.80403
vn 0.22155 -0.55581 0.80124
vn 0.12482 -0.58134 0.80403
vn 0.02197 -0.59418 0.80403
vn 0.01809 -0.59807 0.80124
vn -0.08154 -0.58897 0.80403
vn -0.18257 -0.56587 0.80403
vn -0.18755 -0.56819 0.80124
vn -0.28336 -0.52699 0.80124
vn -0.3651 -0.4693 0.80403
vn -0.37057 -0.46978 0.80124
vn -0.44104 -0.39877 0.80403
vn -0.44651 -0.39829 0.80124
vn -0.5089 -0.3147 0.80124
vn -0.59806 -0.01809 0.80124
vn -0.56819 0.18755 0.80124
vn -0.02197 0.59418 0.80403
vn -0.01809 0.59807 0.80124
vn 0.42263 -0.9063 0
vn -0.08716 -0.99619 0
vn -0.81915 -0.57358 0
vn -0.99619 0.08716 0
vn -0.70711 0.70711 0
vn -0.57358 0.81915 0
vn -0.42261 0.90631 0
vn -0.08715 0.99619 0
vn 0.01809 0.59807 -0.80124
vn 0.12482 0.58134 -0.80403
vn 0.22155 0.55581 -0.80124
vn 0.3147 0.50889 -0.80124
vn 0.39829 0.44651 -0.80124
vn 0.4693 0.3651 -0.80403
vn 0.52556 0.27806 -0.80403
vn 0.56587 0.18257 -0.80403
vn 0.58134 -0.12482 -0.80403
vn 0.50889 -0.3147 -0.80124
vn 0.50359 -0.31612 -0.80403
vn 0.44652 -0.39829 -0.80124
vn 0.18755 -0.56819 -0.80124
vn 0.18257 -0.56587 -0.80403
vn 0.08154 -0.58897 -0.80403
vn -0.12167 -0.58584 -0.80124
vn -0.12482 -0.58134 -0.80403
vn -0.46978 -0.37057 -0.80124
vn -0.52556 -0.27806 -0.80403
vn -0.58897 -0.08154 -0.80403
vn -0.58134 0.12482 -0.80403
vn -0.50359 0.31612 -0.80403
vn -0.37057 0.46978 -0.80124
vn -0.3651 0.4693 -0.80403
vn -0.28337 0.52699 -0.80124
vn -0.18755 0.56819 -0.80124
vn -0.18257 0.56587 -0.80403
vn -0.08603 0.59212 -0.80124
vn -0.08154 0.58897 -0.80403
vn 0.08716 0.99619 0
vn 0.70711 0.7071 0
vn 0.81914 0.57359 0
vn 0.81915 0.57358 0
vn 0.90631 0.42261 0
vn 0.90631 -0.42262 0
vn 0.81915 -0.57357 0
vn 0.7071 -0.70711 0
vn 0.57359 -0.81915 0
vn 0.57358 -0.81915 0
vn 0.42261 -0.90631 0
vn 0.08715 -0.99619 0
vn -0.81915 -0.57358 0
vn -0.96593 -0.25881 0
vn -0.81915 0.57358 0
vn -0.70711 0.7071 0
vn -0.42262 0.90631 0
vn 0.08154 0.58897 0.80403
vn 0.18258 0.56587 0.80403
vn 0.18755 0.56819 0.80124
vn 0.3651 0.4693 0.80403
vn 0.37057 0.46978 0.80124
vn 0.44104 0.39877 0.80403
vn 0.55581 0.22155 0.80124
vn 0.59807 0.01809 0.80124
vn 0.56586 -0.18257 0.80403
vn 0.56819 -0.18755 0.80124
vn 0.52699 -0.28336 0.80124
vn 0.46978 -0.37057 0.80124
vn 0.39877 -0.44105 0.80403
vn 0.12482 -0.58134 0.80403
vn 0.02197 -0.59418 0.80403
vn -0.08154 -0.58897 0.80403
vn -0.08603 -0.59212 0.80124
vn -0.18258 -0.56587 0.80403
vn -0.18755 -0.56819 0.80124
vn -0.27806 -0.52557 0.80403
vn -0.28337 -0.52699 0.80124
vn -0.37057 -0.46978 0.80124
vn -0.50889 -0.31471 0.80124
vn -0.55083 -0.22387 0.80403
vn -0.55582 -0.22155 0.80124
vn -0.58135 -0.12482 0.80403
vn -0.59807 -0.01809 0.80124
vn -0.58897 0.08154 0.80403
vn -0.56586 0.18257 0.80403
vn -0.56819 0.18755 0.80124
vn -0.52557 0.27806 0.80403
vn -0.52699 0.28336 0.80124
vn -0.4693 0.3651 0.80403
vn -0.3147 0.50889 0.80124
vn -0.12482 0.58134 0.80403
vn -0.12167 0.58584 0.80124
vn -0.02197 0.59418 0.80403
vn 0.70711 -0.7071 0
vn -0.70711 -0.7071 0
vn -0.81915 0.57358 0
vn -0.70711 0.7071 0
vn -0.70711 0.7071 0
vn -0.57357 0.81916 0
vn -0.42262 0.90631 0
vn -0.08716 0.99619 0
vn 0.0181 0.59807 -0.80124
vn 0.12482 0.58134 -0.80403
vn 0.22155 0.55581 -0.80124
vn 0.22387 0.55084 -0.80403
vn 0.31612 0.50359 -0.80403
vn 0.52557 0.27806 -0.80403
vn 0.56819 0.18755 -0.80124
vn 0.58897 0.08154 -0.80403
vn 0.58135 -0.12482 -0.80403
vn 0.55582 -0.22155 -0.80124
vn 0.50889 -0.31471 -0.80124
vn 0.5036 -0.31612 -0.80403
vn 0.37057 -0.46978 -0.80124
vn 0.27806 -0.52557 -0.80403
vn 0.18258 -0.56587 -0.80403
vn 0.08603 -0.59212 -0.80124
vn 0.08154 -0.58897 -0.80403
vn -0.39829 -0.44652 -0.80124
vn -0.58584 0.12167 -0.80124
vn -0.58134 0.12482 -0.80403
vn -0.55083 0.22387 -0.80403
vn -0.5089 0.3147 -0.80124
vn -0.50359 0.31612 -0.80403
vn -0.44651 0.39829 -0.80124
vn -0.44104 0.39877 -0.80403
vn -0.3651 0.46929 -0.80403
vn -0.27806 0.52556 -0.80403
vn -0.08603 0.59212 -0.80124
vn -0.08154 0.58897 -0.80403
vn 0.42262 0.90631 0
vn 0.81915 -0.57358 0
vn 0.70711 -0.7071 0
vn 0.70711 -0.7071 0
vn 0.57357 -0.81916 0
vn 0.42262 -0.90631 0
vn 0.42262 -0.90631 0
vn 0.08716 -0.99619 0
vn -0.08715 -0.99619 0
vn -0.42261 -0.90631 0
vn -0.57357 -0.81915 0
vn -0.7071 -0.70711 0
vn -0.81915 -0.57357 0
vn -0.81915 -0.57357 0
vn -0.9063 -0.42263 0
vn -0.90631 0.42262 0
vn -0.90631 0.42262 0
vn -0.42262 0.90631 0
vn 0.08154 0.58897 0.80403
vn 0.08603 0.59212 0.80124
vn 0.18257 0.56587 0.80403
vn 0.18754 0.56819 0.80124
vn 0.28337 0.52699 0.80124
vn 0.3651 0.4693 0.80403
vn 0.44105 0.39877 0.80403
vn 0.56587 -0.18257 0.80403
vn 0.56819 -0.18755 0.80124
vn 0.52699 -0.28336 0.80124
vn 0.12482 -0.58134 0.80403
vn 0.02197 -0.59418 0.80403
vn -0.08154 -0.58897 0.80403
vn -0.18257 -0.56587 0.80403
vn -0.18755 -0.56819 0.80124
vn -0.28337 -0.52699 0.80124
vn -0.3651 -0.4693 0.80403
vn -0.44105 -0.39877 0.80403
vn -0.58584 -0.12167 0.80124
vn -0.59419 -0.02197 0.80403
vn -0.59807 -0.0181 0.80124
vn -0.58897 0.08154 0.80403
vn -0.59213 0.08603 0.80124
vn -0.56587 0.18257 0.80403
vn -0.56819 0.18755 0.80124
vn -0.52699 0.28336 0.80124
vn -0.4693 0.3651 0.80403
vn -0.39877 0.44105 0.80403
vn -0.31612 0.50359 0.80403
vn -0.3147 0.50889 0.80124
vn -0.22155 0.55581 0.80124
vn -0.12482 0.58134 0.80403
vn -0.12167 0.58584 0.80124
vn -0.02197 0.59418 0.80403
vn -0.01809 0.59807 0.80124
vn 0.08715 0.99619 0
vn 0.70711 0.70711 0
vn 0.99619 0.08716 0
vn -0.81915 -0.57358 0
vn -0.81915 0.57358 0
vn 0.02197 0.59418 -0.80403
vn 0.52556 0.27806 -0.80403
vn 0.56586 0.18257 -0.80403
vn 0.58897 0.08154 -0.80403
vn 0.59806 -0.0181 -0.80124
vn 0.59419 -0.02197 -0.80403
vn 0.58585 -0.12167 -0.80124
vn 0.58134 -0.12482 -0.80403
vn 0.55084 -0.22387 -0.80403
vn 0.5089 -0.3147 -0.80124
vn 0.50359 -0.31612 -0.80403
vn 0.44651 -0.39829 -0.80124
vn 0.44105 -0.39877 -0.80403
vn 0.37057 -0.46978 -0.80124
vn 0.28336 -0.52699 -0.80124
vn 0.27807 -0.52557 -0.80403
vn 0.18755 -0.56819 -0.80124
vn -0.01809 -0.59807 -0.80124
vn -0.02197 -0.59418 -0.80403
vn -0.12482 -0.58134 -0.80403
vn -0.22156 -0.55581 -0.80124
vn -0.56819 -0.18755 -0.80124
vn -0.58134 0.12482 -0.80403
vn -0.55581 0.22155 -0.80124
vn -0.55083 0.22387 -0.80403
vn -0.50359 0.31612 -0.80403
vn -0.44652 0.39829 -0.80124
vn -0.18257 0.56587 -0.80403
vn -0.08604 0.59212 -0.80124
vn 0.70711 0.7071 0
vn 0.90631 0.42262 0
vn 0.90631 -0.42262 0
vn 0.42262 -0.90631 0
vn -0.42262 -0.90631 0
vn -0.42262 -0.90631 0
vn -0.57357 -0.81916 0
vn -0.70711 -0.7071 0
vn -0.81914 -0.57359 0
vn -0.90631 -0.42261 0
vn -0.90631 -0.42261 0
vn -0.9063 0.42262 0
vn -0.81915 0.57357 0
vn -0.81915 0.57357 0
vn -0.42261 0.90631 0
vn 0.08154 0.58897 0.80403
vn 0.18257 0.56587 0.80403
vn 0.18755 0.56819 0.80124
vn 0.27806 0.52557 0.80403
vn 0.28336 0.52699 0.80124
vn 0.37057 0.46978 0.80124
vn 0.50359 0.31612 0.80403
vn 0.56819 -0.18755 0.80124
vn 0.4693 -0.3651 0.80403
vn 0.46978 -0.37057 0.80124
vn 0.12167 -0.58584 0.80124
vn 0.02197 -0.59418 0.80403
vn -0.18755 -0.56819 0.80124
vn -0.28336 -0.52699 0.80124
vn -0.37057 -0.46978 0.80124
vn -0.44104 -0.39877 0.80403
vn -0.50359 -0.31612 0.80403
vn -0.58584 -0.12167 0.80124
vn -0.59807 -0.01809 0.80124
vn -0.56819 0.18755 0.80124
vn -0.39877 0.44105 0.80403
vn -0.22387 0.55083 0.80403
vn -0.12482 0.58134 0.80403
vn -0.12167 0.58584 0.80124
vn -0.02197 0.59418 0.80403
vn 0.08716 0.99619 0
vn 0.42262 0.90631 0
vn 0.70711 0.7071 0
vn 0.70711 0.7071 0
vn 0.81915 0.57358 0
vn 0.99619 0.08715 0
vn 0.99619 -0.08716 0
vn 0.81915 -0.57357 0
vn 0.81915 -0.57357 0
vn 0.42262 -0.90631 0
vn -0.70711 -0.7071 0
vn -0.81915 0.57358 0
vn -0.42262 0.90631 0
vn 0.0181 0.59807 -0.80124
vn 0.02197 0.59418 -0.80403
vn 0.12482 0.58134 -0.80403
vn 0.22156 0.55581 -0.80124
vn 0.22387 0.55083 -0.80403
vn 0.46978 0.37057 -0.80124
vn 0.52699 0.28336 -0.80124
vn 0.56819 0.18755 -0.80124
vn 0.59212 0.08603 -0.80124
vn 0.59807 -0.01809 -0.80124
vn 0.58584 -0.12167 -0.80124
vn 0.58134 -0.12482 -0.80403
vn 0.55581 -0.22155 -0.80124
vn 0.50359 -0.31612 -0.80403
vn 0.18755 -0.56819 -0.80124
vn 0.18257 -0.56587 -0.80403
vn 0.08604 -0.59212 -0.80124
vn 0.08154 -0.58897 -0.80403
vn -0.0181 -0.59807 -0.80124
vn -0.02197 -0.59418 -0.80403
vn -0.12167 -0.58584 -0.80124
vn -0.22155 -0.55581 -0.80124
vn -0.22387 -0.55084 -0.80403
vn -0.31612 -0.50359 -0.80403
vn -0.56819 -0.18755 -0.80124
vn -0.59212 -0.08603 -0.80124
vn -0.58898 -0.08154 -0.80403
vn -0.59807 0.01809 -0.80124
vn -0.58584 0.12167 -0.80124
vn -0.55581 0.22156 -0.80124
vn -0.55083 0.22387 -0.80403
vn -0.50889 0.3147 -0.80124
vn -0.50359 0.31612 -0.80403
vn -0.44651 0.39829 -0.80124
vn -0.28336 0.52699 -0.80124
vn -0.18755 0.56819 -0.80124
vn -0.18258 0.56587 -0.80403
vn 0.42262 0.90631 0
vn 0.81915 0.57358 0
vn 0.90631 0.42262 0
vn 0.99619 -0.08716 0
vn 0.81915 -0.57358 0
vn 0.42262 -0.90631 0
vn 0.25882 -0.96593 0
vn 0.25882 -0.96593 0
vn -0.25882 -0.96593 0
vn -0.42262 -0.90631 0
vn -0.90631 -0.42262 0
vn -0.96593 -0.25882 0
vn -0.99619 -0.08716 0
vn -0.99619 0.08716 0
vn -0.90631 0.42261 0
vn -0.57357 0.81916 0
vn -0.42262 0.90631 0
vn -0.25882 0.96593 0
vn -0.25881 0.96593 0
vn -0.08716 0.99619 0
vn 0.08154 0.58897 0.80403
vn 0.08604 0.59212 0.80124
vn 0.18258 0.56587 0.80403
vn 0.18755 0.56819 0.80124
vn 0.27806 0.52557 0.80403
vn 0.28337 0.52699 0.80124
vn 0.3651 0.4693 0.80403
vn 0.37057 0.46978 0.80124
vn 0.44104 0.39877 0.80403
vn 0.50359 0.31612 0.80403
vn 0.50889 0.31471 0.80124
vn 0.55083 0.22387 0.80403
vn 0.55582 0.22155 0.80124
vn 0.58584 0.12167 0.80124
vn 0.59807 0.01809 0.80124
vn 0.58897 -0.08154 0.80403
vn 0.59212 -0.08603 0.80124
vn 0.56819 -0.18755 0.80124
vn 0.52557 -0.27806 0.80403
vn 0.52699 -0.28336 0.80124
vn 0.46978 -0.37057 0.80124
vn 0.22156 -0.55581 0.80124
vn 0.12482 -0.58134 0.80403
vn 0.02197 -0.59418 0.80403
vn -0.08154 -0.58897 0.80403
vn -0.27807 -0.52556 0.80403
vn -0.3651 -0.4693 0.80403
vn -0.37056 -0.46978 0.80124
vn -0.44105 -0.39877 0.80403
vn -0.44651 -0.39829 0.80124
vn -0.50359 -0.31612 0.80403
vn -0.50889 -0.3147 0.80124
vn -0.55084 -0.22387 0.80403
vn -0.55581 -0.22155 0.80124
vn -0.58134 -0.12482 0.80403
vn -0.59807 -0.01809 0.80124
vn -0.59212 0.08603 0.80124
vn -0.56587 0.18257 0.80403
vn -0.56819 0.18755 0.80124
vn -0.52556 0.27806 0.80403
vn -0.39829 0.44652 0.80124
vn -0.22387 0.55083 0.80403
vn -0.12482 0.58134 0.80403
vn -0.12167 0.58584 0.80124
vn -0.02198 0.59418 0.80403
vn -0.01809 0.59807 0.80124
vn 0.70711 0.7071 0
vn 0.81915 0.57358 0
vn 0.90631 0.42262 0
vn 0.90631 -0.42262 0
vn 0.81915 -0.57358 0
vn 0.81915 -0.57359 0
vn 0.25881 -0.96593 0
vn 0.08716 -0.99619 0
vn -0.08716 -0.99619 0
vn -0.25882 -0.96593 0
vn -0.25882 -0.96593 0
vn -0.42262 -0.90631 0
vn -0.81915 -0.57358 0
vn -0.81916 -0.57357 0
vn -0.90631 -0.42262 0
vn -0.90631 -0.42261 0
vn -0.96593 -0.25882 0
vn -0.96593 -0.25882 0
vn -0.99619 0.08716 0
vn -0.96593 0.25882 0
vn -0.96593 0.25882 0
vn -0.90631 0.42262 0
vn -0.90631 0.42261 0
vn -0.81915 0.57358 0
vn -0.7071 0.70711 0
vn -0.70711 0.7071 0
vn -0.57358 0.81915 0
vn -0.42262 0.90631 0
vn -0.42262 0.90631 0
vn -0.25881 0.96593 0
vn -0.08716 0.99619 0
vn 0.01809 0.59807 -0.80124
vn 0.12167 0.58584 -0.80124
vn 0.3147 0.50889 -0.80124
vn 0.31612 0.50359 -0.80403
vn 0.39829 0.44651 -0.80124
vn 0.39877 0.44105 -0.80403
vn 0.4693 0.3651 -0.80403
vn 0.52557 0.27806 -0.80403
vn 0.58897 0.08154 -0.80403
vn 0.59807 -0.01809 -0.80124
vn 0.55083 -0.22387 -0.80403
vn 0.50889 -0.3147 -0.80124
vn 0.44105 -0.39877 -0.80403
vn 0.28336 -0.52699 -0.80124
vn 0.18755 -0.56819 -0.80124
vn 0.18258 -0.56587 -0.80403
vn 0.08603 -0.59212 -0.80124
vn 0.08154 -0.58897 -0.80403
vn -0.0181 -0.59807 -0.80124
vn -0.02197 -0.59418 -0.80403
vn -0.12167 -0.58584 -0.80124
vn -0.12482 -0.58134 -0.80403
vn -0.22156 -0.55581 -0.80124
vn -0.22387 -0.55083 -0.80403
vn -0.3147 -0.50889 -0.80124
vn -0.31612 -0.50359 -0.80403
vn -0.39829 -0.44652 -0.80124
vn -0.46978 -0.37057 -0.80124
vn -0.4693 -0.3651 -0.80403
vn -0.52699 -0.28336 -0.80124
vn -0.52557 -0.27806 -0.80403
vn -0.56587 -0.18257 -0.80403
vn -0.59212 -0.08603 -0.80124
vn -0.58897 -0.08154 -0.80403
vn -0.59807 0.01809 -0.80124
vn -0.58134 0.12482 -0.80403
vn -0.55083 0.22387 -0.80403
vn -0.50359 0.31612 -0.80403
vn -0.44105 0.39877 -0.80403
vn -0.28336 0.52699 -0.80124
vn -0.18755 0.56819 -0.80124
vn 0.08716 0.99619 0
vn 0.08715 0.99619 0
vn 0.25882 0.96593 0
vn 0.25882 0.96592 0
vn 0.42261 0.90631 0
vn 0.70711 0.70711 0
vn 0.81915 0.57358 0
vn 0.90631 0.42262 0
vn 0.90631 0.42261 0
vn 0.96593 0.25882 0
vn 0.96593 0.25882 0
vn 0.96593 -0.25882 0
vn 0.96593 -0.25882 0
vn 0.90631 -0.42262 0
vn 0.90631 -0.42261 0
vn 0.81915 -0.57358 0
vn 0.81916 -0.57357 0
vn 0.7071 -0.70711 0
vn 0.70711 -0.7071 0
vn 0.57358 -0.81915 0
vn 0.57358 -0.81915 0
vn 0.42262 -0.90631 0
vn 0.42262 -0.90631 0
vn 0.25882 -0.96593 0
vn 0.25882 -0.96592 0
vn 0.08715 -0.99619 0
vn 0.08716 -0.99619 0
vn -0.08716 -0.99619 0
vn -0.25882 -0.96593 0
vn -0.57358 -0.81915 0
vn -0.99619 0.08716 0
vn -0.96593 0.25882 0
vn -0.96593 0.25882 0
vn -0.90631 0.42261 0
vn -0.90631 0.42262 0
vn -0.81915 0.57358 0
vn -0.81915 0.57358 0
vn -0.70711 0.7071 0
vn -0.70711 0.70711 0
vn -0.57358 0.81915 0
vn -0.57357 0.81915 0
vn -0.42262 0.90631 0
vn -0.42261 0.90631 0
vn -0.25882 0.96592 0
vn -0.25882 0.96593 0
vn -0.08715 0.99619 0
vn 0.08154 0.58897 0.80403
vn 0.08604 0.59212 0.80124
vn 0.18257 0.56587 0.80403
vn 0.18755 0.56819 0.80124
vn 0.27806 0.52557 0.80403
vn 0.28337 0.52699 0.80124
vn 0.3651 0.4693 0.80403
vn 0.37057 0.46978 0.80124
vn 0.44105 0.39877 0.80403
vn 0.44652 0.39829 0.80124
vn 0.50359 0.31612 0.80403
vn 0.5089 0.3147 0.80124
vn 0.55083 0.22387 0.80403
vn 0.55581 0.22155 0.80124
vn 0.58134 0.12482 0.80403
vn 0.58584 0.12167 0.80124
vn 0.59418 0.02197 0.80403
vn 0.59807 0.01809 0.80124
vn 0.58897 -0.08154 0.80403
vn 0.56819 -0.18755 0.80124
vn 0.46978 -0.37057 0.80124
vn 0.39829 -0.44652 0.80124
vn 0.02197 -0.59418 0.80403
vn 0.01809 -0.59807 0.80124
vn -0.08154 -0.58897 0.80403
vn -0.18257 -0.56587 0.80403
vn -0.18755 -0.56819 0.80124
vn -0.27806 -0.52557 0.80403
vn -0.28336 -0.52699 0.80124
vn -0.44105 -0.39877 0.80403
vn -0.44652 -0.39829 0.80124
vn -0.50359 -0.31612 0.80403
vn -0.50889 -0.31471 0.80124
vn -0.55083 -0.22387 0.80403
vn -0.58134 -0.12482 0.80403
vn -0.58584 -0.12167 0.80124
vn -0.59418 -0.02197 0.80403
vn -0.59807 -0.01809 0.80124
vn -0.56587 0.18257 0.80403
vn -0.56819 0.18755 0.80124
vn -0.52699 0.28336 0.80124
vn -0.4693 0.3651 0.80403
vn -0.46978 0.37057 0.80124
vn -0.22156 0.55581 0.80124
vn -0.12482 0.58134 0.80403
vn -0.02197 0.59418 0.80403
vn 0.08716 0.99619 0
vn 0.81915 0.57358 0
vn 0.96593 0.25882 0
vn 0.96593 0.25882 0
vn 0.99619 0.08716 0
vn 0.99619 -0.08715 0
vn 0.96593 -0.25882 0
vn 0.96593 -0.25882 0
vn 0.90631 -0.42262 0
vn 0.90631 -0.42262 0
vn 0.81915 -0.57358 0
vn 0.81915 -0.57358 0
vn 0.70711 -0.7071 0
vn 0.7071 -0.70711 0
vn 0.57359 -0.81915 0
vn 0.57357 -0.81916 0
vn 0.25882 -0.96593 0
vn 0.25882 -0.96593 0
vn -0.08716 -0.99619 0
vn -0.25882 -0.96593 0
vn -0.25882 -0.96593 0
vn -0.42262 -0.90631 0
vn -0.57359 -0.81915 0
vn -0.57357 -0.81916 0
vn -0.90631 -0.42262 0
vn -0.96593 -0.25882 0
vn -0.99619 -0.08716 0
vn -0.99619 -0.08715 0
vn -0.99619 0.08716 0
vn -0.99619 0.08716 0
vn -0.96593 0.25882 0
vn -0.96593 0.25882 0
vn -0.90631 0.42262 0
vn -0.70712 0.7071 0
vn -0.57357 0.81916 0
vn -0.08715 0.99619 0
vn 0.01809 0.59807 -0.80124
vn 0.02197 0.59418 -0.80403
vn 0.12167 0.58584 -0.80124
vn 0.12482 0.58134 -0.80403
vn 0.22155 0.55581 -0.80124
vn 0.22387 0.55083 -0.80403
vn 0.3147 0.50889 -0.80124
vn 0.31612 0.50359 -0.80403
vn 0.39829 0.44652 -0.80124
vn 0.39877 0.44105 -0.80403
vn 0.46978 0.37057 -0.80124
vn 0.4693 0.3651 -0.80403
vn 0.52699 0.28336 -0.80124
vn 0.56586 0.18257 -0.80403
vn 0.59212 0.08603 -0.80124
vn 0.58897 0.08154 -0.80403
vn 0.59807 -0.01809 -0.80124
vn 0.59418 -0.02197 -0.80403
vn 0.58584 -0.12167 -0.80124
vn 0.58134 -0.12482 -0.80403
vn 0.55084 -0.22387 -0.80403
vn 0.50889 -0.3147 -0.80124
vn 0.50359 -0.31612 -0.80403
vn 0.44105 -0.39877 -0.80403
vn 0.37057 -0.46978 -0.80124
vn 0.27806 -0.52556 -0.80403
vn 0.18755 -0.56819 -0.80124
vn 0.18257 -0.56587 -0.80403
vn 0.08603 -0.59212 -0.80124
vn -0.12167 -0.58584 -0.80124
vn -0.22155 -0.55581 -0.80124
vn -0.3147 -0.50889 -0.80124
vn -0.39829 -0.44652 -0.80124
vn -0.39877 -0.44105 -0.80403
vn -0.56587 -0.18257 -0.80403
vn -0.58897 -0.08154 -0.80403
vn -0.59807 0.01809 -0.80124
vn -0.59419 0.02197 -0.80403
vn -0.58584 0.12167 -0.80124
vn -0.58134 0.12482 -0.80403
vn -0.55084 0.22387 -0.80403
vn -0.50889 0.3147 -0.80124
vn -0.44652 0.39829 -0.80124
vn -0.44105 0.39877 -0.80403
vn -0.37057 0.46978 -0.80124
vn -0.3651 0.4693 -0.80403
vn -0.28336 0.52699 -0.80124
vn -0.27806 0.52556 -0.80403
vn -0.18755 0.56819 -0.80124
vn -0.18258 0.56587 -0.80403
vn -0.08154 0.58897 -0.80403
vn 0.25882 0.96593 0
vn 0.42263 0.9063 0
vn 0.42261 0.90631 0
vn 0.57358 0.81915 0
vn 0.57358 0.81915 0
vn 0.96593 -0.25882 0
vn 0.90631 -0.42262 0
vn 0.81915 -0.57358 0
vn 0.70711 -0.70711 0
vn 0.70711 -0.70711 0
vn 0.57357 -0.81915 0
vn 0.57358 -0.81915 0
vn 0.42261 -0.90631 0
vn -0.25882 -0.96593 0
vn -0.25882 -0.96593 0
vn -0.42262 -0.90631 0
vn -0.42262 -0.90631 0
vn -0.57357 -0.81915 0
vn -0.57358 -0.81915 0
vn -0.70711 -0.70711 0
vn -0.70711 -0.7071 0
vn -0.81915 -0.57358 0
vn -0.81916 -0.57357 0
vn -0.90631 -0.42262 0
vn -0.90631 -0.42262 0
vn -0.96593 -0.25882 0
vn -0.96593 -0.25882 0
vn -0.99619 -0.08715 0
vn -0.99619 -0.08716 0
vn -0.81915 0.57358 0
vn -0.57358 0.81915 0
vn -0.57358 0.81915 0
vn -0.25882 0.96593 0
vn -0.25882 0.96593 0
vn 0.08154 0.58897 0.80403
vn 0.18257 0.56587 0.80403
vn 0.18755 0.56819 0.80124
vn 0.50359 0.31612 0.80403
vn 0.5089 0.3147 0.80124
vn 0.58584 0.12167 0.80124
vn 0.59418 0.02197 0.80403
vn 0.59807 0.01809 0.80124
vn 0.59212 -0.08603 0.80124
vn 0.56587 -0.18257 0.80403
vn 0.56819 -0.18755 0.80124
vn 0.52699 -0.28336 0.80124
vn 0.4693 -0.3651 0.80403
vn 0.46978 -0.37057 0.80124
vn 0.39877 -0.44105 0.80403
vn 0.39829 -0.44652 0.80124
vn 0.31612 -0.50359 0.80403
vn 0.3147 -0.50889 0.80124
vn 0.22387 -0.55083 0.80403
vn 0.22155 -0.55581 0.80124
vn 0.12482 -0.58134 0.80403
vn 0.12167 -0.58584 0.80124
vn 0.02197 -0.59418 0.80403
vn -0.08154 -0.58897 0.80403
vn -0.27806 -0.52556 0.80403
vn -0.37057 -0.46978 0.80124
vn -0.44105 -0.39877 0.80403
vn -0.44652 -0.39829 0.80124
vn -0.55581 -0.22155 0.80124
vn -0.58584 -0.12167 0.80124
vn -0.59419 -0.02197 0.80403
vn -0.59807 -0.0181 0.80124
vn -0.56819 0.18755 0.80124
vn -0.52699 0.28336 0.80124
vn -0.4693 0.3651 0.80403
vn -0.46978 0.37057 0.80124
vn -0.39877 0.44105 0.80403
vn -0.39829 0.44652 0.80124
vn -0.31612 0.50359 0.80403
vn -0.31471 0.50889 0.80124
vn -0.22387 0.55083 0.80403
vn -0.22155 0.55581 0.80124
vn -0.12482 0.58134 0.80403
vn -0.12167 0.58584 0.80124
vn -0.02197 0.59418 0.80403
vn -0.01809 0.59807 0.80124
vn 0.25882 0.96593 0
vn 0.25882 0.96593 0
vn 0.42262 0.90631 0
vn 0.42262 0.90631 0
vn 0.57357 0.81916 0
vn 0.57359 0.81915 0
vn 0.7071 0.70711 0
vn 0.70711 0.7071 0
vn 0.81915 0.57358 0
vn 0.81915 0.57358 0
vn 0.90631 0.42262 0
vn 0.90631 0.42261 0
vn 0.96593 0.25882 0
vn 0.96593 0.25882 0
vn 0.99619 -0.08716 0
vn 0.99619 -0.08716 0
vn 0.96593 -0.25882 0
vn 0.96593 -0.25882 0
vn 0.81915 -0.57358 0
vn 0.25882 -0.96593 0
vn 0.08716 -0.99619 0
vn 0.08715 -0.99619 0
vn -0.25881 -0.96593 0
vn -0.57358 -0.81915 0
vn -0.70711 -0.7071 0
vn -0.81916 -0.57357 0
vn -0.81915 -0.57358 0
vn -0.90631 -0.42262 0
vn -0.90631 -0.42262 0
vn -0.96593 -0.25882 0
vn -0.96593 -0.25882 0
vn -0.99619 -0.08716 0
vn -0.99619 0.08716 0
vn -0.96593 0.25882 0
vn -0.96593 0.25882 0
vn -0.90631 0.42262 0
vn -0.90631 0.42262 0
vn -0.81915 0.57358 0
vn -0.70711 0.7071 0
vn -0.57358 0.81915 0
vn 0.3147 0.50889 -0.80124
vn 0.52699 0.28336 -0.80124
vn 0.56587 0.18257 -0.80403
vn 0.58897 0.08154 -0.80403
vn 0.59418 -0.02197 -0.80403
vn 0.58584 -0.12167 -0.80124
vn 0.58134 -0.12482 -0.80403
vn 0.55083 -0.22387 -0.80403
vn 0.50889 -0.3147 -0.80124
vn 0.44652 -0.39829 -0.80124
vn 0.44105 -0.39877 -0.80403
vn 0.37057 -0.46978 -0.80124
vn 0.3651 -0.4693 -0.80403
vn 0.28337 -0.52699 -0.80124
vn 0.27806 -0.52557 -0.80403
vn 0.18755 -0.56819 -0.80124
vn 0.18257 -0.56587 -0.80403
vn 0.08604 -0.59212 -0.80124
vn 0.08154 -0.58897 -0.80403
vn -0.01809 -0.59807 -0.80124
vn -0.02198 -0.59418 -0.80403
vn -0.12167 -0.58584 -0.80124
vn -0.12482 -0.58134 -0.80403
vn -0.22155 -0.55581 -0.80124
vn -0.22387 -0.55083 -0.80403
vn -0.39877 -0.44105 -0.80403
vn -0.4693 -0.3651 -0.80403
vn -0.58584 0.12167 -0.80124
vn -0.58134 0.12482 -0.80403
vn -0.55083 0.22387 -0.80403
vn -0.50359 0.31612 -0.80403
vn -0.44651 0.39829 -0.80124
vn -0.37057 0.46978 -0.80124
vn -0.3651 0.4693 -0.80403
vn -0.27806 0.52556 -0.80403
vn -0.18755 0.56819 -0.80124
vn -0.18258 0.56587 -0.80403
vn -0.08603 0.59212 -0.80124
vn -0.08154 0.58897 -0.80403
vn 0.42262 0.90631 0
vn 0.42262 0.90631 0
vn 0.57358 0.81915 0
vn 0.57357 0.81915 0
vn 0.70711 0.7071 0
vn 0.7071 0.70711 0
vn 0.90631 0.42262 0
vn 0.90631 0.42262 0
vn 0.96593 0.25882 0
vn 0.96593 0.25882 0
vn 0.99619 0.08716 0
vn 0.99619 0.08716 0
vn 0.99619 -0.08716 0
vn 0.96593 -0.25882 0
vn 0.96593 -0.25882 0
vn 0.90631 -0.42262 0
vn 0.90631 -0.42262 0
vn 0.81915 -0.57358 0
vn 0.57358 -0.81915 0
vn 0.57358 -0.81915 0
vn 0.08716 -0.99619 0
vn -0.08716 -0.99619 0
vn -0.42261 -0.90631 0
vn -0.57358 -0.81915 0
vn -0.81915 -0.57358 0
vn -0.96593 -0.25882 0
vn -0.96593 0.25882 0
vn -0.96593 0.25882 0
vn -0.90631 0.42262 0
vn -0.90631 0.42262 0
vn -0.81916 0.57357 0
vn -0.7071 0.70711 0
vn -0.70711 0.7071 0
vn -0.57358 0.81915 0
vn -0.42261 0.90631 0
vn -0.42262 0.90631 0
vn -0.25882 0.96593 0
vn -0.25882 0.96592 0
vn -0.08716 0.99619 0
vn 0.08154 0.58897 0.80403
vn 0.08603 0.59212 0.80124
vn 0.18258 0.56587 0.80403
vn 0.18755 0.56819 0.80124
vn 0.27806 0.52556 0.80403
vn 0.28336 0.52699 0.80124
vn 0.3651 0.4693 0.80403
vn 0.37057 0.46978 0.80124
vn 0.44105 0.39877 0.80403
vn 0.44651 0.39829 0.80124
vn 0.5089 0.3147 0.80124
vn 0.55084 0.22387 0.80403
vn 0.59418 0.02197 0.80403
vn 0.59807 0.01809 0.80124
vn 0.56587 -0.18257 0.80403
vn 0.56819 -0.18755 0.80124
vn 0.52699 -0.28336 0.80124
vn 0.46978 -0.37057 0.80124
vn 0.31612 -0.50359 0.80403
vn 0.22155 -0.55581 0.80124
vn 0.12482 -0.58134 0.80403
vn 0.02198 -0.59418 0.80403
vn 0.01809 -0.59807 0.80124
vn -0.08154 -0.58897 0.80403
vn -0.08604 -0.59212 0.80124
vn -0.18257 -0.56587 0.80403
vn -0.18755 -0.56819 0.80124
vn -0.27806 -0.52557 0.80403
vn -0.28337 -0.52699 0.80124
vn -0.3651 -0.4693 0.80403
vn -0.37057 -0.46978 0.80124
vn -0.44105 -0.39877 0.80403
vn -0.44652 -0.39829 0.80124
vn -0.50359 -0.31612 0.80403
vn -0.5089 -0.3147 0.80124
vn -0.55083 -0.22387 0.80403
vn -0.58584 -0.12167 0.80124
vn -0.59807 -0.01809 0.80124
vn -0.56819 0.18755 0.80124
vn -0.39829 0.44652 0.80124
vn -0.22155 0.55581 0.80124
vn -0.12482 0.58134 0.80403
vn -0.0181 0.59807 0.80124
vn 0.25882 0.96593 0
vn 0.42262 0.90631 0
vn 0.57357 0.81915 0
vn 0.57358 0.81915 0
vn 0.81915 0.57358 0
vn 0.81916 0.57357 0
vn 0.90631 0.42262 0
vn 0.99619 0.08716 0
vn 0.99619 -0.08716 0
vn 0.96593 -0.25882 0
vn 0.96593 -0.25882 0
vn 0.90631 -0.42262 0
vn 0.57357 -0.81915 0
vn 0.57358 -0.81915 0
vn 0.42262 -0.90631 0
vn 0.42262 -0.90631 0
vn -0.42262 -0.90631 0
vn -0.81915 -0.57358 0
vn -0.99619 0.08715 0
vn -0.57357 0.81915 0
vn -0.25882 0.96593 0
vn -0.25882 0.96593 0
vn 0.0181 0.59807 -0.80124
vn 0.02197 0.59418 -0.80403
vn 0.12167 0.58584 -0.80124
vn 0.12482 0.58134 -0.80403
vn 0.22156 0.55581 -0.80124
vn 0.3147 0.50889 -0.80124
vn 0.31612 0.50359 -0.80403
vn 0.39829 0.44652 -0.80124
vn 0.4693 0.3651 -0.80403
vn 0.52699 0.28336 -0.80124
vn 0.56587 0.18257 -0.80403
vn 0.58897 0.08154 -0.80403
vn 0.55083 -0.22387 -0.80403
vn 0.44651 -0.39829 -0.80124
vn 0.37057 -0.46978 -0.80124
vn 0.18755 -0.56819 -0.80124
vn 0.18257 -0.56587 -0.80403
vn 0.08604 -0.59212 -0.80124
vn 0.08154 -0.58897 -0.80403
vn -0.01809 -0.59807 -0.80124
vn -0.02197 -0.59418 -0.80403
vn -0.22155 -0.55581 -0.80124
vn -0.3147 -0.50889 -0.80124
vn -0.39829 -0.44652 -0.80124
vn -0.39877 -0.44105 -0.80403
vn -0.4693 -0.3651 -0.80403
vn -0.56586 -0.18257 -0.80403
vn -0.59212 -0.08603 -0.80124
vn -0.59418 0.02197 -0.80403
vn -0.58584 0.12167 -0.80124
vn -0.55581 0.22155 -0.80124
vn -0.55083 0.22387 -0.80403
vn -0.44652 0.39829 -0.80124
vn -0.3651 0.4693 -0.80403
vn -0.28336 0.52699 -0.80124
vn -0.27806 0.52556 -0.80403
vn -0.18755 0.56819 -0.80124
vn -0.08603 0.59212 -0.80124
vn 0.08716 0.99619 0
vn 0.25882 0.96593 0
vn 0.57358 0.81915 0
vn 0.57358 0.81915 0
vn 0.70711 0.70711 0
vn 0.90631 -0.42262 0
vn 0.81915 -0.57358 0
vn 0.70711 -0.7071 0
vn 0.42261 -0.90631 0
vn 0.25882 -0.96592 0
vn 0.25882 -0.96593 0
vn 0.08716 -0.99619 0
vn -0.08716 -0.99619 0
vn -0.42261 -0.90631 0
vn -0.57358 -0.81915 0
vn -0.57357 -0.81915 0
vn -0.70711 -0.70711 0
vn -0.90631 -0.42262 0
vn -0.90631 0.42262 0
vn -0.81915 0.57358 0
vn -0.81915 0.57357 0
vn -0.70711 0.70711 0
vn -0.57357 0.81915 0
vn -0.25882 0.96593 0
vn -0.08716 0.99619 0
vn 0.08154 0.58897 0.80403
vn 0.18258 0.56587 0.80403
vn 0.18755 0.56819 0.80124
vn 0.27806 0.52556 0.80403
vn 0.28336 0.52699 0.80124
vn 0.3651 0.4693 0.80403
vn 0.37057 0.46978 0.80124
vn 0.44105 0.39877 0.80403
vn 0.44651 0.39829 0.80124
vn 0.50889 0.3147 0.80124
vn 0.55084 0.22387 0.80403
vn 0.58134 0.12482 0.80403
vn 0.58584 0.12167 0.80124
vn 0.59419 0.02197 0.80403
vn 0.59807 0.01809 0.80124
vn 0.56587 -0.18257 0.80403
vn 0.52557 -0.27806 0.80403
vn 0.3147 -0.50889 0.80124
vn 0.22387 -0.55083 0.80403
vn 0.22155 -0.55581 0.80124
vn -0.18257 -0.56587 0.80403
vn -0.28336 -0.52699 0.80124
vn -0.37057 -0.46978 0.80124
vn -0.44105 -0.39877 0.80403
vn -0.44652 -0.39829 0.80124
vn -0.50359 -0.31612 0.80403
vn -0.5089 -0.3147 0.80124
vn -0.58584 -0.12167 0.80124
vn -0.59807 -0.01809 0.80124
vn -0.58897 0.08154 0.80403
vn -0.59212 0.08603 0.80124
vn -0.56587 0.18257 0.80403
vn -0.56819 0.18755 0.80124
vn -0.52699 0.28336 0.80124
vn -0.4693 0.3651 0.80403
vn -0.39829 0.44652 0.80124
vn -0.31612 0.50359 0.80403
vn -0.3147 0.50889 0.80124
vn -0.22387 0.55083 0.80403
vn -0.22155 0.55581 0.80124
vn 0.08716 0.99619 0
vn 0.25882 0.96593 0
vn 0.42262 0.90631 0
vn 0.57358 0.81915 0
vn 0.99619 0.08715 0
vn 0.81916 -0.57357 0
vn 0.70711 -0.70711 0
vn 0.08716 -0.99619 0
vn -0.08716 -0.99619 0
vn -0.08716 -0.99619 0
vn -0.42262 -0.90631 0
vn -0.57357 -0.81915 0
vn -0.57358 -0.81915 0
vn -0.70711 -0.70711 0
vn -0.81915 -0.57358 0
vn -0.90631 -0.42262 0
vn -0.96593 -0.25882 0
vn -0.90631 0.42262 0
vn -0.42262 0.90631 0
vn 0.01809 0.59807 -0.80124
vn 0.12167 0.58584 -0.80124
vn 0.22155 0.55581 -0.80124
vn 0.31612 0.50359 -0.80403
vn 0.39829 0.44652 -0.80124
vn 0.39877 0.44105 -0.80403
vn 0.46978 0.37057 -0.80124
vn 0.4693 0.3651 -0.80403
vn 0.56587 0.18257 -0.80403
vn 0.58897 0.08154 -0.80403
vn 0.59807 -0.01809 -0.80124
vn 0.59419 -0.02197 -0.80403
vn 0.58584 -0.12167 -0.80124
vn 0.58134 -0.12482 -0.80403
vn 0.55581 -0.22155 -0.80124
vn 0.55084 -0.22387 -0.80403
vn 0.50889 -0.3147 -0.80124
vn 0.44651 -0.39829 -0.80124
vn 0.44105 -0.39877 -0.80403
vn 0.37057 -0.46978 -0.80124
vn 0.3651 -0.4693 -0.80403
vn 0.28336 -0.52699 -0.80124
vn 0.27806 -0.52556 -0.80403
vn 0.18755 -0.56819 -0.80124
vn 0.18257 -0.56587 -0.80403
vn 0.08603 -0.59212 -0.80124
vn -0.01809 -0.59807 -0.80124
vn -0.02197 -0.59418 -0.80403
vn -0.12167 -0.58584 -0.80124
vn -0.22155 -0.55581 -0.80124
vn -0.31612 -0.50359 -0.80403
vn -0.39829 -0.44652 -0.80124
vn -0.46978 -0.37057 -0.80124
vn -0.52699 -0.28336 -0.80124
vn -0.56586 -0.18257 -0.80403
vn -0.59418 0.02197 -0.80403
vn -0.58134 0.12482 -0.80403
vn -0.55083 0.22387 -0.80403
vn -0.5089 0.3147 -0.80124
vn -0.50359 0.31612 -0.80403
vn -0.44652 0.39829 -0.80124
vn -0.44105 0.39877 -0.80403
vn -0.37057 0.46978 -0.80124
vn -0.3651 0.4693 -0.80403
vn -0.28337 0.52699 -0.80124
vn -0.27806 0.52557 -0.80403
vn -0.18755 0.56819 -0.80124
vn -0.18257 0.56587 -0.80403
vn -0.08604 0.59212 -0.80124
vn -0.08154 0.58897 -0.80403
vn 0.08716 0.99619 0
vn 0.42261 0.90631 0
vn 0.70711 0.7071 0
vn 0.81915 0.57357 0
vn 0.90631 0.42262 0
vn 0.96593 0.25882 0
vn 0.81915 -0.57358 0
vn 0.70711 -0.70711 0
vn 0.25882 -0.96593 0
vn -0.08716 -0.99619 0
vn -0.08715 -0.99619 0
vn -0.42262 -0.90631 0
vn -0.57358 -0.81915 0
vn -0.70711 -0.7071 0
vn -0.7071 -0.70711 0
vn -0.81915 -0.57357 0
vn -0.81915 -0.57358 0
vn -0.90631 -0.42262 0
vn -0.96593 -0.25882 0
vn -0.90631 0.42262 0
vn -0.81915 0.57358 0
vn -0.70711 0.70711 0
vn -0.42262 0.90631 0
vn -0.42262 0.90631 0
vn 0.08154 0.58897 0.80403
vn 0.08603 0.59212 0.80124
vn 0.27806 0.52556 0.80403
vn 0.28336 0.52699 0.80124
vn 0.37057 0.46978 0.80124
vn 0.44652 0.39829 0.80124
vn 0.50889 0.3147 0.80124
vn 0.55581 0.22155 0.80124
vn 0.58584 0.12167 0.80124
vn 0.59807 0.01809 0.80124
vn 0.56819 -0.18755 0.80124
vn 0.52556 -0.27806 0.80403
vn 0.52699 -0.28336 0.80124
vn 0.4693 -0.3651 0.80403
vn 0.46978 -0.37057 0.80124
vn 0.39877 -0.44105 0.80403
vn 0.39829 -0.44652 0.80124
vn 0.31612 -0.50359 0.80403
vn 0.3147 -0.50889 0.80124
vn 0.22387 -0.55083 0.80403
vn 0.12482 -0.58134 0.80403
vn 0.12167 -0.58584 0.80124
vn 0.02197 -0.59418 0.80403
vn 0.0181 -0.59807 0.80124
vn -0.08154 -0.58897 0.80403
vn -0.08603 -0.59212 0.80124
vn -0.18258 -0.56587 0.80403
vn -0.18755 -0.56819 0.80124
vn -0.37057 -0.46978 0.80124
vn -0.55581 -0.22155 0.80124
vn -0.59807 -0.01809 0.80124
vn -0.52699 0.28336 0.80124
vn -0.39877 0.44105 0.80403
vn -0.3147 0.50889 0.80124
vn -0.22387 0.55083 0.80403
vn -0.12167 0.58584 0.80124
vn -0.01809 0.59807 0.80124
vn 0.08716 0.99619 0
vn 0.25882 0.96593 0
vn 0.25881 0.96593 0
vn 0.81916 0.57357 0
vn 0.81915 0.57358 0
vn 0.90631 0.42261 0
vn 0.90631 0.42262 0
vn 0.96593 0.25882 0
vn 0.96593 0.25882 0
vn 0.99619 0.08716 0
vn 0.90631 -0.42262 0
vn 0.90631 -0.42262 0
vn 0.81915 -0.57358 0
vn 0.70711 -0.70711 0
vn 0.57358 -0.81915 0
vn 0.42262 -0.90631 0
vn 0.08716 -0.99619 0
vn -0.70711 -0.7071 0
vn -0.81915 -0.57358 0
vn -0.81915 -0.57357 0
vn -0.96593 -0.25881 0
vn -0.90631 0.42262 0
vn -0.81915 0.57358 0
vn -0.81915 0.57357 0
vn -0.42262 0.90631 0
vn 0.02198 0.59418 -0.80403
vn 0.12167 0.58584 -0.80124
vn 0.22387 0.55083 -0.80403
vn 0.39829 0.44652 -0.80124
vn 0.39877 0.44105 -0.80403
vn 0.46978 0.37057 -0.80124
vn 0.52556 0.27806 -0.80403
vn 0.56819 0.18755 -0.80124
vn 0.58897 0.08154 -0.80403
vn 0.59807 -0.01809 -0.80124
vn 0.59418 -0.02197 -0.80403
vn 0.58134 -0.12482 -0.80403
vn 0.55083 -0.22387 -0.80403
vn 0.50359 -0.31612 -0.80403
vn 0.37057 -0.46978 -0.80124
vn 0.28336 -0.52699 -0.80124
vn 0.18755 -0.56819 -0.80124
vn 0.18258 -0.56587 -0.80403
vn 0.08154 -0.58897 -0.80403
vn -0.0181 -0.59807 -0.80124
vn -0.02197 -0.59418 -0.80403
vn -0.22156 -0.55581 -0.80124
vn -0.31612 -0.50359 -0.80403
vn -0.39877 -0.44105 -0.80403
vn -0.46978 -0.37057 -0.80124
vn -0.52556 -0.27806 -0.80403
vn -0.56586 -0.18257 -0.80403
vn -0.59418 0.02197 -0.80403
vn -0.58584 0.12167 -0.80124
vn -0.58134 0.12482 -0.80403
vn -0.55581 0.22155 -0.80124
vn -0.55083 0.22387 -0.80403
vn -0.5089 0.3147 -0.80124
vn -0.50359 0.31612 -0.80403
vn -0.37057 0.46978 -0.80124
vn -0.28336 0.52699 -0.80124
vn -0.27806 0.52557 -0.80403
vn -0.18755 0.56819 -0.80124
vn -0.18257 0.56587 -0.80403
vn -0.08603 0.59212 -0.80124
vn -0.08154 0.58897 -0.80403
vn 0.42262 0.90631 0
vn 0.57357 0.81915 0
vn 0.7071 0.70711 0
vn 0.90631 0.42261 0
vn 0.99619 0.08716 0
vn 0.99619 -0.08716 0
vn 0.90631 -0.42262 0
vn 0.81915 -0.57357 0
vn -0.25882 -0.96593 0
vn -0.25882 -0.96593 0
vn -0.42262 -0.90631 0
vn -0.42262 -0.90631 0
vn -0.81915 -0.57358 0
vn -0.90631 -0.42262 0
vn -0.99619 -0.08716 0
vn -0.99619 0.08716 0
vn -0.90631 0.42262 0
vn -0.90631 0.42262 0
vn -0.57357 0.81915 0
vn -0.42262 0.90631 0
vn -0.42262 0.90631 0
vn -0.25882 0.96593 0
vn -0.25882 0.96593 0
vn -0.08716 0.99619 0
vn -0.08716 0.99619 0
vn 0.08154 0.58897 0.80403
vn 0.18257 0.56587 0.80403
vn 0.18755 0.56819 0.80124
vn 0.27806 0.52557 0.80403
vn 0.28337 0.52699 0.80124
vn 0.37057 0.46978 0.80124
vn 0.44105 0.39877 0.80403
vn 0.44652 0.39829 0.80124
vn 0.50359 0.31612 0.80403
vn 0.5089 0.3147 0.80124
vn 0.55581 0.22155 0.80124
vn 0.58584 0.12167 0.80124
vn 0.56586 -0.18257 0.80403
vn 0.52556 -0.27806 0.80403
vn 0.52699 -0.28336 0.80124
vn 0.39877 -0.44105 0.80403
vn 0.22387 -0.55083 0.80403
vn 0.22156 -0.55581 0.80124
vn 0.12482 -0.58134 0.80403
vn 0.12167 -0.58584 0.80124
vn 0.02197 -0.59418 0.80403
vn 0.01809 -0.59807 0.80124
vn -0.08154 -0.58897 0.80403
vn -0.08603 -0.59212 0.80124
vn -0.27806 -0.52557 0.80403
vn -0.44105 -0.39877 0.80403
vn -0.50889 -0.3147 0.80124
vn -0.55083 -0.22387 0.80403
vn -0.58134 -0.12482 0.80403
vn -0.58584 -0.12167 0.80124
vn -0.58897 0.08154 0.80403
vn -0.59212 0.08603 0.80124
vn -0.56819 0.18755 0.80124
vn -0.52557 0.27806 0.80403
vn -0.46978 0.37057 0.80124
vn -0.39877 0.44105 0.80403
vn -0.39829 0.44652 0.80124
vn -0.3147 0.50889 0.80124
vn -0.22387 0.55083 0.80403
vn -0.22155 0.55581 0.80124
vn -0.12482 0.58134 0.80403
vn -0.12167 0.58584 0.80124
vn -0.02197 0.59418 0.80403
vn -0.01809 0.59807 0.80124
vn 0.08716 0.99619 0
vn 0.57358 0.81915 0
vn 0.70711 0.70711 0
vn 0.81915 0.57357 0
vn 0.81915 0.57358 0
vn 0.90631 0.42262 0
vn 0.90631 0.42262 0
vn 0.96593 -0.25882 0
vn 0.96593 -0.25882 0
vn 0.90631 -0.42262 0
vn 0.81915 -0.57357 0
vn 0.57358 -0.81915 0
vn 0.42262 -0.90631 0
vn 0.42262 -0.90631 0
vn 0.25882 -0.96593 0
vn 0.25882 -0.96593 0
vn 0.08716 -0.99619 0
vn -0.08716 -0.99619 0
vn -0.25882 -0.96593 0
vn -0.25882 -0.96593 0
vn -0.42262 -0.90631 0
vn -0.42262 -0.90631 0
vn -0.57357 -0.81915 0
vn -0.57358 -0.81915 0
vn -0.96593 -0.25882 0
vn -0.96593 -0.25882 0
vn -0.99619 0.08716 0
vn -0.99619 0.08716 0
vn -0.96593 0.25882 0
vn -0.96593 0.25882 0
vn -0.90631 0.42262 0
vn -0.90631 0.42262 0
vn -0.81915 0.57358 0
vn -0.81915 0.57358 0
vn -0.70711 0.70711 0
vn -0.57358 0.81915 0
vn -0.57357 0.81915 0
vn -0.42262 0.90631 0
vn -0.42262 0.90631 0
vn -0.25882 0.96593 0
vn -0.25882 0.96593 0
vn 0.01809 0.59807 -0.80124
vn 0.02197 0.59418 -0.80403
vn 0.12167 0.58584 -0.80124
vn 0.12482 0.58134 -0.80403
vn 0.22156 0.55581 -0.80124
vn 0.22387 0.55083 -0.80403
vn 0.3147 0.50889 -0.80124
vn 0.39829 0.44651 -0.80124
vn 0.46978 0.37057 -0.80124
vn 0.4693 0.3651 -0.80403
vn 0.52699 0.28336 -0.80124
vn 0.56587 0.18257 -0.80403
vn 0.59212 0.08603 -0.80124
vn 0.58134 -0.12482 -0.80403
vn 0.55581 -0.22155 -0.80124
vn 0.55083 -0.22387 -0.80403
vn 0.5089 -0.3147 -0.80124
vn 0.50359 -0.31612 -0.80403
vn 0.44652 -0.39829 -0.80124
vn 0.44105 -0.39877 -0.80403
vn 0.3651 -0.4693 -0.80403
vn 0.28336 -0.52699 -0.80124
vn 0.27806 -0.52557 -0.80403
vn 0.18755 -0.56819 -0.80124
vn 0.18258 -0.56587 -0.80403
vn 0.08603 -0.59212 -0.80124
vn 0.08154 -0.58897 -0.80403
vn -0.01809 -0.59807 -0.80124
vn -0.02197 -0.59418 -0.80403
vn -0.12167 -0.58584 -0.80124
vn -0.12482 -0.58134 -0.80403
vn -0.22155 -0.55581 -0.80124
vn -0.22387 -0.55083 -0.80403
vn -0.3147 -0.50889 -0.80124
vn -0.31612 -0.50359 -0.80403
vn -0.39877 -0.44105 -0.80403
vn -0.46978 -0.37057 -0.80124
vn -0.56819 -0.18755 -0.80124
vn -0.56587 -0.18257 -0.80403
vn -0.59212 -0.08603 -0.80124
vn -0.58897 -0.08154 -0.80403
vn -0.59807 0.01809 -0.80124
vn -0.59418 0.02197 -0.80403
vn -0.58134 0.12482 -0.80403
vn -0.55083 0.22387 -0.80403
vn -0.50889 0.3147 -0.80124
vn -0.44105 0.39877 -0.80403
vn -0.37057 0.46978 -0.80124
vn -0.3651 0.4693 -0.80403
vn -0.28336 0.52699 -0.80124
vn -0.27806 0.52557 -0.80403
vn -0.18755 0.56819 -0.80124
vn -0.18257 0.56587 -0.80403
vn -0.08603 0.59212 -0.80124
vn -0.08154 0.58897 -0.80403
vn 0.08716 0.99619 0
vn 0.25882 0.96593 0
vn 0.25882 0.96593 0
vn 0.42262 0.90631 0
vn 0.42262 0.90631 0
vn 0.57358 0.81915 0
vn 0.57357 0.81915 0
vn 0.7071 0.70711 0
vn 0.96593 0.25882 0
vn 0.99619 0.08716 0
vn 0.96593 -0.25882 0
vn 0.90631 -0.42262 0
vn 0.90631 -0.42262 0
vn 0.81915 -0.57358 0
vn 0.81915 -0.57358 0
vn 0.7071 -0.70711 0
vn 0.70711 -0.70711 0
vn 0.57357 -0.81915 0
vn 0.57358 -0.81915 0
vn 0.42262 -0.90631 0
vn 0.42262 -0.90631 0
vn 0.25882 -0.96593 0
vn -0.08716 -0.99619 0
vn -0.25882 -0.96593 0
vn -0.25882 -0.96593 0
vn -0.42262 -0.90631 0
vn -0.42262 -0.90631 0
vn -0.57358 -0.81915 0
vn -0.57358 -0.81915 0
vn -0.70711 -0.70711 0
vn -0.7071 -0.70711 0
vn -0.81915 -0.57357 0
vn -0.81915 -0.57358 0
vn -0.90631 -0.42262 0
vn -0.90631 -0.42262 0
vn -0.96593 0.25882 0
vn -0.96593 0.25882 0
vn -0.90631 0.42262 0
vn -0.81915 0.57358 0
vn -0.81915 0.57358 0
vn -0.70711 0.70711 0
vn -0.70711 0.70711 0
vn -0.57357 0.81915 0
vn -0.57358 0.81915 0
vn -0.42262 0.90631 0
vn -0.42262 0.90631 0
vn -0.25882 0.96593 0
vn -0.25882 0.96593 0
vn -0.08716 0.99619 0
vn 0.08154 0.58897 0.80403
vn 0.08603 0.59212 0.80124
vn 0.18257 0.56587 0.80403
vn 0.18755 0.56819 0.80124
vn 0.27806 0.52557 0.80403
vn 0.28336 0.52699 0.80124
vn 0.3651 0.4693 0.80403
vn 0.37057 0.46978 0.80124
vn 0.44105 0.39877 0.80403
vn 0.50359 0.31612 0.80403
vn 0.55083 0.22387 0.80403
vn 0.55581 0.22155 0.80124
vn 0.58134 0.12482 0.80403
vn 0.58584 0.12167 0.80124
vn 0.59418 0.02197 0.80403
vn 0.59807 0.01809 0.80124
vn 0.58897 -0.08154 0.80403
vn 0.56587 -0.18257 0.80403
vn 0.56819 -0.18755 0.80124
vn 0.52699 -0.28336 0.80124
vn 0.46978 -0.37057 0.80124
vn 0.39877 -0.44105 0.80403
vn 0.39829 -0.44652 0.80124
vn 0.31612 -0.50359 0.80403
vn 0.3147 -0.50889 0.80124
vn 0.22387 -0.55083 0.80403
vn 0.22155 -0.55581 0.80124
vn 0.12482 -0.58134 0.80403
vn 0.12167 -0.58584 0.80124
vn 0.02197 -0.59418 0.80403
vn 0.01809 -0.59807 0.80124
vn -0.08154 -0.58897 0.80403
vn -0.08603 -0.59212 0.80124
vn -0.18257 -0.56587 0.80403
vn -0.18755 -0.56819 0.80124
vn -0.27806 -0.52557 0.80403
vn -0.28336 -0.52699 0.80124
vn -0.3651 -0.4693 0.80403
vn -0.44105 -0.39877 0.80403
vn -0.44652 -0.39829 0.80124
vn -0.50359 -0.31612 0.80403
vn -0.58584 -0.12167 0.80124
vn -0.59807 -0.01809 0.80124
vn -0.58897 0.08154 0.80403
vn -0.59212 0.08603 0.80124
vn -0.56819 0.18755 0.80124
vn -0.4693 0.3651 0.80403
vn -0.39877 0.44105 0.80403
vn -0.31612 0.50359 0.80403
vn -0.3147 0.50889 0.80124
vn -0.22387 0.55083 0.80403
vn -0.22155 0.55581 0.80124
vn -0.12482 0.58134 0.80403
vn -0.12167 0.58584 0.80124
vn -0.02197 0.59418 0.80403
vn -0.01809 0.59807 0.80124
vn 0.08716 0.99619 0
vn 0.25882 0.96593 0
vn 0.25882 0.96593 0
vn 0.42262 0.90631 0
vn 0.42262 0.90631 0
vn 0.57358 0.81915 0
vn 0.57357 0.81915 0
vn 0.81916 0.57357 0
vn 0.81915 0.57358 0
vn 0.90631 0.42262 0
vn 0.90631 0.42262 0
vn 0.96593 0.25882 0
vn 0.96593 0.25882 0
vn 0.96593 -0.25882 0
vn 0.96593 -0.25882 0
vn 0.90631 -0.42262 0
vn 0.90631 -0.42262 0
vn 0.81915 -0.57358 0
vn 0.81915 -0.57358 0
vn 0.7071 -0.70711 0
vn 0.70711 -0.7071 0
vn 0.57357 -0.81915 0
vn 0.42262 -0.90631 0
vn 0.25882 -0.96593 0
vn 0.25882 -0.96593 0
vn -0.25882 -0.96593 0
vn -0.42262 -0.90631 0
vn -0.42262 -0.90631 0
vn -0.57358 -0.81915 0
vn -0.70711 -0.70711 0
vn -0.81915 -0.57358 0
vn -0.81915 -0.57358 0
vn -0.90631 -0.42262 0
vn -0.90631 -0.42262 0
vn -0.96593 -0.25882 0
vn -0.96593 -0.25882 0
vn -0.99619 -0.08716 0
vn -0.99619 0.08715 0
vn -0.99619 0.08716 0
vn -0.96593 0.25882 0
vn -0.96593 0.25882 0
vn -0.90631 0.42262 0
vn -0.90631 0.42262 0
vn -0.81915 0.57358 0
vn -0.70711 0.70711 0
vn -0.57358 0.81915 0
vn -0.42262 0.90631 0
vn -0.42262 0.90631 0
vn -0.25882 0.96593 0
vn -0.25882 0.96593 0
vn -0.08716 0.99619 0
vn -0.08716 0.99619 0
vn 0.02197 0.59418 -0.80403
vn 0.12167 0.58584 -0.80124
vn 0.22155 0.55581 -0.80124
vn 0.22387 0.55083 -0.80403
vn 0.3147 0.50889 -0.80124
vn 0.31612 0.50359 -0.80403
vn 0.39877 0.44105 -0.80403
vn 0.46978 0.37057 -0.80124
vn 0.56587 0.18257 -0.80403
vn 0.58897 0.08154 -0.80403
vn 0.59807 -0.01809 -0.80124
vn 0.59418 -0.02197 -0.80403
vn 0.58584 -0.12167 -0.80124
vn 0.58134 -0.12482 -0.80403
vn 0.55083 -0.22387 -0.80403
vn 0.50889 -0.3147 -0.80124
vn 0.50359 -0.31612 -0.80403
vn 0.44652 -0.39829 -0.80124
vn 0.44105 -0.39877 -0.80403
vn 0.37057 -0.46978 -0.80124
vn 0.3651 -0.4693 -0.80403
vn 0.28336 -0.52699 -0.80124
vn 0.27806 -0.52557 -0.80403
vn 0.18755 -0.56819 -0.80124
vn 0.18257 -0.56587 -0.80403
vn 0.08603 -0.59212 -0.80124
vn 0.08154 -0.58897 -0.80403
vn -0.0181 -0.59807 -0.80124
vn -0.02197 -0.59418 -0.80403
vn -0.12482 -0.58134 -0.80403
vn -0.22156 -0.55581 -0.80124
vn -0.3147 -0.50889 -0.80124
vn -0.31612 -0.50359 -0.80403
vn -0.39877 -0.44105 -0.80403
vn -0.46978 -0.37057 -0.80124
vn -0.4693 -0.3651 -0.80403
vn -0.52699 -0.28336 -0.80124
vn -0.56587 -0.18257 -0.80403
vn -0.58897 -0.08154 -0.80403
vn -0.58584 0.12167 -0.80124
vn -0.58134 0.12482 -0.80403
vn -0.55581 0.22155 -0.80124
vn -0.55083 0.22387 -0.80403
vn -0.44652 0.39829 -0.80124
vn -0.44105 0.39877 -0.80403
vn -0.37057 0.46978 -0.80124
vn -0.3651 0.4693 -0.80403
vn -0.28336 0.52699 -0.80124
vn -0.18755 0.56819 -0.80124
vn -0.08154 0.58897 -0.80403
vn 0.08716 0.99619 0
vn 0.42262 0.90631 0
vn 0.57357 0.81915 0
vn 0.70711 0.7071 0
vn 0.81915 0.57358 0
vn 0.90631 0.42262 0
vn 0.90631 0.42262 0
vn 0.99619 -0.08716 0
vn 0.90631 -0.42262 0
vn 0.90631 -0.42262 0
vn 0.70711 -0.70711 0
vn 0.57358 -0.81915 0
vn 0.42262 -0.90631 0
vn 0.42262 -0.90631 0
vn 0.25882 -0.96593 0
vn 0.25882 -0.96593 0
vn 0.08716 -0.99619 0
vn 0.08716 -0.99619 0
vn -0.08716 -0.99619 0
vn -0.08716 -0.99619 0
vn -0.25882 -0.96593 0
vn -0.25882 -0.96593 0
vn -0.42262 -0.90631 0
vn -0.42262 -0.90631 0
vn -0.70711 -0.70711 0
vn -0.70711 -0.70711 0
vn -0.81915 -0.57358 0
vn -0.96593 -0.25882 0
vn -0.99619 -0.08716 0
vn -0.90631 0.42262 0
vn -0.90631 0.42262 0
vn -0.81915 0.57357 0
vn -0.70711 0.70711 0
vn -0.57358 0.81915 0
vn -0.42262 0.90631 0
vn -0.25882 0.96593 0
vn -0.08716 0.99619 0
vn 0.08154 0.58897 0.80403
vn 0.08603 0.59212 0.80124
vn 0.18257 0.56587 0.80403
vn 0.18755 0.56819 0.80124
vn 0.27806 0.52557 0.80403
vn 0.28336 0.52699 0.80124
vn 0.3651 0.4693 0.80403
vn 0.37057 0.46978 0.80124
vn 0.44105 0.39877 0.80403
vn 0.44652 0.39829 0.80124
vn 0.50359 0.31612 0.80403
vn 0.50889 0.3147 0.80124
vn 0.55083 0.22387 0.80403
vn 0.55581 0.22155 0.80124
vn 0.58134 0.12482 0.80403
vn 0.58584 0.12167 0.80124
vn 0.59418 0.02197 0.80403
vn 0.58897 -0.08154 0.80403
vn 0.59212 -0.08603 0.80124
vn 0.56819 -0.18755 0.80124
vn 0.52557 -0.27806 0.80403
vn 0.4693 -0.3651 0.80403
vn 0.46978 -0.37057 0.80124
vn 0.39877 -0.44105 0.80403
vn 0.39829 -0.44652 0.80124
vn 0.31612 -0.50359 0.80403
vn 0.3147 -0.50889 0.80124
vn 0.22156 -0.55581 0.80124
vn 0.12482 -0.58134 0.80403
vn 0.12167 -0.58584 0.80124
vn 0.02197 -0.59418 0.80403
vn 0.01809 -0.59807 0.80124
vn -0.08154 -0.58897 0.80403
vn -0.08603 -0.59212 0.80124
vn -0.18257 -0.56587 0.80403
vn -0.18755 -0.56819 0.80124
vn -0.27806 -0.52557 0.80403
vn -0.28336 -0.52699 0.80124
vn -0.3651 -0.4693 0.80403
vn -0.37057 -0.46978 0.80124
vn -0.44105 -0.39877 0.80403
vn -0.44652 -0.39829 0.80124
vn -0.50889 -0.3147 0.80124
vn -0.55083 -0.22387 0.80403
vn -0.55581 -0.22155 0.80124
vn -0.59418 -0.02197 0.80403
vn -0.59807 -0.0181 0.80124
vn -0.58897 0.08154 0.80403
vn -0.56586 0.18257 0.80403
vn -0.56819 0.18755 0.80124
vn -0.4693 0.3651 0.80403
vn -0.46978 0.37057 0.80124
vn -0.39829 0.44652 0.80124
vn -0.31612 0.50359 0.80403
vn -0.3147 0.50889 0.80124
vn -0.22387 0.55083 0.80403
vn -0.22156 0.55581 0.80124
vn -0.12482 0.58134 0.80403
vn -0.12167 0.58584 0.80124
vn -0.02197 0.59418 0.80403
vn -0.01809 0.59807 0.80124
vn 0.08716 0.99619 0
vn 0.25882 0.96593 0
vn 0.25882 0.96593 0
vn 0.42262 0.90631 0
vn 0.57358 0.81915 0
vn 0.70711 0.70711 0
vn 0.70711 0.70711 0
vn 0.81915 0.57358 0
vn 0.96593 0.25882 0
vn 0.96593 0.25882 0
vn 0.99619 0.08716 0
vn 0.99619 0.08716 0
vn 0.96593 -0.25882 0
vn 0.90631 -0.42262 0
vn 0.90631 -0.42262 0
vn 0.81915 -0.57358 0
vn 0.70711 -0.70711 0
vn 0.70711 -0.70711 0
vn 0.57358 -0.81915 0
vn 0.25882 -0.96593 0
vn 0.25882 -0.96593 0
vn 0.08716 -0.99619 0
vn -0.08716 -0.99619 0
vn -0.25882 -0.96593 0
vn -0.42262 -0.90631 0
vn -0.42262 -0.90631 0
vn -0.57358 -0.81915 0
vn -0.70711 -0.70711 0
vn -0.70711 -0.70711 0
vn -0.81915 -0.57358 0
vn -0.81915 -0.57357 0
vn -0.90631 -0.42262 0
vn -0.90631 -0.42262 0
vn -0.96593 -0.25882 0
vn -0.96593 -0.25882 0
vn -0.99619 -0.08716 0
vn -0.99619 0.08716 0
vn -0.99619 0.08716 0
vn -0.96593 0.25882 0
vn -0.96593 0.25882 0
vn -0.90631 0.42262 0
vn -0.81915 0.57357 0
vn -0.57358 0.81915 0
vn -0.42262 0.90631 0
vn -0.42262 0.90631 0
vn -0.25882 0.96593 0
vn -0.25882 0.96593 0
vn -0.08716 0.99619 0
vn -0.08716 0.99619 0
vn 0.0181 0.59807 -0.80124
vn 0.02197 0.59418 -0.80403
vn 0.12167 0.58584 -0.80124
vn 0.12482 0.58134 -0.80403
vn 0.22155 0.55581 -0.80124
vn 0.22387 0.55083 -0.80403
vn 0.3147 0.50889 -0.80124
vn 0.31612 0.50359 -0.80403
vn 0.39829 0.44652 -0.80124
vn 0.39877 0.44105 -0.80403
vn 0.52699 0.28336 -0.80124
vn 0.52556 0.27806 -0.80403
vn 0.58897 0.08154 -0.80403
vn 0.59807 -0.0181 -0.80124
vn 0.59418 -0.02197 -0.80403
vn 0.58584 -0.12167 -0.80124
vn 0.58134 -0.12482 -0.80403
vn 0.55581 -0.22155 -0.80124
vn 0.50889 -0.3147 -0.80124
vn 0.50359 -0.31612 -0.80403
vn 0.37057 -0.46978 -0.80124
vn 0.28336 -0.52699 -0.80124
vn 0.27806 -0.52556 -0.80403
vn 0.08603 -0.59212 -0.80124
vn -0.01809 -0.59807 -0.80124
vn -0.12167 -0.58584 -0.80124
vn -0.12482 -0.58134 -0.80403
vn -0.22156 -0.55581 -0.80124
vn -0.22387 -0.55083 -0.80403
vn -0.39829 -0.44652 -0.80124
vn -0.39877 -0.44105 -0.80403
vn -0.46978 -0.37057 -0.80124
vn -0.4693 -0.3651 -0.80403
vn -0.52557 -0.27806 -0.80403
vn -0.56819 -0.18755 -0.80124
vn -0.56587 -0.18257 -0.80403
vn -0.59212 -0.08603 -0.80124
vn -0.58897 -0.08154 -0.80403
vn -0.59807 0.01809 -0.80124
vn -0.58584 0.12167 -0.80124
vn -0.58134 0.12482 -0.80403
vn -0.55581 0.22155 -0.80124
vn -0.55083 0.22387 -0.80403
vn -0.50359 0.31612 -0.80403
vn -0.44652 0.39829 -0.80124
vn -0.44105 0.39877 -0.80403
vn -0.3651 0.4693 -0.80403
vn -0.28336 0.52699 -0.80124
vn -0.27806 0.52557 -0.80403
vn -0.18755 0.56819 -0.80124
vn -0.18257 0.56587 -0.80403
vn -0.08603 0.59212 -0.80124
vn -0.08154 0.58897 -0.80403
vn 0.08716 0.99619 0
vn 0.25882 0.96593 0
vn 0.42262 0.90631 0
vn 0.57357 0.81915 0
vn 0.57358 0.81915 0
vn 0.70711 0.70711 0
vn 0.70711 0.70711 0
vn 0.81915 0.57358 0
vn 0.90631 0.42262 0
vn 0.99619 -0.08716 0
vn 0.96593 -0.25882 0
vn 0.90631 -0.42262 0
vn 0.81915 -0.57358 0
vn 0.81915 -0.57358 0
vn 0.70711 -0.70711 0
vn 0.70711 -0.70711 0
vn 0.57358 -0.81915 0
vn 0.57357 -0.81915 0
vn 0.42262 -0.90631 0
vn 0.42262 -0.90631 0
vn 0.25882 -0.96593 0
vn 0.25882 -0.96593 0
vn 0.08716 -0.99619 0
vn -0.25882 -0.96593 0
vn -0.42262 -0.90631 0
vn -0.42262 -0.90631 0
vn -0.57358 -0.81915 0
vn -0.57358 -0.81915 0
vn -0.70711 -0.70711 0
vn -0.70711 -0.70711 0
vn -0.81915 -0.57358 0
vn -0.90631 -0.42262 0
vn -0.90631 -0.42262 0
vn -0.99619 -0.08716 0
vn -0.99619 -0.08716 0
vn -0.96593 0.25882 0
vn -0.90631 0.42262 0
vn -0.81915 0.57358 0
vn -0.70711 0.7071 0
vn -0.70711 0.70711 0
vn -0.57358 0.81915 0
vn -0.57358 0.81915 0
vn -0.25882 0.96593 0
vn -0.08716 0.99619 0
vn -0.08716 0.99619 0
vn 0.08154 0.58897 0.80403
vn 0.18257 0.56587 0.80403
vn 0.27806 0.52557 0.80403
vn 0.28336 0.52699 0.80124
vn 0.44105 0.39877 0.80403
vn 0.44652 0.39829 0.80124
vn 0.58584 0.12167 0.80124
vn 0.59807 0.01809 0.80124
vn 0.58897 -0.08154 0.80403
vn 0.56587 -0.18257 0.80403
vn 0.52557 -0.27806 0.80403
vn 0.52699 -0.28336 0.80124
vn 0.4693 -0.3651 0.80403
vn 0.46978 -0.37057 0.80124
vn 0.39877 -0.44105 0.80403
vn 0.31612 -0.50359 0.80403
vn 0.22387 -0.55083 0.80403
vn 0.12482 -0.58134 0.80403
vn 0.12167 -0.58584 0.80124
vn 0.02197 -0.59418 0.80403
vn -0.08154 -0.58897 0.80403
vn -0.08603 -0.59212 0.80124
vn -0.18257 -0.56587 0.80403
vn -0.27806 -0.52557 0.80403
vn -0.3651 -0.4693 0.80403
vn -0.37057 -0.46978 0.80124
vn -0.44105 -0.39877 0.80403
vn -0.44652 -0.39829 0.80124
vn -0.55083 -0.22387 0.80403
vn -0.55581 -0.22155 0.80124
vn -0.58134 -0.12482 0.80403
vn -0.58584 -0.12167 0.80124
vn -0.59807 -0.01809 0.80124
vn -0.58897 0.08154 0.80403
vn -0.56819 0.18755 0.80124
vn -0.52557 0.27806 0.80403
vn -0.4693 0.3651 0.80403
vn -0.46978 0.37057 0.80124
vn -0.39877 0.44105 0.80403
vn -0.39829 0.44652 0.80124
vn -0.31612 0.50359 0.80403
vn -0.22155 0.55581 0.80124
vn -0.12482 0.58134 0.80403
vn -0.02197 0.59418 0.80403
vn 0.08716 0.99619 0
vn 0.08716 0.99619 0
vn 0.42262 0.90631 0
vn 0.42262 0.90631 0
vn 0.57358 0.81915 0
vn 0.57358 0.81915 0
vn 0.70711 0.70711 0
vn 0.70711 0.70711 0
vn 0.81915 0.57358 0
vn 0.81915 0.57358 0
vn 0.90631 0.42262 0
vn 0.90631 0.42262 0
vn 0.96593 0.25882 0
vn 0.99619 0.08716 0
vn 0.99619 0.08716 0
vn 0.99619 -0.08716 0
vn 0.96593 -0.25882 0
vn 0.96593 -0.25882 0
vn 0.90631 -0.42262 0
vn 0.81915 -0.57358 0
vn 0.81915 -0.57358 0
vn 0.70711 -0.70711 0
vn 0.57358 -0.81915 0
vn 0.57358 -0.81915 0
vn 0.42262 -0.90631 0
vn 0.25882 -0.96593 0
vn 0.25882 -0.96593 0
vn 0.08716 -0.99619 0
vn 0.08716 -0.99619 0
vn -0.08716 -0.99619 0
vn -0.08716 -0.99619 0
vn -0.42262 -0.90631 0
vn -0.42262 -0.90631 0
vn -0.70711 -0.70711 0
vn -0.81915 -0.57358 0
vn -0.81915 -0.57358 0
vn -0.90631 -0.42262 0
vn -0.90631 -0.42262 0
vn -0.96593 -0.25882 0
vn -0.96593 -0.25882 0
vn -0.99619 -0.08716 0
vn -0.99619 0.08716 0
vn -0.96593 0.25882 0
vn -0.96593 0.25882 0
vn -0.90631 0.42262 0
vn -0.90631 0.42262 0
vn -0.81915 0.57357 0
vn -0.42262 0.90631 0
vn -0.42262 0.90631 0
vn -0.25882 0.96593 0
vn -0.25882 0.96593 0
vn -0.08716 0.99619 0
vn -0.08716 0.99619 0
vn 0.01809 0.59807 -0.80124
vn 0.12167 0.58584 -0.80124
vn 0.12482 0.58134 -0.80403
vn 0.3147 0.50889 -0.80124
vn 0.31612 0.50359 -0.80403
vn 0.39829 0.44651 -0.80124
vn 0.46978 0.37057 -0.80124
vn 0.52699 0.28336 -0.80124
vn 0.52557 0.27806 -0.80403
vn 0.56587 0.18257 -0.80403
vn 0.59212 0.08603 -0.80124
vn 0.58897 0.08154 -0.80403
vn 0.59807 -0.01809 -0.80124
vn 0.59418 -0.02197 -0.80403
vn 0.58134 -0.12482 -0.80403
vn 0.55083 -0.22387 -0.80403
vn 0.3651 -0.4693 -0.80403
vn 0.28336 -0.52699 -0.80124
vn 0.27806 -0.52557 -0.80403
vn 0.18755 -0.56819 -0.80124
vn 0.08603 -0.59212 -0.80124
vn 0.08154 -0.58897 -0.80403
vn -0.12167 -0.58584 -0.80124
vn -0.12482 -0.58134 -0.80403
vn -0.22155 -0.55581 -0.80124
vn -0.22387 -0.55083 -0.80403
vn -0.3147 -0.50889 -0.80124
vn -0.31612 -0.50359 -0.80403
vn -0.39829 -0.44652 -0.80124
vn -0.39877 -0.44105 -0.80403
vn -0.46978 -0.37057 -0.80124
vn -0.4693 -0.3651 -0.80403
vn -0.52699 -0.28336 -0.80124
vn -0.52557 -0.27806 -0.80403
vn -0.56819 -0.18755 -0.80124
vn -0.56587 -0.18257 -0.80403
vn -0.59212 -0.08603 -0.80124
vn -0.58897 -0.08154 -0.80403
vn -0.58584 0.12167 -0.80124
vn -0.58134 0.12482 -0.80403
vn -0.55581 0.22155 -0.80124
vn -0.55083 0.22387 -0.80403
vn -0.50889 0.3147 -0.80124
vn -0.44652 0.39829 -0.80124
vn -0.37057 0.46978 -0.80124
vn -0.3651 0.4693 -0.80403
vn -0.28336 0.52699 -0.80124
vn -0.27806 0.52556 -0.80403
vn -0.18257 0.56587 -0.80403
vn -0.08603 0.59212 -0.80124
vn -0.08154 0.58897 -0.80403
vn 0.08716 0.99619 0
vn 0.08716 0.99619 0
vn 0.25882 0.96593 0
vn 0.25882 0.96593 0
vn 0.57358 0.81915 0
vn 0.70711 0.70711 0
vn 0.70711 0.70711 0
vn 0.81915 0.57358 0
vn 0.90631 0.42262 0
vn 0.90631 0.42262 0
vn 0.96593 0.25882 0
vn 0.96593 0.25882 0
vn 0.96593 -0.25882 0
vn 0.90631 -0.42262 0
vn 0.90631 -0.42262 0
vn 0.81915 -0.57358 0
vn 0.81915 -0.57357 0
vn 0.70711 -0.70711 0
vn 0.70711 -0.70711 0
vn 0.57358 -0.81915 0
vn 0.42262 -0.90631 0
vn 0.25882 -0.96593 0
vn 0.25882 -0.96593 0
vn 0.08716 -0.99619 0
vn 0.08716 -0.99619 0
vn -0.08716 -0.99619 0
vn -0.42262 -0.90631 0
vn -0.42262 -0.90631 0
vn -0.57358 -0.81915 0
vn -0.57358 -0.81915 0
vn -0.70711 -0.70711 0
vn -0.70711 -0.70711 0
vn -0.81915 -0.57358 0
vn -0.81915 -0.57358 0
vn -0.90631 -0.42262 0
vn -0.90631 -0.42262 0
vn -0.96593 -0.25882 0
vn -0.99619 -0.08716 0
vn -0.99619 -0.08716 0
vn -0.99619 0.08716 0
vn -0.90631 0.42262 0
vn -0.90631 0.42262 0
vn -0.81915 0.57358 0
vn -0.70711 0.70711 0
vn -0.57358 0.81915 0
vn -0.57358 0.81915 0
vn -0.42262 0.90631 0
vn -0.25882 0.96593 0
vn -0.25882 0.96593 0
vn -0.08716 0.99619 0
vn -0.08716 0.99619 0
vn 0.08154 0.58897 0.80403
vn 0.18257 0.56587 0.80403
vn 0.18755 0.56819 0.80124
vn 0.28336 0.52699 0.80124
vn 0.3651 0.4693 0.80403
vn 0.44105 0.39877 0.80403
vn 0.50359 0.31612 0.80403
vn 0.55083 0.22387 0.80403
vn 0.58134 0.12482 0.80403
vn 0.58584 0.12167 0.80124
vn 0.59418 0.02197 0.80403
vn 0.59807 0.01809 0.80124
vn 0.59212 -0.08603 0.80124
vn 0.56819 -0.18755 0.80124
vn 0.52699 -0.28336 0.80124
vn 0.39877 -0.44105 0.80403
vn 0.39829 -0.44652 0.80124
vn 0.3147 -0.50889 0.80124
vn 0.22387 -0.55083 0.80403
vn 0.22155 -0.55581 0.80124
vn 0.12482 -0.58134 0.80403
vn 0.12167 -0.58584 0.80124
vn 0.02197 -0.59418 0.80403
vn -0.08154 -0.58897 0.80403
vn -0.08603 -0.59212 0.80124
vn -0.18755 -0.56819 0.80124
vn -0.27806 -0.52557 0.80403
vn -0.28336 -0.52699 0.80124
vn -0.37057 -0.46978 0.80124
vn -0.44105 -0.39877 0.80403
vn -0.44652 -0.39829 0.80124
vn -0.50359 -0.31612 0.80403
vn -0.55083 -0.22387 0.80403
vn -0.58584 -0.12167 0.80124
vn -0.59418 -0.02197 0.80403
vn -0.59212 0.08603 0.80124
vn -0.56587 0.18257 0.80403
vn -0.56819 0.18755 0.80124
vn -0.52557 0.27806 0.80403
vn -0.52699 0.28336 0.80124
vn -0.4693 0.3651 0.80403
vn -0.46978 0.37057 0.80124
vn -0.39877 0.44105 0.80403
vn -0.39829 0.44652 0.80124
vn -0.31612 0.50359 0.80403
vn -0.3147 0.50889 0.80124
vn -0.22387 0.55083 0.80403
vn -0.22155 0.55581 0.80124
vn -0.12482 0.58134 0.80403
vn -0.12167 0.58584 0.80124
vn -0.02197 0.59418 0.80403
vn 0.08716 0.99619 0
vn 0.08716 0.99619 0
vn 0.25882 0.96593 0
vn 0.25882 0.96593 0
vn 0.42262 0.90631 0
vn 0.57358 0.81915 0
vn 0.70711 0.70711 0
vn 0.81915 0.57358 0
vn 0.81915 0.57358 0
vn 0.90631 0.42262 0
vn 0.96593 0.25882 0
vn 0.99619 0.08716 0
vn 0.99619 0.08716 0
vn 0.99619 -0.08716 0
vn 0.96593 -0.25882 0
vn 0.90631 -0.42262 0
vn 0.81915 -0.57358 0
vn 0.81915 -0.57358 0
vn 0.57358 -0.81915 0
vn 0.42262 -0.90631 0
vn 0.42262 -0.90631 0
vn 0.25882 -0.96593 0
vn 0.08716 -0.99619 0
vn -0.08716 -0.99619 0
vn -0.25882 -0.96593 0
vn -0.42262 -0.90631 0
vn -0.42262 -0.90631 0
vn -0.57358 -0.81915 0
vn -0.57358 -0.81915 0
vn -0.70711 -0.70711 0
vn -0.81915 -0.57358 0
vn -0.90631 -0.42262 0
vn -0.99619 -0.08716 0
vn -0.99619 -0.08716 0
vn -0.96593 0.25882 0
vn -0.96593 0.25882 0
vn -0.90631 0.42262 0
vn -0.81915 0.57358 0
vn -0.70711 0.70711 0
vn -0.70711 0.70711 0
vn -0.55275 0.81705 -0.164
vn -0.57358 0.81915 0
vn -0.36911 0.83631 -0.40538
vn -0.42242 0.89146 -0.16388
vn -0.20186 0.78599 -0.58435
vn -0.25113 0.87902 -0.40529
vn -0.06175 0.70576 -0.70576
vn -0.09234 0.80591 -0.58479
vn 0.01809 0.59807 -0.80124
vn 0.02197 0.59418 -0.80403
vn 0.12167 0.58584 -0.80124
vn 0.12482 0.58134 -0.80403
vn 0.22155 0.55581 -0.80124
vn 0.22387 0.55083 -0.80403
vn 0.46978 0.37057 -0.80124
vn 0.4693 0.3651 -0.80403
vn 0.52699 0.28336 -0.80124
vn 0.52557 0.27806 -0.80403
vn 0.56819 0.18755 -0.80124
vn 0.56587 0.18257 -0.80403
vn 0.59212 0.08603 -0.80124
vn 0.58897 0.08154 -0.80403
vn 0.59807 -0.01809 -0.80124
vn 0.59418 -0.02197 -0.80403
vn 0.58584 -0.12167 -0.80124
vn 0.58134 -0.12482 -0.80403
vn 0.55581 -0.22155 -0.80124
vn 0.55083 -0.22387 -0.80403
vn 0.50889 -0.3147 -0.80124
vn 0.50359 -0.31612 -0.80403
vn 0.44652 -0.39829 -0.80124
vn 0.44105 -0.39877 -0.80403
vn 0.37057 -0.46978 -0.80124
vn 0.3651 -0.4693 -0.80403
vn 0.28336 -0.52699 -0.80124
vn 0.27806 -0.52556 -0.80403
vn 0.18755 -0.56819 -0.80124
vn 0.18257 -0.56587 -0.80403
vn 0.08603 -0.59212 -0.80124
vn 0.08154 -0.58897 -0.80403
vn -0.02197 -0.59418 -0.80403
vn -0.12167 -0.58584 -0.80124
vn -0.12482 -0.58134 -0.80403
vn -0.22155 -0.55581 -0.80124
vn -0.22387 -0.55083 -0.80403
vn -0.39829 -0.44652 -0.80124
vn -0.39877 -0.44105 -0.80403
vn -0.4693 -0.3651 -0.80403
vn -0.52699 -0.28336 -0.80124
vn -0.52557 -0.27806 -0.80403
vn -0.56819 -0.18755 -0.80124
vn -0.56587 -0.18257 -0.80403
vn -0.59212 -0.08603 -0.80124
vn -0.58897 -0.08154 -0.80403
vn -0.59807 0.01809 -0.80124
vn -0.59418 0.02197 -0.80403
vn -0.58584 0.12167 -0.80124
vn -0.55581 0.22155 -0.80124
vn -0.55083 0.22387 -0.80403
vn -0.50889 0.3147 -0.80124
vn -0.50359 0.31612 -0.80403
vn -0.44652 0.39829 -0.80124
vn -0.44105 0.39877 -0.80403
vn -0.3771 0.47978 -0.79222
vn -0.35482 0.47763 -0.80372
vn -0.29617 0.557 -0.77591
vn -0.26312 0.54749 -0.79437
vn -0.1998 0.62105 -0.75787
vn -0.16814 0.60537 -0.77798
vn -0.09004 0.66889 -0.73789
vn -0.0609 0.64725 -0.75984
vn 0.08716 0.99619 0
vn 0.08716 0.99619 0
vn 0.25882 0.96593 0
vn 0.25882 0.96593 0
vn 0.42262 0.90631 0
vn 0.42262 0.90631 0
vn 0.57358 0.81915 0
vn 0.70711 0.70711 0
vn 0.70711 0.70711 0
vn 0.81915 0.57358 0
vn 0.81915 0.57358 0
vn 0.90631 0.42262 0
vn 0.90631 0.42262 0
vn 0.99619 0.08716 0
vn 0.99619 0.08716 0
vn 0.96593 -0.25882 0
vn 0.90631 -0.42262 0
vn 0.90631 -0.42262 0
vn 0.81915 -0.57358 0
vn 0.70711 -0.70711 0
vn 0.70711 -0.70711 0
vn 0.57358 -0.81915 0
vn 0.42262 -0.90631 0
vn 0.42262 -0.90631 0
vn 0.25882 -0.96593 0
vn 0.25882 -0.96593 0
vn 0.08716 -0.99619 0
vn 0.08716 -0.99619 0
vn -0.08716 -0.99619 0
vn -0.08716 -0.99619 0
vn -0.25882 -0.96593 0
vn -0.25882 -0.96593 0
vn -0.42262 -0.90631 0
vn -0.42262 -0.90631 0
vn -0.57358 -0.81915 0
vn -0.57358 -0.81915 0
vn -0.70711 -0.70711 0
vn -0.70711 -0.70711 0
vn -0.81915 -0.57358 0
vn -0.81915 -0.57358 0
vn -0.90631 -0.42262 0
vn -0.90631 -0.42262 0
vn -0.96593 -0.25882 0
vn -0.96593 -0.25882 0
vn -0.99619 -0.08716 0
vn -0.99619 -0.08716 0
vn -0.99619 0.08716 0
vn -0.96593 0.25882 0
vn -0.96593 0.25882 0
vn -0.90631 0.42262 0
vn -0.90631 0.42262 0
vn -0.81915 0.57358 0
vn -0.70711 0.70711 0
vn -0.57358 0.81915 0
vn -0.41923 0.90733 -0.03165
vn -0.22008 0.92972 -0.29527
vn -0.25999 0.96509 -0.03165
vn -0.06 0.86072 -0.50554
vn -0.09578 0.95069 -0.29498
vn 0.10535 0.60544 0.78889
vn 0.08603 0.59212 0.80124
vn 0.21486 0.59831 0.77192
vn 0.19212 0.58777 0.78589
vn 0.32529 0.57182 0.75313
vn 0.2995 0.56486 0.76892
vn 0.43329 0.52536 0.7323
vn 0.40501 0.52276 0.75013
vn 0.53524 0.4589 0.70918
vn 0.50524 0.46135 0.7293
vn 0.62742 0.37302 0.68352
vn 0.59667 0.3811 0.70622
vn 0.70606 0.26903 0.65506
vn 0.67572 0.28313 0.68061
vn 0.7675 0.14899 0.6235
vn 0.7389 0.16925 0.65222
vn 0.80829 0.01573 0.58857
vn 0.78288 0.04197 0.62076
vn 0.82543 -0.12711 0.55001
vn 0.8047 -0.09544 0.58596
vn 0.8165 -0.27513 0.50758
vn 0.80192 -0.239 0.54755
vn 0.77991 -0.42323 0.46111
vn 0.77276 -0.38407 0.50531
vn 0.7151 -0.56579 0.41052
vn 0.71635 -0.52545 0.45907
vn 0.62275 -0.69682 0.35584
vn 0.63293 -0.65753 0.40873
vn 0.50494 -0.81036 0.29725
vn 0.52394 -0.77456 0.35433
vn 0.3652 -0.90075 0.23511
vn 0.39222 -0.87093 0.29604
vn 0.20848 -0.96314 0.16997
vn 0.24198 -0.94159 0.2342
vn 0.04096 -0.99389 0.10253
vn 0.07871 -0.98241 0.16936
vn -0.13031 -0.9909 0.03367
vn -0.09103 -0.99059 0.10219
vn -0.29787 -0.95394 -0.03566
vn -0.26005 -0.96501 0.03357
vn -0.45442 -0.88464 -0.10447
vn -0.42098 -0.90637 -0.03557
vn -0.59332 -0.78642 -0.17179
vn -0.56681 -0.81723 -0.10424
vn -0.70912 -0.66414 -0.23677
vn -0.69145 -0.70177 -0.17148
vn -0.7978 -0.52373 -0.2987
vn -0.79011 -0.56553 -0.23644
vn -0.85696 -0.37165 -0.35706
vn -0.85957 -0.41484 -0.2984
vn -0.88582 -0.21447 -0.4115
vn -0.89829 -0.25642 -0.35683
vn -0.88504 -0.05843 -0.46184
vn -0.9063 -0.09687 -0.41138
vn -0.85651 0.09083 -0.50807
vn -0.88507 0.0577 -0.46186
vn -0.80312 0.22848 -0.55027
vn -0.83721 0.20194 -0.50824
vn -0.7284 0.35065 -0.58862
vn -0.76617 0.33142 -0.55059
vn -0.63637 0.45439 -0.62335
vn -0.67599 0.44273 -0.58909
vn -0.53122 0.53771 -0.65473
vn -0.57103 0.53347 -0.62397
vn -0.41721 0.5995 -0.68303
vn -0.45572 0.60221 -0.65549
vn -0.29941 0.64208 -0.70576
vn -0.33135 0.65006 -0.68383
vn -0.18336 0.68431 -0.70576
vn -0.18336 0.68431 -0.70576
vn -0.06175 0.70576 -0.70576
vn -0.06175 0.70576 -0.70576
vn 0.06175 0.70576 -0.70576
vn 0.06175 0.70576 -0.70576
vn 0.18336 0.68431 -0.70576
vn 0.18336 0.68431 -0.70576
vn 0.29941 0.64208 -0.70575
vn 0.2994 0.64207 -0.70576
vn 0.40635 0.58033 -0.70576
vn 0.40635 0.58033 -0.70576
vn 0.50095 0.50095 -0.70576
vn 0.50095 0.50095 -0.70576
vn 0.58033 0.40635 -0.70576
vn 0.58033 0.40635 -0.70576
vn 0.64208 0.29941 -0.70576
vn 0.64208 0.2994 -0.70576
vn 0.68431 0.18336 -0.70576
vn 0.68431 0.18336 -0.70576
vn 0.70576 0.06175 -0.70576
vn 0.70576 0.06175 -0.70576
vn 0.70576 -0.06175 -0.70576
vn 0.70576 -0.06175 -0.70576
vn 0.68431 -0.18336 -0.70576
vn 0.68431 -0.18336 -0.70576
vn 0.64208 -0.2994 -0.70576
vn 0.64208 -0.29941 -0.70576
vn 0.58033 -0.40635 -0.70576
vn 0.58033 -0.40635 -0.70576
vn 0.50095 -0.50095 -0.70576
vn 0.50095 -0.50095 -0.70576
vn 0.40635 -0.58033 -0.70575
vn 0.40635 -0.58033 -0.70576
vn 0.29941 -0.64208 -0.70576
vn 0.29941 -0.64208 -0.70576
vn 0.18336 -0.68432 -0.70576
vn 0.18336 -0.68431 -0.70576
vn 0.06175 -0.70575 -0.70576
vn 0.06175 -0.70576 -0.70576
vn -0.06175 -0.70576 -0.70575
vn -0.06175 -0.70576 -0.70576
vn -0.18336 -0.68431 -0.70576
vn -0.18336 -0.68431 -0.70576
vn -0.2994 -0.64207 -0.70576
vn -0.29941 -0.64208 -0.70576
vn -0.40635 -0.58033 -0.70576
vn -0.40635 -0.58033 -0.70576
vn -0.50095 -0.50095 -0.70576
vn -0.50095 -0.50095 -0.70576
vn -0.58033 -0.40635 -0.70576
vn -0.58033 -0.40635 -0.70576
vn -0.64208 -0.2994 -0.70576
vn -0.64208 -0.2994 -0.70576
vn -0.68431 -0.18336 -0.70576
vn -0.68431 -0.18336 -0.70576
vn -0.70576 -0.06175 -0.70576
vn -0.70576 -0.06175 -0.70576
vn -0.70576 0.06175 -0.70576
vn -0.70576 0.06175 -0.70576
vn -0.68431 0.18336 -0.70576
vn -0.68431 0.18336 -0.70576
vn -0.64208 0.2994 -0.70576
vn -0.64208 0.2994 -0.70576
vn -0.58033 0.40635 -0.70576
vn -0.58033 0.40635 -0.70576
vn -0.50095 0.50095 -0.70576
vn -0.50095 0.50095 -0.70576
vn -0.40635 0.58033 -0.70576
vn -0.40635 0.58033 -0.70576
vn -0.2994 0.64208 -0.70576
vn -0.29941 0.64208 -0.70576
vn -0.18336 0.68432 -0.70576
vn -0.18336 0.68431 -0.70576
vn -0.06175 0.70576 -0.70575
vn 0.03046 0.6977 -0.71574
vn 0.056 0.67056 -0.73974
vn 0.16943 0.68863 -0.70504
vn 0.17942 0.67311 -0.71745
vn 0.29941 0.64208 -0.70576
vn 0.29941 0.64208 -0.70576
vn 0.40635 0.58033 -0.70576
vn 0.40635 0.58033 -0.70576
vn 0.50095 0.50095 -0.70576
vn 0.50095 0.50095 -0.70576
vn 0.58033 0.40635 -0.70576
vn 0.58033 0.40635 -0.70576
vn 0.64208 0.2994 -0.70576
vn 0.64208 0.29941 -0.70576
vn 0.68431 0.18336 -0.70576
vn 0.68431 0.18336 -0.70576
vn 0.70576 0.06175 -0.70576
vn 0.70576 0.06175 -0.70576
vn 0.70576 -0.06175 -0.70576
vn 0.70576 -0.06174 -0.70576
vn 0.68431 -0.18336 -0.70576
vn 0.68431 -0.18336 -0.70576
vn 0.64208 -0.29941 -0.70576
vn 0.64208 -0.29941 -0.70576
vn 0.58033 -0.40635 -0.70576
vn 0.58033 -0.40635 -0.70576
vn 0.50095 -0.50095 -0.70576
vn 0.50095 -0.50095 -0.70576
vn 0.40635 -0.58033 -0.70576
vn 0.40635 -0.58033 -0.70576
vn 0.29941 -0.64208 -0.70576
vn 0.29941 -0.64208 -0.70576
vn 0.18336 -0.68431 -0.70576
vn 0.18336 -0.68431 -0.70576
vn 0.06175 -0.70576 -0.70576
vn 0.06175 -0.70576 -0.70576
vn -0.06175 -0.70576 -0.70576
vn -0.06175 -0.70576 -0.70576
vn -0.18336 -0.68431 -0.70576
vn -0.18336 -0.68431 -0.70576
vn -0.29941 -0.64208 -0.70576
vn -0.29941 -0.64208 -0.70576
vn -0.40635 -0.58033 -0.70576
vn -0.40635 -0.58033 -0.70576
vn -0.50095 -0.50095 -0.70576
vn -0.50095 -0.50095 -0.70576
vn -0.58033 -0.40635 -0.70576
vn -0.58033 -0.40635 -0.70576
vn -0.64208 -0.29941 -0.70576
vn -0.64208 -0.2994 -0.70576
vn -0.68431 -0.18336 -0.70576
vn -0.68431 -0.18336 -0.70576
vn -0.70576 -0.06175 -0.70576
vn -0.70576 -0.06175 -0.70576
vn -0.70576 0.06175 -0.70576
vn -0.70576 0.06175 -0.70576
vn -0.68431 0.18336 -0.70576
vn -0.68431 0.18336 -0.70576
vn -0.64208 0.29941 -0.70576
vn -0.64208 0.29941 -0.70576
vn -0.58033 0.40635 -0.70576
vn -0.58033 0.40635 -0.70576
vn -0.50096 0.50096 -0.70575
vn -0.50095 0.50095 -0.70576
vn -0.40635 0.58033 -0.70575
vn 0.07039 0.75406 -0.65302
vn 0.05373 0.86103 -0.50571
vn 0.18336 0.68431 -0.70576
vn 0.18501 0.73416 -0.65328
vn 0.2994 0.64207 -0.70576
vn 0.29941 0.64208 -0.70576
vn 0.40635 0.58033 -0.70576
vn 0.40635 0.58033 -0.70576
vn 0.50095 0.50095 -0.70576
vn 0.50095 0.50095 -0.70576
vn 0.58033 0.40635 -0.70576
vn 0.58033 0.40635 -0.70576
vn 0.64208 0.2994 -0.70576
vn 0.64208 0.2994 -0.70576
vn 0.68431 0.18336 -0.70576
vn 0.68431 0.18336 -0.70576
vn 0.70576 0.06175 -0.70576
vn 0.70576 0.06175 -0.70576
vn 0.70576 -0.06175 -0.70576
vn 0.70576 -0.06175 -0.70576
vn 0.68431 -0.18336 -0.70576
vn 0.68431 -0.18336 -0.70576
vn 0.64208 -0.2994 -0.70576
vn 0.64208 -0.2994 -0.70576
vn 0.58033 -0.40635 -0.70576
vn 0.58033 -0.40635 -0.70576
vn 0.50095 -0.50095 -0.70576
vn 0.50095 -0.50095 -0.70576
vn 0.40635 -0.58033 -0.70576
vn 0.40635 -0.58033 -0.70576
vn 0.2994 -0.64208 -0.70576
vn 0.29941 -0.64208 -0.70576
vn 0.18336 -0.68432 -0.70576
vn 0.18336 -0.68431 -0.70576
vn 0.06175 -0.70576 -0.70575
vn 0.06175 0.70576 -0.70576
vn 0.06175 0.70576 -0.70576
vn 0.18336 0.68431 -0.70576
vn 0.18336 0.68431 -0.70576
vn 0.29941 0.64208 -0.70576
vn 0.29941 0.64208 -0.70576
vn 0.40635 0.58033 -0.70576
vn 0.40635 0.58033 -0.70576
vn 0.50095 0.50095 -0.70576
vn 0.50095 0.50095 -0.70576
vn 0.58033 0.40635 -0.70576
vn 0.58033 0.40635 -0.70576
vn 0.64208 0.29941 -0.70576
vn 0.64208 0.2994 -0.70576
vn 0.68431 0.18336 -0.70576
vn 0.68431 0.18336 -0.70576
vn 0.70576 0.06175 -0.70576
vn 0.70576 0.06175 -0.70576
vn 0.70576 -0.06175 -0.70576
vn 0.70576 -0.06175 -0.70576
vn 0.68431 -0.18336 -0.70576
vn 0.68431 -0.18336 -0.70576
vn 0.64208 -0.29941 -0.70576
vn 0.64208 -0.29941 -0.70576
vn 0.58033 -0.40635 -0.70576
vn 0.58033 -0.40635 -0.70576
vn 0.50096 -0.50096 -0.70575
vn 0.50095 -0.50095 -0.70576
vn 0.40635 -0.58033 -0.70575
f 1//1 2//1 3//1
f 1//2 3//2 4//2
f 5//3 6//3 2//3
f 5//4 2//4 1//4
f 7//5 8//5 6//5
f 7//4 6//4 5//4
f 2//6 9//6 10//6
f 2//7 10//7 3//7
f 6//8 11//8 9//8
f 6//9 9//9 2//9
f 8//10 12//10 11//10
f 8//11 11//11 6//11
f 9//12 13//12 14//12
f 9//12 14//12 10//12
f 11//12 15//12 13//12
f 11//13 13//13 9//13
f 12//12 15//12 11//12
f 13//12 16//12 17//12
f 13//12 17//12 14//12
f 15//12 18//12 16//12
f 15//12 16//12 13//12
f 12//13 19//13 18//13
f 12//13 18//13 15//13
f 16//14 20//14 17//14
f 18//14 21//14 20//14
f 18//14 20//14 16//14
f 19//14 22//14 21//14
f 19//14 21//14 18//14
f 20//15 23//15 24//15
f 20//16 24//16 17//16
f 21//17 25//17 23//17
f 21//18 23//18 20//18
f 22//19 26//19 25//19
f 22//20 25//20 21//20
f 23//21 27//21 28//21
f 23//22 28//22 24//22
f 25//23 29//23 27//23
f 25//24 27//24 23//24
f 26//25 30//25 29//25
f 26//24 29//24 25//24
f 27//26 31//26 32//26
f 27//27 32//27 28//27
f 29//28 33//28 31//28
f 29//29 31//29 27//29
f 30//30 34//30 33//30
f 30//31 33//31 29//31
f 4//32 3//32 35//32
f 4//33 35//33 36//33
f 36//34 35//34 37//34
f 36//4 37//4 38//4
f 38//35 37//35 39//35
f 38//36 39//36 40//36
f 3//37 10//37 41//37
f 3//38 41//38 35//38
f 35//39 41//39 42//39
f 35//40 42//40 37//40
f 37//41 42//41 43//41
f 37//42 43//42 39//42
f 10//12 14//12 44//12
f 10//12 44//12 41//12
f 41//13 44//13 45//13
f 41//12 45//12 42//12
f 42//12 45//12 43//12
f 14//12 17//12 46//12
f 14//12 46//12 44//12
f 44//12 46//12 47//12
f 44//12 47//12 45//12
f 45//13 47//13 48//13
f 45//13 48//13 43//13
f 17//14 49//14 46//14
f 46//14 49//14 50//14
f 46//14 50//14 47//14
f 47//24 50//24 51//24
f 47//14 51//14 48//14
f 17//43 24//43 52//43
f 17//44 52//44 49//44
f 49//45 52//45 53//45
f 49//46 53//46 50//46
f 50//47 53//47 54//47
f 50//48 54//48 51//48
f 24//49 28//49 55//49
f 24//14 55//14 52//14
f 52//50 55//50 56//50
f 52//24 56//24 53//24
f 53//51 56//51 57//51
f 53//24 57//24 54//24
f 28//52 32//52 58//52
f 28//53 58//53 55//53
f 55//54 58//54 59//54
f 55//55 59//55 56//55
f 56//56 59//56 60//56
f 56//57 60//57 57//57
f 61//58 62//58 63//58
f 61//4 63//4 64//4
f 40//59 65//59 62//59
f 40//60 62//60 61//60
f 40//61 39//61 65//61
f 62//62 66//62 67//62
f 62//63 67//63 63//63
f 65//64 68//64 66//64
f 65//65 66//65 62//65
f 39//66 43//66 68//66
f 39//67 68//67 65//67
f 66//68 69//68 70//68
f 66//69 70//69 67//69
f 68//70 71//70 69//70
f 68//71 69//71 66//71
f 43//72 71//72 68//72
f 69//73 72//73 73//73
f 69//74 73//74 70//74
f 71//75 74//75 72//75
f 71//76 72//76 69//76
f 43//77 48//77 74//77
f 43//78 74//78 71//78
f 72//14 75//14 73//14
f 74//14 76//14 75//14
f 74//79 75//79 72//79
f 48//14 51//14 76//14
f 48//14 76//14 74//14
f 75//80 77//80 78//80
f 75//81 78//81 73//81
f 76//82 79//82 77//82
f 76//83 77//83 75//83
f 51//84 54//84 79//84
f 51//85 79//85 76//85
f 77//14 80//14 81//14
f 77//86 81//86 78//86
f 79//87 82//87 80//87
f 79//14 80//14 77//14
f 54//88 57//88 82//88
f 54//24 82//24 79//24
f 80//89 83//89 84//89
f 80//90 84//90 81//90
f 82//91 85//91 83//91
f 82//92 83//92 80//92
f 57//93 60//93 85//93
f 57//94 85//94 82//94
f 64//4 63//4 86//4
f 64//95 86//95 87//95
f 87//96 86//96 88//96
f 87//4 88//4 89//4
f 89//4 88//4 90//4
f 89//97 90//97 91//97
f 63//98 67//98 92//98
f 63//99 92//99 86//99
f 86//100 92//100 93//100
f 86//101 93//101 88//101
f 88//102 93//102 94//102
f 88//103 94//103 90//103
f 67//69 70//69 95//69
f 67//68 95//68 92//68
f 92//71 95//71 96//71
f 92//104 96//104 93//104
f 93//105 96//105 94//105
f 70//106 73//106 97//106
f 70//74 97//74 95//74
f 95//107 97//107 98//107
f 95//108 98//108 96//108
f 96//109 98//109 99//109
f 96//78 99//78 94//78
f 73//110 100//110 97//110
f 97//111 100//111 101//111
f 97//112 101//112 98//112
f 98//14 101//14 102//14
f 98//24 102//24 99//24
f 73//113 78//113 103//113
f 73//113 103//113 100//113
f 100//114 103//114 104//114
f 100//115 104//115 101//115
f 101//116 104//116 105//116
f 101//116 105//116 102//116
f 78//117 81//117 106//117
f 78//118 106//118 103//118
f 103//119 106//119 107//119
f 103//120 107//120 104//120
f 104//121 107//121 108//121
f 104//24 108//24 105//24
f 81//122 84//122 109//122
f 81//123 109//123 106//123
f 106//124 109//124 110//124
f 106//125 110//125 107//125
f 107//126 110//126 111//126
f 107//127 111//127 108//127
f 112//128 113//128 114//128
f 112//129 114//129 115//129
f 116//130 117//130 113//130
f 116//131 113//131 112//131
f 91//132 90//132 117//132
f 91//133 117//133 116//133
f 113//134 118//134 119//134
f 113//135 119//135 114//135
f 117//136 120//136 118//136
f 117//137 118//137 113//137
f 90//138 94//138 120//138
f 90//139 120//139 117//139
f 118//140 121//140 122//140
f 118//141 122//141 119//141
f 120//142 123//142 121//142
f 120//143 121//143 118//143
f 94//144 123//144 120//144
f 121//145 124//145 125//145
f 121//146 125//146 122//146
f 123//147 126//147 124//147
f 123//148 124//148 121//148
f 94//149 99//149 126//149
f 94//140 126//140 123//140
f 124//150 127//150 125//150
f 126//151 128//151 127//151
f 126//152 127//152 124//152
f 99//14 102//14 128//14
f 99//153 128//153 126//153
f 127//154 129//154 130//154
f 127//155 130//155 125//155
f 128//156 131//156 129//156
f 128//157 129//157 127//157
f 102//158 105//158 131//158
f 102//159 131//159 128//159
f 129//14 132//14 133//14
f 129//160 133//160 130//160
f 131//24 134//24 132//24
f 131//161 132//161 129//161
f 105//14 108//14 134//14
f 105//14 134//14 131//14
f 132//162 135//162 136//162
f 132//163 136//163 133//163
f 134//164 137//164 135//164
f 134//165 135//165 132//165
f 108//166 111//166 137//166
f 108//167 137//167 134//167
f 115//168 114//168 138//168
f 115//4 138//4 139//4
f 139//169 138//169 140//169
f 139//4 140//4 141//4
f 141//170 140//170 142//170
f 114//171 119//171 143//171
f 114//172 143//172 138//172
f 138//173 143//173 144//173
f 138//174 144//174 140//174
f 140//175 144//175 145//175
f 140//176 145//176 142//176
f 119//141 122//141 146//141
f 119//177 146//177 143//177
f 143//178 146//178 147//178
f 143//179 147//179 144//179
f 144//180 147//180 145//180
f 122//145 125//145 148//145
f 122//146 148//146 146//146
f 146//181 148//181 149//181
f 146//182 149//182 147//182
f 147//183 149//183 150//183
f 147//184 150//184 145//184
f 125//185 151//185 148//185
f 148//14 151//14 152//14
f 148//186 152//186 149//186
f 149//14 152//14 153//14
f 149//14 153//14 150//14
f 125//187 130//187 154//187
f 125//188 154//188 151//188
f 151//189 154//189 155//189
f 151//190 155//190 152//190
f 152//191 155//191 156//191
f 152//192 156//192 153//192
f 130//193 133//193 157//193
f 130//24 157//24 154//24
f 154//194 157//194 158//194
f 154//24 158//24 155//24
f 155//195 158//195 159//195
f 155//14 159//14 156//14
f 133//196 136//196 160//196
f 133//197 160//197 157//197
f 157//198 160//198 161//198
f 157//199 161//199 158//199
f 158//200 161//200 162//200
f 158//201 162//201 159//201
f 163//202 164//202 165//202
f 163//203 165//203 166//203
f 167//204 168//204 164//204
f 167//4 164//4 163//4
f 141//205 142//205 168//205
f 141//206 168//206 167//206
f 164//207 169//207 170//207
f 164//208 170//208 165//208
f 168//209 171//209 169//209
f 168//210 169//210 164//210
f 142//211 145//211 171//211
f 142//212 171//212 168//212
f 169//213 172//213 173//213
f 169//214 173//214 170//214
f 171//214 174//214 172//214
f 171//213 172//213 169//213
f 145//215 174//215 171//215
f 172//214 175//214 176//214
f 172//214 176//214 173//214
f 174//214 177//214 175//214
f 174//214 175//214 172//214
f 145//216 150//216 177//216
f 145//217 177//217 174//217
f 175//14 178//14 176//14
f 177//14 179//14 178//14
f 177//14 178//14 175//14
f 150//218 153//218 179//218
f 150//14 179//14 177//14
f 178//219 180//219 181//219
f 178//220 181//220 176//220
f 179//221 182//221 180//221
f 179//222 180//222 178//222
f 153//223 156//223 182//223
f 153//224 182//224 179//224
f 180//225 183//225 184//225
f 180//226 184//226 181//226
f 182//227 185//227 183//227
f 182//24 183//24 180//24
f 156//228 159//228 185//228
f 156//24 185//24 182//24
f 183//229 186//229 187//229
f 183//230 187//230 184//230
f 185//231 188//231 186//231
f 185//232 186//232 183//232
f 159//233 162//233 188//233
f 159//234 188//234 185//234
f 166//235 165//235 189//235
f 166//36 189//36 190//36
f 190//236 189//236 191//236
f 190//4 191//4 192//4
f 192//237 191//237 193//237
f 192//238 193//238 194//238
f 165//239 170//239 195//239
f 165//240 195//240 189//240
f 189//241 195//241 196//241
f 189//242 196//242 191//242
f 191//243 196//243 197//243
f 191//244 197//244 193//244
f 170//213 173//213 198//213
f 170//213 198//213 195//213
f 195//213 198//213 199//213
f 195//214 199//214 196//214
f 196//217 199//217 197//217
f 173//214 176//214 200//214
f 173//214 200//214 198//214
f 198//214 200//214 201//214
f 198//214 201//214 199//214
f 199//245 201//245 202//245
f 199//246 202//246 197//246
f 176//14 203//14 200//14
f 200//14 203//14 204//14
f 200//14 204//14 201//14
f 201//247 204//247 205//247
f 201//248 205//248 202//248
f 176//249 181//249 206//249
f 176//250 206//250 203//250
f 203//251 206//251 207//251
f 203//252 207//252 204//252
f 204//253 207//253 208//253
f 204//254 208//254 205//254
f 181//255 184//255 209//255
f 181//14 209//14 206//14
f 206//256 209//256 210//256
f 206//24 210//24 207//24
f 207//257 210//257 211//257
f 207//14 211//14 208//14
f 184//258 187//258 212//258
f 184//259 212//259 209//259
f 209//260 212//260 213//260
f 209//261 213//261 210//261
f 210//262 213//262 214//262
f 210//263 214//263 211//263
f 215//264 216//264 217//264
f 215//129 217//129 218//129
f 219//265 220//265 216//265
f 219//4 216//4 215//4
f 219//266 193//266 220//266
f 216//267 221//267 222//267
f 216//268 222//268 217//268
f 220//269 223//269 221//269
f 220//270 221//270 216//270
f 193//271 197//271 223//271
f 193//272 223//272 220//272
f 221//273 224//273 225//273
f 221//274 225//274 222//274
f 223//275 226//275 224//275
f 223//276 224//276 221//276
f 197//277 226//277 223//277
f 224//278 227//278 228//278
f 224//279 228//279 225//279
f 226//280 229//280 227//280
f 226//281 227//281 224//281
f 197//282 202//282 229//282
f 197//283 229//283 226//283
f 227//14 230//14 228//14
f 229//14 231//14 230//14
f 229//284 230//284 227//284
f 202//285 205//285 231//285
f 202//286 231//286 229//286
f 230//287 232//287 233//287
f 230//288 233//288 228//288
f 231//289 234//289 232//289
f 231//290 232//290 230//290
f 205//291 208//291 234//291
f 205//292 234//292 231//292
f 232//293 235//293 236//293
f 232//118 236//118 233//118
f 234//294 237//294 235//294
f 234//24 235//24 232//24
f 208//295 211//295 237//295
f 208//24 237//24 234//24
f 235//296 238//296 239//296
f 235//297 239//297 236//297
f 237//298 240//298 238//298
f 237//299 238//299 235//299
f 211//300 214//300 240//300
f 211//301 240//301 237//301
f 218//58 217//58 241//58
f 218//4 241//4 242//4
f 242//302 241//302 243//302
f 242//303 243//303 244//303
f 244//304 243//304 245//304
f 244//305 245//305 246//305
f 217//306 222//306 247//306
f 217//307 247//307 241//307
f 241//308 247//308 248//308
f 241//309 248//309 243//309
f 243//310 248//310 249//310
f 243//311 249//311 245//311
f 222//274 225//274 250//274
f 222//312 250//312 247//312
f 247//313 250//313 251//313
f 247//314 251//314 248//314
f 248//315 251//315 249//315
f 225//278 228//278 252//278
f 225//279 252//279 250//279
f 250//316 252//316 253//316
f 250//317 253//317 251//317
f 251//312 253//312 254//312
f 251//318 254//318 249//318
f 228//319 255//319 252//319
f 252//14 255//14 256//14
f 252//320 256//320 253//320
f 253//14 256//14 257//14
f 253//321 257//321 254//321
f 228//322 233//322 258//322
f 228//323 258//323 255//323
f 255//324 258//324 259//324
f 255//325 259//325 256//325
f 256//326 259//326 260//326
f 256//327 260//327 257//327
f 233//87 236//87 261//87
f 233//86 261//86 258//86
f 258//14 261//14 262//14
f 258//328 262//328 259//328
f 259//14 262//14 263//14
f 259//329 263//329 260//329
f 236//330 239//330 264//330
f 236//331 264//331 261//331
f 261//332 264//332 265//332
f 261//333 265//333 262//333
f 262//334 265//334 266//334
f 262//335 266//335 263//335
f 267//4 268//4 269//4
f 267//336 269//336 270//336
f 271//4 272//4 268//4
f 271//337 268//337 267//337
f 246//4 245//4 272//4
f 246//4 272//4 271//4
f 268//338 273//338 274//338
f 268//339 274//339 269//339
f 272//340 275//340 273//340
f 272//341 273//341 268//341
f 245//342 249//342 275//342
f 245//343 275//343 272//343
f 273//344 276//344 277//344
f 273//345 277//345 274//345
f 275//346 278//346 276//346
f 275//347 276//347 273//347
f 249//348 278//348 275//348
f 276//349 279//349 280//349
f 276//350 280//350 277//350
f 278//351 281//351 279//351
f 278//352 279//352 276//352
f 249//353 254//353 281//353
f 249//354 281//354 278//354
f 279//355 282//355 280//355
f 281//14 283//14 282//14
f 281//356 282//356 279//356
f 254//14 257//14 283//14
f 254//357 283//357 281//357
f 282//358 284//358 285//358
f 282//358 285//358 280//358
f 283//359 286//359 284//359
f 283//360 284//360 282//360
f 257//361 260//361 286//361
f 257//361 286//361 283//361
f 284//14 287//14 288//14
f 284//161 288//161 285//161
f 286//24 289//24 287//24
f 286//24 287//24 284//24
f 260//14 263//14 289//14
f 260//362 289//362 286//362
f 287//363 290//363 291//363
f 287//364 291//364 288//364
f 289//365 292//365 290//365
f 289//366 290//366 287//366
f 263//367 266//367 292//367
f 263//368 292//368 289//368
f 270//369 269//369 293//369
f 270//370 293//370 294//370
f 294//4 293//4 295//4
f 294//131 295//131 7//131
f 7//371 295//371 8//371
f 269//372 274//372 296//372
f 269//373 296//373 293//373
f 293//374 296//374 297//374
f 293//375 297//375 295//375
f 295//376 297//376 12//376
f 295//377 12//377 8//377
f 274//345 277//345 298//345
f 274//344 298//344 296//344
f 296//378 298//378 299//378
f 296//379 299//379 297//379
f 297//380 299//380 12//380
f 277//349 280//349 300//349
f 277//381 300//381 298//381
f 298//382 300//382 301//382
f 298//383 301//383 299//383
f 299//384 301//384 19//384
f 299//385 19//385 12//385
f 280//386 302//386 300//386
f 300//387 302//387 303//387
f 300//388 303//388 301//388
f 301//14 303//14 22//14
f 301//14 22//14 19//14
f 280//389 285//389 304//389
f 280//390 304//390 302//390
f 302//391 304//391 305//391
f 302//392 305//392 303//392
f 303//393 305//393 26//393
f 303//394 26//394 22//394
f 285//14 288//14 306//14
f 285//395 306//395 304//395
f 304//396 306//396 307//396
f 304//24 307//24 305//24
f 305//397 307//397 30//397
f 305//24 30//24 26//24
f 288//398 291//398 308//398
f 288//399 308//399 306//399
f 306//400 308//400 309//400
f 306//401 309//401 307//401
f 307//402 309//402 34//402
f 307//403 34//403 30//403
f 31//404 310//404 311//404
f 31//405 311//405 32//405
f 33//406 312//406 310//406
f 33//406 310//406 31//406
f 34//407 313//407 312//407
f 34//408 312//408 33//408
f 309//409 314//409 313//409
f 309//410 313//410 34//410
f 308//411 315//411 314//411
f 308//412 314//412 309//412
f 291//413 316//413 315//413
f 291//414 315//414 308//414
f 290//415 317//415 316//415
f 290//416 316//416 291//416
f 292//417 318//417 317//417
f 292//418 317//418 290//418
f 266//419 319//419 318//419
f 266//420 318//420 292//420
f 265//421 320//421 319//421
f 265//422 319//422 266//422
f 264//423 321//423 320//423
f 264//424 320//424 265//424
f 239//425 322//425 321//425
f 239//426 321//426 264//426
f 238//427 323//427 322//427
f 238//428 322//428 239//428
f 240//429 324//429 323//429
f 240//430 323//430 238//430
f 214//431 325//431 324//431
f 214//432 324//432 240//432
f 213//433 326//433 325//433
f 213//434 325//434 214//434
f 212//435 327//435 326//435
f 212//436 326//436 213//436
f 187//437 328//437 327//437
f 187//438 327//438 212//438
f 186//439 329//439 328//439
f 186//440 328//440 187//440
f 188//441 330//441 329//441
f 188//442 329//442 186//442
f 162//443 331//443 330//443
f 162//444 330//444 188//444
f 161//445 332//445 331//445
f 161//446 331//446 162//446
f 160//447 333//447 332//447
f 160//448 332//448 161//448
f 136//449 334//449 333//449
f 136//450 333//450 160//450
f 135//451 335//451 334//451
f 135//452 334//452 136//452
f 137//453 336//453 335//453
f 137//454 335//454 135//454
f 111//455 337//455 336//455
f 111//456 336//456 137//456
f 110//457 338//457 337//457
f 110//458 337//458 111//458
f 109//459 339//459 338//459
f 109//460 338//460 110//460
f 84//461 340//461 339//461
f 84//462 339//462 109//462
f 83//463 341//463 340//463
f 83//464 340//464 84//464
f 85//465 342//465 341//465
f 85//466 341//466 83//466
f 60//467 343//467 342//467
f 60//468 342//468 85//468
f 59//469 344//469 343//469
f 59//470 343//470 60//470
f 58//471 345//471 344//471
f 58//471 344//471 59//471
f 32//472 311//472 345//472
f 32//473 345//473 58//473
f 310//474 346//474 347//474
f 310//475 347//475 311//475
f 312//476 348//476 346//476
f 312//477 346//477 310//477
f 313//478 349//478 348//478
f 313//479 348//479 312//479
f 314//480 350//480 349//480
f 314//481 349//481 313//481
f 315//482 351//482 350//482
f 315//483 350//483 314//483
f 316//484 352//484 351//484
f 316//485 351//485 315//485
f 317//486 353//486 352//486
f 317//487 352//487 316//487
f 318//488 354//488 353//488
f 318//489 353//489 317//489
f 319//490 355//490 354//490
f 319//491 354//491 318//491
f 320//492 356//492 355//492
f 320//493 355//493 319//493
f 321//494 357//494 356//494
f 321//495 356//495 320//495
f 322//496 358//496 357//496
f 322//497 357//497 321//497
f 323//498 359//498 358//498
f 323//499 358//499 322//499
f 324//500 360//500 359//500
f 324//501 359//501 323//501
f 325//502 361//502 360//502
f 325//503 360//503 324//503
f 326//504 362//504 361//504
f 326//505 361//505 325//505
f 327//506 363//506 362//506
f 327//507 362//507 326//507
f 328//508 364//508 363//508
f 328//509 363//509 327//509
f 329//510 365//510 364//510
f 329//511 364//511 328//511
f 330//512 366//512 365//512
f 330//513 365//513 329//513
f 331//514 367//514 366//514
f 331//515 366//515 330//515
f 332//516 368//516 367//516
f 332//517 367//517 331//517
f 333//518 369//518 368//518
f 333//519 368//519 332//519
f 334//520 370//520 369//520
f 334//521 369//521 333//521
f 335//522 371//522 370//522
f 335//523 370//523 334//523
f 336//524 372//524 371//524
f 336//525 371//525 335//525
f 337//526 373//526 372//526
f 337//527 372//527 336//527
f 338//528 374//528 373//528
f 338//529 373//529 337//529
f 339//530 375//530 374//530
f 339//531 374//531 338//531
f 340//532 376//532 375//532
f 340//533 375//533 339//533
f 341//534 377//534 376//534
f 341//535 376//535 340//535
f 342//536 378//536 377//536
f 342//537 377//537 341//537
f 343//538 379//538 378//538
f 343//539 378//539 342//539
f 344//540 380//540 379//540
f 344//541 379//541 343//541
f 345//542 381//542 380//542
f 345//543 380//543 344//543
f 311//544 347//544 381//544
f 311//545 381//545 345//545
f 379//546 382//546 378//546
f 380//547 383//547 382//547
f 380//548 382//548 379//548
f 381//549 384//549 383//549
f 381//550 383//550 380//550
f 347//551 385//551 384//551
f 347//552 384//552 381//552
f 365//553 386//553 364//553
f 366//554 387//554 386//554
f 366//555 386//555 365//555
f 367//556 388//556 387//556
f 367//557 387//557 366//557
f 368//558 389//558 388//558
f 368//559 388//559 367//559
f 369//560 390//560 389//560
f 369//561 389//561 368//561
f 370//562 391//562 390//562
f 370//563 390//563 369//563
f 371//564 392//564 391//564
f 371//565 391//565 370//565
f 372//566 393//566 392//566
f 372//567 392//567 371//567
f 373//568 394//568 393//568
f 373//569 393//569 372//569
f 374//570 395//570 394//570
f 374//571 394//571 373//571
f 375//572 396//572 395//572
f 375//573 395//573 374//573
f 376//574 397//574 396//574
f 376//575 396//575 375//575
f 377//576 398//576 397//576
f 377//577 397//577 376//577
f 378//578 399//578 398//578
f 378//579 398//579 377//579
f 382//580 400//580 399//580
f 382//581 399//581 378//581
f 383//582 401//582 400//582
f 383//583 400//583 382//583
f 384//584 402//584 401//584
f 384//585 401//585 383//585
f 385//586 403//586 402//586
f 385//587 402//587 384//587
f 361//588 404//588 360//588
f 362//589 405//589 404//589
f 362//590 404//590 361//590
f 363//591 406//591 405//591
f 363//592 405//592 362//592
f 364//593 407//593 406//593
f 364//594 406//594 363//594
f 386//595 408//595 407//595
f 386//595 407//595 364//595
f 387//596 409//596 408//596
f 387//597 408//597 386//597
f 388//598 410//598 409//598
f 388//599 409//599 387//599
f 389//600 411//600 410//600
f 389//601 410//601 388//601
f 390//602 412//602 411//602
f 390//603 411//603 389//603
f 391//604 413//604 412//604
f 391//605 412//605 390//605
f 392//606 414//606 413//606
f 392//607 413//607 391//607
f 393//608 415//608 414//608
f 393//609 414//609 392//609
f 394//610 416//610 415//610
f 394//611 415//611 393//611
f 395//612 417//612 416//612
f 395//613 416//613 394//613
f 396//614 418//614 417//614
f 396//615 417//615 395//615
f 397//616 419//616 418//616
f 397//617 418//617 396//617
f 398//618 420//618 419//618
f 398//619 419//619 397//619
f 399//620 421//620 420//620
f 399//621 420//621 398//621
f 400//622 422//622 421//622
f 400//623 421//623 399//623
f 401//624 423//624 422//624
f 401//625 422//625 400//625
f 402//626 424//626 423//626
f 402//627 423//627 401//627
f 403//551 425//551 424//551
f 403//628 424//628 402//628
f 346//629 426//629 347//629
f 348//630 427//630 426//630
f 348//631 426//631 346//631
f 349//632 428//632 427//632
f 349//633 427//633 348//633
f 350//634 429//634 428//634
f 350//635 428//635 349//635
f 351//636 430//636 429//636
f 351//637 429//637 350//637
f 352//638 431//638 430//638
f 352//639 430//639 351//639
f 353//640 432//640 431//640
f 353//641 431//641 352//641
f 354//642 433//642 432//642
f 354//643 432//643 353//643
f 355//644 434//644 433//644
f 355//645 433//645 354//645
f 356//646 435//646 434//646
f 356//647 434//647 355//647
f 357//648 436//648 435//648
f 357//649 435//649 356//649
f 358//650 437//650 436//650
f 358//651 436//651 357//651
f 359//652 438//652 437//652
f 359//653 437//653 358//653
f 360//654 439//654 438//654
f 360//655 438//655 359//655
f 404//656 440//656 439//656
f 404//657 439//657 360//657
f 405//658 441//658 440//658
f 405//659 440//659 404//659
f 406//660 442//660 441//660
f 406//661 441//661 405//661
f 407//662 443//662 442//662
f 407//663 442//663 406//663
f 408//664 444//664 443//664
f 408//665 443//665 407//665
f 409//666 445//666 444//666
f 409//667 444//667 408//667
f 410//668 446//668 445//668
f 410//669 445//669 409//669
f 411//670 447//670 446//670
f 411//671 446//671 410//671
f 412//672 448//672 447//672
f 412//673 447//673 411//673
f 413//674 449//674 448//674
f 413//675 448//675 412//675
f 414//676 450//676 449//676
f 414//677 449//677 413//677
f 415//678 451//678 450//678
f 415//679 450//679 414//679
f 416//680 452//680 451//680
f 416//681 451//681 415//681
f 417//682 453//682 452//682
f 417//683 452//683 416//683
f 418//684 454//684 453//684
f 418//685 453//685 417//685
f 419//686 455//686 454//686
f 419//687 454//687 418//687
f 420//688 456//688 455//688
f 420//689 455//689 419//689
f 421//690 457//690 456//690
f 421//691 456//691 420//691
f 422//692 458//692 457//692
f 422//693 457//693 421//693
f 423//694 459//694 458//694
f 423//695 458//695 422//695
f 424//696 460//696 459//696
f 424//697 459//697 423//697
f 425//698 461//698 460//698
f 425//699 460//699 424//699
f 426//700 462//700 385//700
f 426//701 385//701 347//701
f 427//702 463//702 462//702
f 427//703 462//703 426//703
f 428//704 464//704 463//704
f 428//705 463//705 427//705
f 429//706 465//706 464//706
f 429//707 464//707 428//707
f 430//708 466//708 465//708
f 430//709 465//709 429//709
f 431//710 467//710 466//710
f 431//711 466//711 430//711
f 432//712 468//712 467//712
f 432//713 467//713 431//713
f 433//714 469//714 468//714
f 433//715 468//715 432//715
f 434//716 470//716 469//716
f 434//717 469//717 433//717
f 435//718 471//718 470//718
f 435//719 470//719 434//719
f 436//720 472//720 471//720
f 436//721 471//721 435//721
f 437//722 473//722 472//722
f 437//723 472//723 436//723
f 438//724 474//724 473//724
f 438//725 473//725 437//725
f 439//726 475//726 474//726
f 439//727 474//727 438//727
f 440//728 476//728 475//728
f 440//729 475//729 439//729
f 441//730 477//730 476//730
f 441//731 476//731 440//731
f 442//732 478//732 477//732
f 442//733 477//733 441//733
f 443//593 479//593 478//593
f 443//734 478//734 442//734
f 444//735 480//735 479//735
f 444//595 479//595 443//595
f 445//596 481//596 480//596
f 445//736 480//736 444//736
f 446//737 482//737 481//737
f 446//738 481//738 445//738
f 447//600 483//600 482//600
f 447//739 482//739 446//739
f 448//740 484//740 483//740
f 448//741 483//741 447//741
f 449//604 485//604 484//604
f 449//742 484//742 448//742
f 450//743 486//743 485//743
f 450//744 485//744 449//744
f 451//608 487//608 486//608
f 451//745 486//745 450//745
f 452//746 488//746 487//746
f 452//610 487//610 451//610
f 453//747 489//747 488//747
f 453//748 488//748 452//748
f 454//749 490//749 489//749
f 454//750 489//750 453//750
f 455//751 491//751 490//751
f 455//752 490//752 454//752
f 456//618 492//618 491//618
f 456//619 491//619 455//619
f 457//620 493//620 492//620
f 457//621 492//621 456//621
f 458//753 494//753 493//753
f 458//754 493//754 457//754
f 459//755 495//755 494//755
f 459//756 494//756 458//756
f 460//757 496//757 495//757
f 460//627 495//627 459//627
f 461//551 497//551 496//551
f 461//758 496//758 460//758
f 462//759 498//759 403//759
f 462//760 403//760 385//760
f 463//761 499//761 498//761
f 463//762 498//762 462//762
f 464//763 500//763 499//763
f 464//764 499//764 463//764
f 465//765 501//765 500//765
f 465//766 500//766 464//766
f 466//767 502//767 501//767
f 466//768 501//768 465//768
f 467//769 503//769 502//769
f 467//770 502//770 466//770
f 468//771 504//771 503//771
f 468//772 503//772 467//772
f 469//773 505//773 504//773
f 469//774 504//774 468//774
f 470//775 506//775 505//775
f 470//776 505//776 469//776
f 471//777 507//777 506//777
f 471//778 506//778 470//778
f 472//779 508//779 507//779
f 472//780 507//780 471//780
f 473//781 509//781 508//781
f 473//782 508//782 472//782
f 474//783 510//783 509//783
f 474//784 509//784 473//784
f 475//785 511//785 510//785
f 475//786 510//786 474//786
f 476//787 512//787 511//787
f 476//788 511//788 475//788
f 477//789 513//789 512//789
f 477//790 512//790 476//790
f 478//791 514//791 513//791
f 478//792 513//792 477//792
f 479//793 515//793 514//793
f 479//794 514//794 478//794
f 480//795 516//795 515//795
f 480//796 515//796 479//796
f 481//797 517//797 516//797
f 481//798 516//798 480//798
f 482//799 518//799 517//799
f 482//800 517//800 481//800
f 483//801 519//801 518//801
f 483//802 518//802 482//802
f 484//803 520//803 519//803
f 484//804 519//804 483//804
f 485//805 521//805 520//805
f 485//806 520//806 484//806
f 486//807 522//807 521//807
f 486//808 521//808 485//808
f 487//809 523//809 522//809
f 487//810 522//810 486//810
f 488//811 524//811 523//811
f 488//812 523//812 487//812
f 489//813 525//813 524//813
f 489//814 524//814 488//814
f 490//815 526//815 525//815
f 490//816 525//816 489//816
f 491//817 527//817 526//817
f 491//818 526//818 490//818
f 492//819 528//819 527//819
f 492//820 527//820 491//820
f 493//821 529//821 528//821
f 493//822 528//822 492//822
f 494//823 530//823 529//823
f 494//824 529//824 493//824
f 495//825 531//825 530//825
f 495//826 530//826 494//826
f 496//827 532//827 531//827
f 496//828 531//828 495//828
f 497//829 533//829 532//829
f 497//830 532//830 496//830
f 498//831 534//831 425//831
f 498//832 425//832 403//832
f 499//833 535//833 534//833
f 499//834 534//834 498//834
f 500//835 536//835 535//835
f 500//836 535//836 499//836
f 501//837 537//837 536//837
f 501//838 536//838 500//838
f 502//839 538//839 537//839
f 502//840 537//840 501//840
f 503//841 539//841 538//841
f 503//842 538//842 502//842
f 504//843 540//843 539//843
f 504//844 539//844 503//844
f 505//845 541//845 540//845
f 505//846 540//846 504//846
f 506//847 542//847 541//847
f 506//848 541//848 505//848
f 507//849 543//849 542//849
f 507//850 542//850 506//850
f 508//851 544//851 543//851
f 508//852 543//852 507//852
f 509//853 545//853 544//853
f 509//854 544//854 508//854
f 510//855 546//855 545//855
f 510//856 545//856 509//856
f 511//857 547//857 546//857
f 511//858 546//858 510//858
f 512//859 548//859 547//859
f 512//860 547//860 511//860
f 513//861 549//861 548//861
f 513//862 548//862 512//862
f 514//863 550//863 549//863
f 514//864 549//864 513//864
f 515//865 551//865 550//865
f 515//866 550//866 514//866
f 516//867 552//867 551//867
f 516//868 551//868 515//868
f 517//869 553//869 552//869
f 517//870 552//870 516//870
f 518//871 554//871 553//871
f 518//872 553//872 517//872
f 519//873 555//873 554//873
f 519//874 554//874 518//874
f 520//875 556//875 555//875
f 520//876 555//876 519//876
f 521//877 557//877 556//877
f 521//878 556//878 520//878
f 522//879 558//879 557//879
f 522//880 557//880 521//880
f 523//881 559//881 558//881
f 523//882 558//882 522//882
f 524//883 560//883 559//883
f 524//884 559//884 523//884
f 525//885 561//885 560//885
f 525//886 560//886 524//886
f 526//887 562//887 561//887
f 526//888 561//888 525//888
f 527//889 563//889 562//889
f 527//890 562//890 526//890
f 528//891 564//891 563//891
f 528//892 563//892 527//892
f 529//893 565//893 564//893
f 529//894 564//894 528//894
f 530//895 566//895 565//895
f 530//896 565//896 529//896
f 531//897 567//897 566//897
f 531//898 566//898 530//898
f 532//899 568//899 567//899
f 532//899 567//899 531//899
f 533//900 569//900 568//900
f 533//901 568//901 532//901
f 534//902 570//902 461//902
f 534//903 461//903 425//903
f 535//904 571//904 570//904
f 535//905 570//905 534//905
f 536//906 572//906 571//906
f 536//907 571//907 535//907
f 537//908 573//908 572//908
f 537//909 572//909 536//909
f 538//910 574//910 573//910
f 538//911 573//911 537//911
f 539//912 575//912 574//912
f 539//913 574//913 538//913
f 540//914 576//914 575//914
f 540//915 575//915 539//915
f 541//916 577//916 576//916
f 541//917 576//917 540//917
f 542//918 578//918 577//918
f 542//919 577//919 541//919
f 543//920 579//920 578//920
f 543//921 578//921 542//921
f 544//922 580//922 579//922
f 544//923 579//923 543//923
f 545//924 581//924 580//924
f 545//925 580//925 544//925
f 546//926 582//926 581//926
f 546//927 581//927 545//927
f 547//928 583//928 582//928
f 547//929 582//929 546//929
f 548//930 584//930 583//930
f 548//931 583//931 547//931
f 549//932 585//932 584//932
f 549//933 584//933 548//933
f 550//934 586//934 585//934
f 550//935 585//935 549//935
f 551//936 587//936 586//936
f 551//937 586//937 550//937
f 552//938 588//938 587//938
f 552//939 587//939 551//939
f 553//940 589//940 588//940
f 553//941 588//941 552//941
f 554//942 590//942 589//942
f 554//943 589//943 553//943
f 555//944 591//944 590//944
f 555//945 590//945 554//945
f 556//946 592//946 591//946
f 556//947 591//947 555//947
f 557//948 593//948 592//948
f 557//949 592//949 556//949
f 558//950 594//950 593//950
f 558//951 593//951 557//951
f 559//952 595//952 594//952
f 559//953 594//953 558//953
f 560//954 596//954 595//954
f 560//955 595//955 559//955
f 561//956 597//956 596//956
f 561//957 596//957 560//957
f 562//958 598//958 597//958
f 562//959 597//959 561//959
f 563//960 599//960 598//960
f 563//961 598//961 562//961
f 564//962 600//962 599//962
f 564//963 599//963 563//963
f 565//964 601//964 600//964
f 565//965 600//965 564//965
f 566//966 602//966 601//966
f 566//967 601//967 565//967
f 567//968 603//968 602//968
f 567//969 602//969 566//969
f 568//970 604//970 603//970
f 568//971 603//971 567//971
f 569//972 605//972 604//972
f 569//973 604//973 568//973
f 570//700 606//700 497//700
f 570//974 497//974 461//974
f 571//702 607//702 606//702
f 571//702 606//702 570//702
f 572//975 608//975 607//975
f 572//976 607//976 571//976
f 573//706 609//706 608//706
f 573//707 608//707 572//707
f 574//708 610//708 609//708
f 574//977 609//977 573//977
f 575//710 611//710 610//710
f 575//711 610//711 574//711
f 576//978 612//978 611//978
f 576//979 611//979 575//979
f 577//980 613//980 612//980
f 577//715 612//715 576//715
f 578//981 614//981 613//981
f 578//717 613//717 577//717
f 579//719 615//719 614//719
f 579//982 614//982 578//982
f 580//983 616//983 615//983
f 580//721 615//721 579//721
f 581//984 617//984 616//984
f 581//723 616//723 580//723
f 582//724 618//724 617//724
f 582//725 617//725 581//725
f 583//985 619//985 618//985
f 583//727 618//727 582//727
f 584//728 620//728 619//728
f 584//986 619//986 583//986
f 585//987 621//987 620//987
f 585//988 620//988 584//988
f 586//989 622//989 621//989
f 586//733 621//733 585//733
f 587//593 623//593 622//593
f 587//990 622//990 586//990
f 588//595 624//595 623//595
f 588//595 623//595 587//595
f 589//597 625//597 624//597
f 589//596 624//596 588//596
f 590//991 626//991 625//991
f 590//992 625//992 589//992
f 591//600 627//600 626//600
f 591//993 626//993 590//993
f 592//602 628//602 627//602
f 592//741 627//741 591//741
f 593//994 629//994 628//994
f 593//605 628//605 592//605
f 594//995 630//995 629//995
f 594//607 629//607 593//607
f 595//996 631//996 630//996
f 595//609 630//609 594//609
f 596//997 632//997 631//997
f 596//998 631//998 595//998
f 597//999 633//999 632//999
f 597//613 632//613 596//613
f 598//1000 634//1000 633//1000
f 598//1001 633//1001 597//1001
f 599//1002 635//1002 634//1002
f 599//1003 634//1003 598//1003
f 600//618 636//618 635//618
f 600//1004 635//1004 599//1004
f 601//1005 637//1005 636//1005
f 601//621 636//621 600//621
f 602//622 638//622 637//622
f 602//1006 637//1006 601//1006
f 603//1007 639//1007 638//1007
f 603//625 638//625 602//625
f 604//757 640//757 639//757
f 604//1008 639//1008 603//1008
f 605//1009 641//1009 640//1009
f 605//758 640//758 604//758
f 606//1010 642//1010 533//1010
f 606//1011 533//1011 497//1011
f 607//1012 643//1012 642//1012
f 607//1013 642//1013 606//1013
f 608//1014 644//1014 643//1014
f 608//1015 643//1015 607//1015
f 609//1016 645//1016 644//1016
f 609//1017 644//1017 608//1017
f 610//1018 646//1018 645//1018
f 610//1019 645//1019 609//1019
f 611//1020 647//1020 646//1020
f 611//1021 646//1021 610//1021
f 612//1022 648//1022 647//1022
f 612//1023 647//1023 611//1023
f 613//1024 649//1024 648//1024
f 613//1025 648//1025 612//1025
f 614//1026 650//1026 649//1026
f 614//1027 649//1027 613//1027
f 615//1028 651//1028 650//1028
f 615//1029 650//1029 614//1029
f 616//1030 652//1030 651//1030
f 616//1031 651//1031 615//1031
f 617//1032 653//1032 652//1032
f 617//1033 652//1033 616//1033
f 618//1034 654//1034 653//1034
f 618//1035 653//1035 617//1035
f 619//1036 655//1036 654//1036
f 619//1037 654//1037 618//1037
f 620//1038 656//1038 655//1038
f 620//1039 655//1039 619//1039
f 621//1040 657//1040 656//1040
f 621//1041 656//1041 620//1041
f 622//1042 658//1042 657//1042
f 622//1043 657//1043 621//1043
f 623//1044 659//1044 658//1044
f 623//1045 658//1045 622//1045
f 624//1046 660//1046 659//1046
f 624//1047 659//1047 623//1047
f 625//1048 661//1048 660//1048
f 625//1049 660//1049 624//1049
f 626//1050 662//1050 661//1050
f 626//1051 661//1051 625//1051
f 627//1052 663//1052 662//1052
f 627//1053 662//1053 626//1053
f 628//1054 664//1054 663//1054
f 628//1055 663//1055 627//1055
f 629//1056 665//1056 664//1056
f 629//1057 664//1057 628//1057
f 630//1058 666//1058 665//1058
f 630//1059 665//1059 629//1059
f 631//1060 667//1060 666//1060
f 631//1061 666//1061 630//1061
f 632//1062 668//1062 667//1062
f 632//1063 667//1063 631//1063
f 633//1064 669//1064 668//1064
f 633//1065 668//1065 632//1065
f 634//1066 670//1066 669//1066
f 634//1067 669//1067 633//1067
f 635//1068 671//1068 670//1068
f 635//1069 670//1069 634//1069
f 636//1070 672//1070 671//1070
f 636//1071 671//1071 635//1071
f 637//1072 673//1072 672//1072
f 637//1073 672//1073 636//1073
f 638//1074 674//1074 673//1074
f 638//1075 673//1075 637//1075
f 639//1076 675//1076 674//1076
f 639//1077 674//1077 638//1077
f 640//1078 676//1078 675//1078
f 640//1079 675//1079 639//1079
f 641//1080 677//1080 676//1080
f 641//1081 676//1081 640//1081
f 642//1082 678//1082 569//1082
f 642//1083 569//1083 533//1083
f 643//1084 679//1084 678//1084
f 643//1085 678//1085 642//1085
f 644//1086 680//1086 679//1086
f 644//1087 679//1087 643//1087
f 645//1088 681//1088 680//1088
f 645//1089 680//1089 644//1089
f 646//1090 682//1090 681//1090
f 646//1091 681//1091 645//1091
f 647//1092 683//1092 682//1092
f 647//1093 682//1093 646//1093
f 648//1094 684//1094 683//1094
f 648//1095 683//1095 647//1095
f 649//1096 685//1096 684//1096
f 649//1097 684//1097 648//1097
f 650//1098 686//1098 685//1098
f 650//1099 685//1099 649//1099
f 651//1100 687//1100 686//1100
f 651//1101 686//1101 650//1101
f 652//1102 688//1102 687//1102
f 652//1103 687//1103 651//1103
f 653//1104 689//1104 688//1104
f 653//1105 688//1105 652//1105
f 654//1106 690//1106 689//1106
f 654//1107 689//1107 653//1107
f 655//1108 691//1108 690//1108
f 655//1109 690//1109 654//1109
f 656//1110 692//1110 691//1110
f 656//1111 691//1111 655//1111
f 657//1112 693//1112 692//1112
f 657//1113 692//1113 656//1113
f 658//1114 694//1114 693//1114
f 658//1115 693//1115 657//1115
f 659//1116 695//1116 694//1116
f 659//1117 694//1117 658//1117
f 660//1118 696//1118 695//1118
f 660//1119 695//1119 659//1119
f 661//1120 697//1120 696//1120
f 661//1121 696//1121 660//1121
f 662//1122 698//1122 697//1122
f 662//1123 697//1123 661//1123
f 663//1124 699//1124 698//1124
f 663//1125 698//1125 662//1125
f 664//1126 700//1126 699//1126
f 664//1127 699//1127 663//1127
f 665//1128 701//1128 700//1128
f 665//1129 700//1129 664//1129
f 666//1130 702//1130 701//1130
f 666//1131 701//1131 665//1131
f 667//1132 703//1132 702//1132
f 667//1133 702//1133 666//1133
f 668//1134 704//1134 703//1134
f 668//1135 703//1135 667//1135
f 669//1136 705//1136 704//1136
f 669//1137 704//1137 668//1137
f 670//1138 706//1138 705//1138
f 670//1139 705//1139 669//1139
f 671//1140 707//1140 706//1140
f 671//1141 706//1141 670//1141
f 672//1142 708//1142 707//1142
f 672//1143 707//1143 671//1143
f 673//1144 709//1144 708//1144
f 673//1145 708//1145 672//1145
f 674//1146 710//1146 709//1146
f 674//1147 709//1147 673//1147
f 675//1148 711//1148 710//1148
f 675//1149 710//1149 674//1149
f 676//1150 712//1150 711//1150
f 676//1151 711//1151 675//1151
f 677//1152 713//1152 712//1152
f 677//1153 712//1153 676//1153
f 678//1154 714//1154 605//1154
f 678//1155 605//1155 569//1155
f 679//1156 715//1156 714//1156
f 679//1157 714//1157 678//1157
f 680//1158 716//1158 715//1158
f 680//1159 715//1159 679//1159
f 681//1160 717//1160 716//1160
f 681//1161 716//1161 680//1161
f 682//1162 718//1162 717//1162
f 682//1163 717//1163 681//1163
f 683//1164 719//1164 718//1164
f 683//1165 718//1165 682//1165
f 684//1166 720//1166 719//1166
f 684//1167 719//1167 683//1167
f 685//1168 721//1168 720//1168
f 685//1169 720//1169 684//1169
f 686//1170 722//1170 721//1170
f 686//1171 721//1171 685//1171
f 687//1172 723//1172 722//1172
f 687//1173 722//1173 686//1173
f 688//1174 724//1174 723//1174
f 688//1175 723//1175 687//1175
f 689//1176 725//1176 724//1176
f 689//1177 724//1177 688//1177
f 690//1178 726//1178 725//1178
f 690//1179 725//1179 689//1179
f 691//1180 727//1180 726//1180
f 691//1181 726//1181 690//1181
f 692//1182 728//1182 727//1182
f 692//1183 727//1183 691//1183
f 693//1184 729//1184 728//1184
f 693//1185 728//1185 692//1185
f 694//1186 730//1186 729//1186
f 694//1187 729//1187 693//1187
f 695//1188 731//1188 730//1188
f 695//1189 730//1189 694//1189
f 696//1190 732//1190 731//1190
f 696//1191 731//1191 695//1191
f 697//1192 733//1192 732//1192
f 697//1193 732//1193 696//1193
f 698//1194 734//1194 733//1194
f 698//1195 733//1195 697//1195
f 699//1196 735//1196 734//1196
f 699//1197 734//1197 698//1197
f 700//1198 736//1198 735//1198
f 700//1199 735//1199 699//1199
f 701//1200 737//1200 736//1200
f 701//1201 736//1201 700//1201
f 702//1202 738//1202 737//1202
f 702//1203 737//1203 701//1203
f 703//1204 739//1204 738//1204
f 703//1205 738//1205 702//1205
f 704//1206 740//1206 739//1206
f 704//1207 739//1207 703//1207
f 705//1208 741//1208 740//1208
f 705//1209 740//1209 704//1209
f 706//1210 742//1210 741//1210
f 706//1211 741//1211 705//1211
f 707//1212 743//1212 742//1212
f 707//1213 742//1213 706//1213
f 708//1214 744//1214 743//1214
f 708//1215 743//1215 707//1215
f 709//1216 745//1216 744//1216
f 709//1217 744//1217 708//1217
f 710//1218 746//1218 745//1218
f 710//1219 745//1219 709//1219
f 711//1220 747//1220 746//1220
f 711//1221 746//1221 710//1221
f 712//1222 748//1222 747//1222
f 712//1223 747//1223 711//1223
f 713//1224 749//1224 748//1224
f 713//1225 748//1225 712//1225
f 714//700 750//700 641//700
f 714//1226 641//1226 605//1226
f 715//1227 751//1227 750//1227
f 715//702 750//702 714//702
f 716//1228 752//1228 751//1228
f 716//1229 751//1229 715//1229
f 717//706 753//706 752//706
f 717//1230 752//1230 716//1230
f 718//708 754//708 753//708
f 718//977 753//977 717//977
f 719//1231 755//1231 754//1231
f 719//711 754//711 718//711
f 720//712 756//712 755//712
f 720//713 755//713 719//713
f 721//714 757//714 756//714
f 721//715 756//715 720//715
f 722//717 758//717 757//717
f 722//716 757//716 721//716
f 723//1232 759//1232 758//1232
f 723//719 758//719 722//719
f 724//720 760//720 759//720
f 724//721 759//721 723//721
f 725//722 761//722 760//722
f 725//723 760//723 724//723
f 726//1233 762//1233 761//1233
f 726//725 761//725 725//725
f 727//726 763//726 762//726
f 727//727 762//727 726//727
f 728//728 764//728 763//728
f 728//986 763//986 727//986
f 729//1234 765//1234 764//1234
f 729//1235 764//1235 728//1235
f 730//733 766//733 765//733
f 730//989 765//989 729//989
f 731//593 767//593 766//593
f 731//593 766//593 730//593
f 732//595 768//595 767//595
f 732//595 767//595 731//595
f 733//597 769//597 768//597
f 733//596 768//596 732//596
f 734//1236 770//1236 769//1236
f 734//1237 769//1237 733//1237
f 735//600 771//600 770//600
f 735//993 770//993 734//993
f 736//602 772//602 771//602
f 736//741 771//741 735//741
f 737//994 773//994 772//994
f 737//605 772//605 736//605
f 738//606 774//606 773//606
f 738//607 773//607 737//607
f 739//1238 775//1238 774//1238
f 739//609 774//609 738//609
f 740//611 776//611 775//611
f 740//610 775//610 739//610
f 741//612 777//612 776//612
f 741//1239 776//1239 740//1239
f 742//1240 778//1240 777//1240
f 742//615 777//615 741//615
f 743//751 779//751 778//751
f 743//617 778//617 742//617
f 744//618 780//618 779//618
f 744//1241 779//1241 743//1241
f 745//620 781//620 780//620
f 745//621 780//621 744//621
f 746//622 782//622 781//622
f 746//754 781//754 745//754
f 747//1242 783//1242 782//1242
f 747//1243 782//1243 746//1243
f 748//626 784//626 783//626
f 748//757 783//757 747//757
f 749//551 785//551 784//551
f 749//628 784//628 748//628
f 750//1244 786//1244 677//1244
f 750//1245 677//1245 641//1245
f 751//1246 787//1246 786//1246
f 751//1013 786//1013 750//1013
f 752//1247 788//1247 787//1247
f 752//1248 787//1248 751//1248
f 753//1249 789//1249 788//1249
f 753//1250 788//1250 752//1250
f 754//1251 790//1251 789//1251
f 754//1252 789//1252 753//1252
f 755//1253 791//1253 790//1253
f 755//1254 790//1254 754//1254
f 756//1255 792//1255 791//1255
f 756//1256 791//1256 755//1256
f 757//1257 793//1257 792//1257
f 757//1258 792//1258 756//1258
f 758//1026 794//1026 793//1026
f 758//1259 793//1259 757//1259
f 759//1260 795//1260 794//1260
f 759//1261 794//1261 758//1261
f 760//1262 796//1262 795//1262
f 760//1263 795//1263 759//1263
f 761//1264 797//1264 796//1264
f 761//1265 796//1265 760//1265
f 762//1034 798//1034 797//1034
f 762//1266 797//1266 761//1266
f 763//1267 799//1267 798//1267
f 763//1268 798//1268 762//1268
f 764//1269 800//1269 799//1269
f 764//1270 799//1270 763//1270
f 765//1271 801//1271 800//1271
f 765//1272 800//1272 764//1272
f 766//1273 802//1273 801//1273
f 766//1274 801//1274 765//1274
f 767//1275 803//1275 802//1275
f 767//1276 802//1276 766//1276
f 768//1277 804//1277 803//1277
f 768//1278 803//1278 767//1278
f 769//1279 805//1279 804//1279
f 769//1280 804//1280 768//1280
f 770//1281 806//1281 805//1281
f 770//1282 805//1282 769//1282
f 771//1283 807//1283 806//1283
f 771//1284 806//1284 770//1284
f 772//1285 808//1285 807//1285
f 772//1286 807//1286 771//1286
f 773//1287 809//1287 808//1287
f 773//1288 808//1288 772//1288
f 774//1289 810//1289 809//1289
f 774//1290 809//1290 773//1290
f 775//1291 811//1291 810//1291
f 775//1292 810//1292 774//1292
f 776//1293 812//1293 811//1293
f 776//1294 811//1294 775//1294
f 777//1295 813//1295 812//1295
f 777//1296 812//1296 776//1296
f 778//1297 814//1297 813//1297
f 778//1298 813//1298 777//1298
f 779//1299 815//1299 814//1299
f 779//1300 814//1300 778//1300
f 780//1301 816//1301 815//1301
f 780//1302 815//1302 779//1302
f 781//1303 817//1303 816//1303
f 781//1304 816//1304 780//1304
f 782//1305 818//1305 817//1305
f 782//1306 817//1306 781//1306
f 783//1307 819//1307 818//1307
f 783//1308 818//1308 782//1308
f 784//1309 820//1309 819//1309
f 784//1310 819//1310 783//1310
f 785//1311 821//1311 820//1311
f 785//1312 820//1312 784//1312
f 786//1313 822//1313 713//1313
f 786//1314 713//1314 677//1314
f 787//1084 823//1084 822//1084
f 787//1085 822//1085 786//1085
f 788//1315 824//1315 823//1315
f 788//1316 823//1316 787//1316
f 789//1317 825//1317 824//1317
f 789//1089 824//1089 788//1089
f 790//1090 826//1090 825//1090
f 790//1318 825//1318 789//1318
f 791//1319 827//1319 826//1319
f 791//1093 826//1093 790//1093
f 792//1320 828//1320 827//1320
f 792//1095 827//1095 791//1095
f 793//1321 829//1321 828//1321
f 793//1097 828//1097 792//1097
f 794//1098 830//1098 829//1098
f 794//1322 829//1322 793//1322
f 795//1323 831//1323 830//1323
f 795//1324 830//1324 794//1324
f 796//1325 832//1325 831//1325
f 796//1326 831//1326 795//1326
f 797//1327 833//1327 832//1327
f 797//1328 832//1328 796//1328
f 798//1329 834//1329 833//1329
f 798//1330 833//1330 797//1330
f 799//1331 835//1331 834//1331
f 799//1332 834//1332 798//1332
f 800//1333 836//1333 835//1333
f 800//1110 835//1110 799//1110
f 801//1334 837//1334 836//1334
f 801//1335 836//1335 800//1335
f 802//1336 838//1336 837//1336
f 802//1337 837//1337 801//1337
f 803//1117 839//1117 838//1117
f 803//1338 838//1338 802//1338
f 804//1339 840//1339 839//1339
f 804//1340 839//1340 803//1340
f 805//1341 841//1341 840//1341
f 805//1342 840//1342 804//1342
f 806//1343 842//1343 841//1343
f 806//1344 841//1344 805//1344
f 807//1124 843//1124 842//1124
f 807//1345 842//1345 806//1345
f 808//561 844//561 843//561
f 808//1127 843//1127 807//1127
f 809//1128 845//1128 844//1128
f 809//1346 844//1346 808//1346
f 810//1347 846//1347 845//1347
f 810//1348 845//1348 809//1348
f 811//1349 847//1349 846//1349
f 811//1350 846//1350 810//1350
f 812//1351 848//1351 847//1351
f 812//1352 847//1352 811//1352
f 813//1136 849//1136 848//1136
f 813//1353 848//1353 812//1353
f 814//1354 850//1354 849//1354
f 814//1139 849//1139 813//1139
f 815//1355 851//1355 850//1355
f 815//1356 850//1356 814//1356
f 816//1357 852//1357 851//1357
f 816//1358 851//1358 815//1358
f 817//1144 853//1144 852//1144
f 817//1359 852//1359 816//1359
f 818//1360 854//1360 853//1360
f 818//1360 853//1360 817//1360
f 819//1148 855//1148 854//1148
f 819//1149 854//1149 818//1149
f 820//1150 856//1150 855//1150
f 820//1151 855//1151 819//1151
f 821//1153 857//1153 856//1153
f 821//1153 856//1153 820//1153
f 822//1361 858//1361 749//1361
f 822//1362 749//1362 713//1362
f 823//1363 859//1363 858//1363
f 823//1364 858//1364 822//1364
f 824//1365 860//1365 859//1365
f 824//1366 859//1366 823//1366
f 825//1367 861//1367 860//1367
f 825//1368 860//1368 824//1368
f 826//1369 862//1369 861//1369
f 826//1370 861//1370 825//1370
f 827//1371 863//1371 862//1371
f 827//1372 862//1372 826//1372
f 828//1373 864//1373 863//1373
f 828//1374 863//1374 827//1374
f 829//1375 865//1375 864//1375
f 829//1376 864//1376 828//1376
f 830//1377 866//1377 865//1377
f 830//1378 865//1378 829//1378
f 831//1379 867//1379 866//1379
f 831//1380 866//1380 830//1380
f 832//1381 868//1381 867//1381
f 832//1382 867//1382 831//1382
f 833//1383 869//1383 868//1383
f 833//1384 868//1384 832//1384
f 834//1385 870//1385 869//1385
f 834//1386 869//1386 833//1386
f 835//1387 871//1387 870//1387
f 835//1388 870//1388 834//1388
f 836//1389 872//1389 871//1389
f 836//1390 871//1390 835//1390
f 837//1391 873//1391 872//1391
f 837//1392 872//1392 836//1392
f 838//1393 874//1393 873//1393
f 838//1394 873//1394 837//1394
f 839//1395 875//1395 874//1395
f 839//1396 874//1396 838//1396
f 840//1397 876//1397 875//1397
f 840//1398 875//1398 839//1398
f 841//1399 877//1399 876//1399
f 841//1400 876//1400 840//1400
f 842//1401 878//1401 877//1401
f 842//1402 877//1402 841//1402
f 843//1403 879//1403 878//1403
f 843//1404 878//1404 842//1404
f 844//1405 880//1405 879//1405
f 844//1199 879//1199 843//1199
f 845//1406 881//1406 880//1406
f 845//1407 880//1407 844//1407
f 846//1408 882//1408 881//1408
f 846//1203 881//1203 845//1203
f 847//1409 883//1409 882//1409
f 847//1410 882//1410 846//1410
f 848//1411 884//1411 883//1411
f 848//1412 883//1412 847//1412
f 849//1413 885//1413 884//1413
f 849//1414 884//1414 848//1414
f 850//1415 886//1415 885//1415
f 850//1416 885//1416 849//1416
f 851//1417 887//1417 886//1417
f 851//1418 886//1418 850//1418
f 852//1419 888//1419 887//1419
f 852//1420 887//1420 851//1420
f 853//1421 889//1421 888//1421
f 853//1422 888//1422 852//1422
f 854//1423 890//1423 889//1423
f 854//1424 889//1424 853//1424
f 855//1425 891//1425 890//1425
f 855//1426 890//1426 854//1426
f 856//1427 892//1427 891//1427
f 856//1428 891//1428 855//1428
f 857//1429 893//1429 892//1429
f 857//1430 892//1430 856//1430
f 858//1431 894//1431 785//1431
f 858//700 785//700 749//700
f 859//702 895//702 894//702
f 859//1432 894//1432 858//1432
f 860//1433 896//1433 895//1433
f 860//976 895//976 859//976
f 861//706 897//706 896//706
f 861//1434 896//1434 860//1434
f 862//1435 898//1435 897//1435
f 862//977 897//977 861//977
f 863//1231 899//1231 898//1231
f 863//1436 898//1436 862//1436
f 864//1437 900//1437 899//1437
f 864//979 899//979 863//979
f 865//714 901//714 900//714
f 865//1438 900//1438 864//1438
f 866//1439 902//1439 901//1439
f 866//717 901//717 865//717
f 867//718 903//718 902//718
f 867//1440 902//1440 866//1440
f 868//1441 904//1441 903//1441
f 868//721 903//721 867//721
f 869//1442 905//1442 904//1442
f 869//1443 904//1443 868//1443
f 870//724 906//724 905//724
f 870//725 905//725 869//725
f 871//726 907//726 906//726
f 871//1444 906//1444 870//1444
f 872//728 908//728 907//728
f 872//986 907//986 871//986
f 873//987 909//987 908//987
f 873//988 908//988 872//988
f 874//733 910//733 909//733
f 874//733 909//733 873//733
f 875//593 911//593 910//593
f 875//990 910//990 874//990
f 876//595 912//595 911//595
f 876//1445 911//1445 875//1445
f 877//596 913//596 912//596
f 877//597 912//597 876//597
f 878//991 914//991 913//991
f 878//992 913//992 877//992
f 879//600 915//600 914//600
f 879//993 914//993 878//993
f 880//602 916//602 915//602
f 880//741 915//741 879//741
f 881//1446 917//1446 916//1446
f 881//605 916//605 880//605
f 882//995 918//995 917//995
f 882//607 917//607 881//607
f 883//1447 919//1447 918//1447
f 883//609 918//609 882//609
f 884//1448 920//1448 919//1448
f 884//611 919//611 883//611
f 885//1239 921//1239 920//1239
f 885//613 920//613 884//613
f 886//1449 922//1449 921//1449
f 886//615 921//615 885//615
f 887//1450 923//1450 922//1450
f 887//1003 922//1003 886//1003
f 888//618 924//618 923//618
f 888//619 923//619 887//619
f 889//620 925//620 924//620
f 889//621 924//621 888//621
f 890//622 926//622 925//622
f 890//623 925//623 889//623
f 891//1451 927//1451 926//1451
f 891//1452 926//1452 890//1452
f 892//627 928//627 927//627
f 892//627 927//627 891//627
f 893//551 929//551 928//551
f 893//758 928//758 892//758
f 894//1453 930//1453 821//1453
f 894//1454 821//1454 785//1454
f 895//1455 931//1455 930//1455
f 895//1456 930//1456 894//1456
f 896//1457 932//1457 931//1457
f 896//1458 931//1458 895//1458
f 897//1459 933//1459 932//1459
f 897//1460 932//1460 896//1460
f 898//1461 934//1461 933//1461
f 898//1252 933//1252 897//1252
f 899//1462 935//1462 934//1462
f 899//1463 934//1463 898//1463
f 900//1464 936//1464 935//1464
f 900//1465 935//1465 899//1465
f 901//1466 937//1466 936//1466
f 901//1467 936//1467 900//1467
f 902//1468 938//1468 937//1468
f 902//1469 937//1469 901//1469
f 903//1470 939//1470 938//1470
f 903//1471 938//1471 902//1471
f 904//1472 940//1472 939//1472
f 904//1473 939//1473 903//1473
f 905//1474 941//1474 940//1474
f 905//1475 940//1475 904//1475
f 906//1476 942//1476 941//1476
f 906//1477 941//1477 905//1477
f 907//1478 943//1478 942//1478
f 907//1479 942//1479 906//1479
f 908//1480 944//1480 943//1480
f 908//1481 943//1481 907//1481
f 909//1482 945//1482 944//1482
f 909//1483 944//1483 908//1483
f 910//1484 946//1484 945//1484
f 910//1485 945//1485 909//1485
f 911//1486 947//1486 946//1486
f 911//1487 946//1487 910//1487
f 912//1488 948//1488 947//1488
f 912//1278 947//1278 911//1278
f 913//1489 949//1489 948//1489
f 913//1490 948//1490 912//1490
f 914//1491 950//1491 949//1491
f 914//1492 949//1492 913//1492
f 915//1283 951//1283 950//1283
f 915//1493 950//1493 914//1493
f 916//1494 952//1494 951//1494
f 916//1495 951//1495 915//1495
f 917//1496 953//1496 952//1496
f 917//1497 952//1497 916//1497
f 918//1498 954//1498 953//1498
f 918//1059 953//1059 917//1059
f 919//1499 955//1499 954//1499
f 919//1500 954//1500 918//1500
f 920//1501 956//1501 955//1501
f 920//1502 955//1502 919//1502
f 921//1064 957//1064 956//1064
f 921//1065 956//1065 920//1065
f 922//1503 958//1503 957//1503
f 922//1504 957//1504 921//1504
f 923//1505 959//1505 958//1505
f 923//1506 958//1506 922//1506
f 924//1507 960//1507 959//1507
f 924//1508 959//1508 923//1508
f 925//1509 961//1509 960//1509
f 925//1510 960//1510 924//1510
f 926//1511 962//1511 961//1511
f 926//1075 961//1075 925//1075
f 927//1512 963//1512 962//1512
f 927//1513 962//1513 926//1513
f 928//1514 964//1514 963//1514
f 928//1079 963//1079 927//1079
f 929//1515 965//1515 964//1515
f 929//1516 964//1516 928//1516
f 930//1082 966//1082 857//1082
f 930//1314 857//1314 821//1314
f 931//1084 967//1084 966//1084
f 931//1517 966//1517 930//1517
f 932//1315 968//1315 967//1315
f 932//1316 967//1316 931//1316
f 933//1088 969//1088 968//1088
f 933//1089 968//1089 932//1089
f 934//1518 970//1518 969//1518
f 934//1091 969//1091 933//1091
f 935//1092 971//1092 970//1092
f 935//1093 970//1093 934//1093
f 936//1094 972//1094 971//1094
f 936//1519 971//1519 935//1519
f 937//1520 973//1520 972//1520
f 937//1521 972//1521 936//1521
f 938//1098 974//1098 973//1098
f 938//1322 973//1322 937//1322
f 939//1323 975//1323 974//1323
f 939//1324 974//1324 938//1324
f 940//1522 976//1522 975//1522
f 940//1523 975//1523 939//1523
f 941//1524 977//1524 976//1524
f 941//1525 976//1525 940//1525
f 942//1106 978//1106 977//1106
f 942//1330 977//1330 941//1330
f 943//1331 979//1331 978//1331
f 943//1332 978//1332 942//1332
f 944//1110 980//1110 979//1110
f 944//1110 979//1110 943//1110
f 945//1334 981//1334 980//1334
f 945//1113 980//1113 944//1113
f 946//1526 982//1526 981//1526
f 946//1337 981//1337 945//1337
f 947//1527 983//1527 982//1527
f 947//1117 982//1117 946//1117
f 948//1528 984//1528 983//1528
f 948//1529 983//1529 947//1529
f 949//1530 985//1530 984//1530
f 949//1531 984//1531 948//1531
f 950//1532 986//1532 985//1532
f 950//1344 985//1344 949//1344
f 951//1533 987//1533 986//1533
f 951//1124 986//1124 950//1124
f 952//1534 988//1534 987//1534
f 952//1127 987//1127 951//1127
f 953//1535 989//1535 988//1535
f 953//1536 988//1536 952//1536
f 954//1537 990//1537 989//1537
f 954//1538 989//1538 953//1538
f 955//1539 991//1539 990//1539
f 955//1540 990//1540 954//1540
f 956//1134 992//1134 991//1134
f 956//1541 991//1541 955//1541
f 957//1542 993//1542 992//1542
f 957//1137 992//1137 956//1137
f 958//1543 994//1543 993//1543
f 958//1544 993//1544 957//1544
f 959//1545 995//1545 994//1545
f 959//1141 994//1141 958//1141
f 960//1357 996//1357 995//1357
f 960//1546 995//1546 959//1546
f 961//1547 997//1547 996//1547
f 961//1145 996//1145 960//1145
f 962//1360 998//1360 997//1360
f 962//1548 997//1548 961//1548
f 963//1549 999//1549 998//1549
f 963//1550 998//1550 962//1550
f 964//1551 1000//1551 999//1551
f 964//1552 999//1552 963//1552
f 965//1553 1001//1553 1000//1553
f 965//1153 1000//1153 964//1153
f 966//1554 1002//1554 893//1554
f 966//1362 893//1362 857//1362
f 967//1555 1003//1555 1002//1555
f 967//1157 1002//1157 966//1157
f 968//1556 1004//1556 1003//1556
f 968//1557 1003//1557 967//1557
f 969//1558 1005//1558 1004//1558
f 969//1161 1004//1161 968//1161
f 970//1559 1006//1559 1005//1559
f 970//1560 1005//1560 969//1560
f 971//1164 1007//1164 1006//1164
f 971//1165 1006//1165 970//1165
f 972//1561 1008//1561 1007//1561
f 972//1167 1007//1167 971//1167
f 973//1562 1009//1562 1008//1562
f 973//1563 1008//1563 972//1563
f 974//1564 1010//1564 1009//1564
f 974//1565 1009//1565 973//1565
f 975//1172 1011//1172 1010//1172
f 975//1566 1010//1566 974//1566
f 976//1567 1012//1567 1011//1567
f 976//1568 1011//1568 975//1568
f 977//1569 1013//1569 1012//1569
f 977//1570 1012//1570 976//1570
f 978//1571 1014//1571 1013//1571
f 978//1572 1013//1572 977//1572
f 979//1180 1015//1180 1014//1180
f 979//1573 1014//1573 978//1573
f 980//1574 1016//1574 1015//1574
f 980//1183 1015//1183 979//1183
f 981//1184 1017//1184 1016//1184
f 981//1575 1016//1575 980//1575
f 982//1576 1018//1576 1017//1576
f 982//1187 1017//1187 981//1187
f 983//1577 1019//1577 1018//1577
f 983//1578 1018//1578 982//1578
f 984//1579 1020//1579 1019//1579
f 984//1191 1019//1191 983//1191
f 985//1580 1021//1580 1020//1580
f 985//1193 1020//1193 984//1193
f 986//1581 1022//1581 1021//1581
f 986//1195 1021//1195 985//1195
f 987//1582 1023//1582 1022//1582
f 987//1583 1022//1583 986//1583
f 988//1198 1024//1198 1023//1198
f 988//1584 1023//1584 987//1584
f 989//1585 1025//1585 1024//1585
f 989//1586 1024//1586 988//1586
f 990//1202 1026//1202 1025//1202
f 990//1587 1025//1587 989//1587
f 991//1588 1027//1588 1026//1588
f 991//1589 1026//1589 990//1589
f 992//1590 1028//1590 1027//1590
f 992//1591 1027//1591 991//1591
f 993//1592 1029//1592 1028//1592
f 993//1593 1028//1593 992//1593
f 994//1594 1030//1594 1029//1594
f 994//1595 1029//1595 993//1595
f 995//1596 1031//1596 1030//1596
f 995//1597 1030//1597 994//1597
f 996//1598 1032//1598 1031//1598
f 996//1599 1031//1599 995//1599
f 997//1600 1033//1600 1032//1600
f 997//1601 1032//1601 996//1601
f 998//1602 1034//1602 1033//1602
f 998//1603 1033//1603 997//1603
f 999//1604 1035//1604 1034//1604
f 999//1426 1034//1426 998//1426
f 1000//1605 1036//1605 1035//1605
f 1000//1606 1035//1606 999//1606
f 1001//1607 1037//1607 1036//1607
f 1001//1430 1036//1430 1000//1430
f 1002//700 1038//700 929//700
f 1002//700 929//700 893//700
f 1003//702 1039//702 1038//702
f 1003//702 1038//702 1002//702
f 1004//1608 1040//1608 1039//1608
f 1004//1609 1039//1609 1003//1609
f 1005//706 1041//706 1040//706
f 1005//707 1040//707 1004//707
f 1006//708 1042//708 1041//708
f 1006//977 1041//977 1005//977
f 1007//1610 1043//1610 1042//1610
f 1007//711 1042//711 1006//711
f 1008//1611 1044//1611 1043//1611
f 1008//1612 1043//1612 1007//1612
f 1009//1613 1045//1613 1044//1613
f 1009//1614 1044//1614 1008//1614
f 1010//981 1046//981 1045//981
f 1010//1615 1045//1615 1009//1615
f 1011//1616 1047//1616 1046//1616
f 1011//982 1046//982 1010//982
f 1012//983 1048//983 1047//983
f 1012//1617 1047//1617 1011//1617
f 1013//1618 1049//1618 1048//1618
f 1013//1619 1048//1619 1012//1619
f 1014//724 1050//724 1049//724
f 1014//1620 1049//1620 1013//1620
f 1015//1621 1051//1621 1050//1621
f 1015//727 1050//727 1014//727
f 1016//1622 1052//1622 1051//1622
f 1016//1623 1051//1623 1015//1623
f 1017//1624 1053//1624 1052//1624
f 1017//1625 1052//1625 1016//1625
f 1018//989 1054//989 1053//989
f 1018//1626 1053//1626 1017//1626
f 1019//1627 1055//1627 1054//1627
f 1019//990 1054//990 1018//990
f 1020//595 1056//595 1055//595
f 1020//1628 1055//1628 1019//1628
f 1021//596 1057//596 1056//596
f 1021//596 1056//596 1020//596
f 1022//1236 1058//1236 1057//1236
f 1022//1629 1057//1629 1021//1629
f 1023//600 1059//600 1058//600
f 1023//601 1058//601 1022//601
f 1024//602 1060//602 1059//602
f 1024//603 1059//603 1023//603
f 1025//994 1061//994 1060//994
f 1025//605 1060//605 1024//605
f 1026//606 1062//606 1061//606
f 1026//607 1061//607 1025//607
f 1027//608 1063//608 1062//608
f 1027//609 1062//609 1026//609
f 1028//611 1064//611 1063//611
f 1028//611 1063//611 1027//611
f 1029//612 1065//612 1064//612
f 1029//613 1064//613 1028//613
f 1030//614 1066//614 1065//614
f 1030//615 1065//615 1029//615
f 1031//751 1067//751 1066//751
f 1031//617 1066//617 1030//617
f 1032//1630 1068//1630 1067//1630
f 1032//619 1067//619 1031//619
f 1033//620 1069//620 1068//620
f 1033//621 1068//621 1032//621
f 1034//622 1070//622 1069//622
f 1034//754 1069//754 1033//754
f 1035//1631 1071//1631 1070//1631
f 1035//1632 1070//1632 1034//1632
f 1036//757 1072//757 1071//757
f 1036//627 1071//627 1035//627
f 1037//551 1073//551 1072//551
f 1037//551 1072//551 1036//551
f 1038//1633 1074//1633 965//1633
f 1038//1634 965//1634 929//1634
f 1039//1635 1075//1635 1074//1635
f 1039//1636 1074//1636 1038//1636
f 1040//1637 1076//1637 1075//1637
f 1040//1248 1075//1248 1039//1248
f 1041//1638 1077//1638 1076//1638
f 1041//1639 1076//1639 1040//1639
f 1042//1640 1078//1640 1077//1640
f 1042//1641 1077//1641 1041//1641
f 1043//1642 1079//1642 1078//1642
f 1043//1643 1078//1643 1042//1643
f 1044//1644 1080//1644 1079//1644
f 1044//1645 1079//1645 1043//1645
f 1045//1646 1081//1646 1080//1646
f 1045//1647 1080//1647 1044//1647
f 1046//1648 1082//1648 1081//1648
f 1046//1649 1081//1649 1045//1649
f 1047//1650 1083//1650 1082//1650
f 1047//1651 1082//1651 1046//1651
f 1048//1030 1084//1030 1083//1030
f 1048//1652 1083//1652 1047//1652
f 1049//1653 1085//1653 1084//1653
f 1049//1654 1084//1654 1048//1654
f 1050//1655 1086//1655 1085//1655
f 1050//1656 1085//1656 1049//1656
f 1051//1657 1087//1657 1086//1657
f 1051//1479 1086//1479 1050//1479
f 1052//1269 1088//1269 1087//1269
f 1052//1039 1087//1039 1051//1039
f 1053//1658 1089//1658 1088//1658
f 1053//1483 1088//1483 1052//1483
f 1054//1659 1090//1659 1089//1659
f 1054//1660 1089//1660 1053//1660
f 1055//1044 1091//1044 1090//1044
f 1055//1661 1090//1661 1054//1661
f 1056//1662 1092//1662 1091//1662
f 1056//1047 1091//1047 1055//1047
f 1057//1663 1093//1663 1092//1663
f 1057//1664 1092//1664 1056//1664
f 1058//1665 1094//1665 1093//1665
f 1058//1666 1093//1666 1057//1666
f 1059//1667 1095//1667 1094//1667
f 1059//1668 1094//1668 1058//1668
f 1060//1669 1096//1669 1095//1669
f 1060//1670 1095//1670 1059//1670
f 1061//1671 1097//1671 1096//1671
f 1061//1672 1096//1672 1060//1672
f 1062//1673 1098//1673 1097//1673
f 1062//1674 1097//1674 1061//1674
f 1063//1675 1099//1675 1098//1675
f 1063//1676 1098//1676 1062//1676
f 1064//1677 1100//1677 1099//1677
f 1064//1678 1099//1678 1063//1678
f 1065//1679 1101//1679 1100//1679
f 1065//1296 1100//1296 1064//1296
f 1066//1680 1102//1680 1101//1680
f 1066//1681 1101//1681 1065//1681
f 1067//1682 1103//1682 1102//1682
f 1067//1683 1102//1683 1066//1683
f 1068//1070 1104//1070 1103//1070
f 1068//1684 1103//1684 1067//1684
f 1069//1685 1105//1685 1104//1685
f 1069//1686 1104//1686 1068//1686
f 1070//1305 1106//1305 1105//1305
f 1070//1687 1105//1687 1069//1687
f 1071//1688 1107//1688 1106//1688
f 1071//1308 1106//1308 1070//1308
f 1072//1689 1108//1689 1107//1689
f 1072//1310 1107//1310 1071//1310
f 1073//1690 1109//1690 1108//1690
f 1073//1691 1108//1691 1072//1691
f 1074//1692 1110//1692 1001//1692
f 1074//1693 1001//1693 965//1693
f 1075//1694 1111//1694 1110//1694
f 1075//1517 1110//1517 1074//1517
f 1076//1315 1112//1315 1111//1315
f 1076//1316 1111//1316 1075//1316
f 1077//1317 1113//1317 1112//1317
f 1077//1317 1112//1317 1076//1317
f 1078//1090 1114//1090 1113//1090
f 1078//1318 1113//1318 1077//1318
f 1079//1695 1115//1695 1114//1695
f 1079//1093 1114//1093 1078//1093
f 1080//1320 1116//1320 1115//1320
f 1080//1095 1115//1095 1079//1095
f 1081//417 1117//417 1116//417
f 1081//1696 1116//1696 1080//1696
f 1082//1098 1118//1098 1117//1098
f 1082//1322 1117//1322 1081//1322
f 1083//1323 1119//1323 1118//1323
f 1083//1324 1118//1324 1082//1324
f 1084//1697 1120//1697 1119//1697
f 1084//1698 1119//1698 1083//1698
f 1085//1327 1121//1327 1120//1327
f 1085//1328 1120//1328 1084//1328
f 1086//1329 1122//1329 1121//1329
f 1086//1330 1121//1330 1085//1330
f 1087//1699 1123//1699 1122//1699
f 1087//1109 1122//1109 1086//1109
f 1088//1333 1124//1333 1123//1333
f 1088//1110 1123//1110 1087//1110
f 1089//1334 1125//1334 1124//1334
f 1089//1113 1124//1113 1088//1113
f 1090//1526 1126//1526 1125//1526
f 1090//1700 1125//1700 1089//1700
f 1091//1527 1127//1527 1126//1527
f 1091//1117 1126//1117 1090//1117
f 1092//1701 1128//1701 1127//1701
f 1092//1340 1127//1340 1091//1340
f 1093//1530 1129//1530 1128//1530
f 1093//1531 1128//1531 1092//1531
f 1094//1122 1130//1122 1129//1122
f 1094//1344 1129//1344 1093//1344
f 1095//1124 1131//1124 1130//1124
f 1095//1124 1130//1124 1094//1124
f 1096//1534 1132//1534 1131//1534
f 1096//1702 1131//1702 1095//1702
f 1097//1128 1133//1128 1132//1128
f 1097//1536 1132//1536 1096//1536
f 1098//1130 1134//1130 1133//1130
f 1098//1348 1133//1348 1097//1348
f 1099//1703 1135//1703 1134//1703
f 1099//1540 1134//1540 1098//1540
f 1100//1134 1136//1134 1135//1134
f 1100//1352 1135//1352 1099//1352
f 1101//1136 1137//1136 1136//1136
f 1101//1137 1136//1137 1100//1137
f 1102//1704 1138//1704 1137//1704
f 1102//1705 1137//1705 1101//1705
f 1103//1355 1139//1355 1138//1355
f 1103//1141 1138//1141 1102//1141
f 1104//1142 1140//1142 1139//1142
f 1104//1358 1139//1358 1103//1358
f 1105//1144 1141//1144 1140//1144
f 1105//1145 1140//1145 1104//1145
f 1106//1706 1142//1706 1141//1706
f 1106//1360 1141//1360 1105//1360
f 1107//1148 1143//1148 1142//1148
f 1107//1707 1142//1707 1106//1707
f 1108//1708 1144//1708 1143//1708
f 1108//1709 1143//1709 1107//1709
f 1109//1153 1145//1153 1144//1153
f 1109//1710 1144//1710 1108//1710
f 1110//1711 1146//1711 1037//1711
f 1110//1712 1037//1712 1001//1712
f 1111//1713 1147//1713 1146//1713
f 1111//1714 1146//1714 1110//1714
f 1112//1715 1148//1715 1147//1715
f 1112//1716 1147//1716 1111//1716
f 1113//1717 1149//1717 1148//1717
f 1113//1718 1148//1718 1112//1718
f 1114//1719 1150//1719 1149//1719
f 1114//1720 1149//1720 1113//1720
f 1115//1721 1151//1721 1150//1721
f 1115//1722 1150//1722 1114//1722
f 1116//1166 1152//1166 1151//1166
f 1116//1723 1151//1723 1115//1723
f 1117//1724 1153//1724 1152//1724
f 1117//1725 1152//1725 1116//1725
f 1118//1564 1154//1564 1153//1564
f 1118//1726 1153//1726 1117//1726
f 1119//1727 1155//1727 1154//1727
f 1119//1728 1154//1728 1118//1728
f 1120//1174 1156//1174 1155//1174
f 1120//1729 1155//1729 1119//1729
f 1121//1730 1157//1730 1156//1730
f 1121//1731 1156//1731 1120//1731
f 1122//1732 1158//1732 1157//1732
f 1122//1733 1157//1733 1121//1733
f 1123//1734 1159//1734 1158//1734
f 1123//1735 1158//1735 1122//1735
f 1124//1736 1160//1736 1159//1736
f 1124//1737 1159//1737 1123//1737
f 1125//1738 1161//1738 1160//1738
f 1125//1739 1160//1739 1124//1739
f 1126//1740 1162//1740 1161//1740
f 1126//1741 1161//1741 1125//1741
f 1127//1742 1163//1742 1162//1742
f 1127//1396 1162//1396 1126//1396
f 1128//1743 1164//1743 1163//1743
f 1128//1744 1163//1744 1127//1744
f 1129//1745 1165//1745 1164//1745
f 1129//1746 1164//1746 1128//1746
f 1130//1747 1166//1747 1165//1747
f 1130//1748 1165//1748 1129//1748
f 1131//1749 1167//1749 1166//1749
f 1131//1404 1166//1404 1130//1404
f 1132//1405 1168//1405 1167//1405
f 1132//1750 1167//1750 1131//1750
f 1133//1751 1169//1751 1168//1751
f 1133//1752 1168//1752 1132//1752
f 1134//1753 1170//1753 1169//1753
f 1134//1203 1169//1203 1133//1203
f 1135//1754 1171//1754 1170//1754
f 1135//1755 1170//1755 1134//1755
f 1136//1411 1172//1411 1171//1411
f 1136//1756 1171//1756 1135//1756
f 1137//1757 1173//1757 1172//1757
f 1137//1758 1172//1758 1136//1758
f 1138//1415 1174//1415 1173//1415
f 1138//1759 1173//1759 1137//1759
f 1139//1760 1175//1760 1174//1760
f 1139//1761 1174//1761 1138//1761
f 1140//1762 1176//1762 1175//1762
f 1140//1763 1175//1763 1139//1763
f 1141//1764 1177//1764 1176//1764
f 1141//1765 1176//1765 1140//1765
f 1142//1766 1178//1766 1177//1766
f 1142//1767 1177//1767 1141//1767
f 1143//1768 1179//1768 1178//1768
f 1143//1769 1178//1769 1142//1769
f 1144//1222 1180//1222 1179//1222
f 1144//1770 1179//1770 1143//1770
f 1145//1771 1181//1771 1180//1771
f 1145//1772 1180//1772 1144//1772
f 1146//700 1182//700 1073//700
f 1146//700 1073//700 1037//700
f 1147//703 1183//703 1182//703
f 1147//702 1182//702 1146//702
f 1148//1773 1184//1773 1183//1773
f 1148//1774 1183//1774 1147//1774
f 1149//1775 1185//1775 1184//1775
f 1149//1230 1184//1230 1148//1230
f 1150//708 1186//708 1185//708
f 1150//977 1185//977 1149//977
f 1151//1231 1187//1231 1186//1231
f 1151//711 1186//711 1150//711
f 1152//1776 1188//1776 1187//1776
f 1152//979 1187//979 1151//979
f 1153//714 1189//714 1188//714
f 1153//1614 1188//1614 1152//1614
f 1154//716 1190//716 1189//716
f 1154//717 1189//717 1153//717
f 1155//1232 1191//1232 1190//1232
f 1155//719 1190//719 1154//719
f 1156//720 1192//720 1191//720
f 1156//1777 1191//1777 1155//1777
f 1157//1442 1193//1442 1192//1442
f 1157//723 1192//723 1156//723
f 1158//724 1194//724 1193//724
f 1158//1778 1193//1778 1157//1778
f 1159//726 1195//726 1194//726
f 1159//727 1194//727 1158//727
f 1160//1779 1196//1779 1195//1779
f 1160//986 1195//986 1159//986
f 1161//730 1197//730 1196//730
f 1161//1780 1196//1780 1160//1780
f 1162//732 1198//732 1197//732
f 1162//989 1197//989 1161//989
f 1163//593 1199//593 1198//593
f 1163//734 1198//734 1162//734
f 1164//735 1200//735 1199//735
f 1164//595 1199//595 1163//595
f 1165//597 1201//597 1200//597
f 1165//736 1200//736 1164//736
f 1166//1781 1202//1781 1201//1781
f 1166//1782 1201//1782 1165//1782
f 1167//600 1203//600 1202//600
f 1167//1783 1202//1783 1166//1783
f 1168//740 1204//740 1203//740
f 1168//603 1203//603 1167//603
f 1169//994 1205//994 1204//994
f 1169//1784 1204//1784 1168//1784
f 1170//743 1206//743 1205//743
f 1170//744 1205//744 1169//744
f 1171//608 1207//608 1206//608
f 1171//1785 1206//1785 1170//1785
f 1172//746 1208//746 1207//746
f 1172//610 1207//610 1171//610
f 1173//612 1209//612 1208//612
f 1173//1786 1208//1786 1172//1786
f 1174//1000 1210//1000 1209//1000
f 1174//615 1209//615 1173//615
f 1175//1450 1211//1450 1210//1450
f 1175//1003 1210//1003 1174//1003
f 1176//618 1212//618 1211//618
f 1176//619 1211//619 1175//619
f 1177//1787 1213//1787 1212//1787
f 1177//621 1212//621 1176//621
f 1178//622 1214//622 1213//622
f 1178//754 1213//754 1177//754
f 1179//1788 1215//1788 1214//1788
f 1179//695 1214//695 1178//695
f 1180//627 1216//627 1215//627
f 1180//757 1215//757 1179//757
f 1181//551 1217//551 1216//551
f 1181//758 1216//758 1180//758
f 1182//1789 1218//1789 1109//1789
f 1182//1790 1109//1790 1073//1790
f 1183//1791 1219//1791 1218//1791
f 1183//1456 1218//1456 1182//1456
f 1184//1792 1220//1792 1219//1792
f 1184//1793 1219//1793 1183//1793
f 1185//1016 1221//1016 1220//1016
f 1185//1794 1220//1794 1184//1794
f 1186//1461 1222//1461 1221//1461
f 1186//1795 1221//1795 1185//1795
f 1187//1796 1223//1796 1222//1796
f 1187//1463 1222//1463 1186//1463
f 1188//1797 1224//1797 1223//1797
f 1188//1798 1223//1798 1187//1798
f 1189//1799 1225//1799 1224//1799
f 1189//1467 1224//1467 1188//1467
f 1190//1800 1226//1800 1225//1800
f 1190//1801 1225//1801 1189//1801
f 1191//1802 1227//1802 1226//1802
f 1191//1803 1226//1803 1190//1803
f 1192//1472 1228//1472 1227//1472
f 1192//1804 1227//1804 1191//1804
f 1193//1805 1229//1805 1228//1805
f 1193//1806 1228//1806 1192//1806
f 1194//1807 1230//1807 1229//1807
f 1194//1808 1229//1808 1193//1808
f 1195//1809 1231//1809 1230//1809
f 1195//1810 1230//1810 1194//1810
f 1196//1811 1232//1811 1231//1811
f 1196//1270 1231//1270 1195//1270
f 1197//1482 1233//1482 1232//1482
f 1197//1812 1232//1812 1196//1812
f 1198//1813 1234//1813 1233//1813
f 1198//1814 1233//1814 1197//1814
f 1199//1815 1235//1815 1234//1815
f 1199//1276 1234//1276 1198//1276
f 1200//1277 1236//1277 1235//1277
f 1200//1816 1235//1816 1199//1816
f 1201//1817 1237//1817 1236//1817
f 1201//1280 1236//1280 1200//1280
f 1202//1281 1238//1281 1237//1281
f 1202//1818 1237//1818 1201//1818
f 1203//1819 1239//1819 1238//1819
f 1203//1284 1238//1284 1202//1284
f 1204//1285 1240//1285 1239//1285
f 1204//1670 1239//1670 1203//1670
f 1205//1820 1241//1820 1240//1820
f 1205//1288 1240//1288 1204//1288
f 1206//1289 1242//1289 1241//1289
f 1206//1821 1241//1821 1205//1821
f 1207//1822 1243//1822 1242//1822
f 1207//1823 1242//1823 1206//1823
f 1208//1824 1244//1824 1243//1824
f 1208//1825 1243//1825 1207//1825
f 1209//1826 1245//1826 1244//1826
f 1209//1296 1244//1296 1208//1296
f 1210//1827 1246//1827 1245//1827
f 1210//1828 1245//1828 1209//1828
f 1211//1829 1247//1829 1246//1829
f 1211//1830 1246//1830 1210//1830
f 1212//1831 1248//1831 1247//1831
f 1212//1832 1247//1832 1211//1832
f 1213//1833 1249//1833 1248//1833
f 1213//1073 1248//1073 1212//1073
f 1214//1834 1250//1834 1249//1834
f 1214//1835 1249//1835 1213//1835
f 1215//1688 1251//1688 1250//1688
f 1215//1077 1250//1077 1214//1077
f 1216//1836 1252//1836 1251//1836
f 1216//1837 1251//1837 1215//1837
f 1217//1838 1253//1838 1252//1838
f 1217//1081 1252//1081 1216//1081
f 1218//1839 1254//1839 1145//1839
f 1218//1314 1145//1314 1109//1314
f 1219//1694 1255//1694 1254//1694
f 1219//1840 1254//1840 1218//1840
f 1220//1841 1256//1841 1255//1841
f 1220//1316 1255//1316 1219//1316
f 1221//1317 1257//1317 1256//1317
f 1221//1842 1256//1842 1220//1842
f 1222//637 1258//637 1257//637
f 1222//1091 1257//1091 1221//1091
f 1223//1695 1259//1695 1258//1695
f 1223//1843 1258//1843 1222//1843
f 1224//1844 1260//1844 1259//1844
f 1224//1095 1259//1095 1223//1095
f 1225//417 1261//417 1260//417
f 1225//1845 1260//1845 1224//1845
f 1226//1846 1262//1846 1261//1846
f 1226//1322 1261//1322 1225//1322
f 1227//1323 1263//1323 1262//1323
f 1227//1847 1262//1847 1226//1847
f 1228//1848 1264//1848 1263//1848
f 1228//1698 1263//1698 1227//1698
f 1229//1524 1265//1524 1264//1524
f 1229//1525 1264//1525 1228//1525
f 1230//1106 1266//1106 1265//1106
f 1230//1849 1265//1849 1229//1849
f 1231//1331 1267//1331 1266//1331
f 1231//1332 1266//1332 1230//1332
f 1232//1850 1268//1850 1267//1850
f 1232//1110 1267//1110 1231//1110
f 1233//1334 1269//1334 1268//1334
f 1233//1113 1268//1113 1232//1113
f 1234//1851 1270//1851 1269//1851
f 1234//1852 1269//1852 1233//1852
f 1235//1117 1271//1117 1270//1117
f 1235//1117 1270//1117 1234//1117
f 1236//1528 1272//1528 1271//1528
f 1236//1340 1271//1340 1235//1340
f 1237//1853 1273//1853 1272//1853
f 1237//1854 1272//1854 1236//1854
f 1238//1532 1274//1532 1273//1532
f 1238//1344 1273//1344 1237//1344
f 1239//1533 1275//1533 1274//1533
f 1239//1124 1274//1124 1238//1124
f 1240//1126 1276//1126 1275//1126
f 1240//1127 1275//1127 1239//1127
f 1241//1855 1277//1855 1276//1855
f 1241//1536 1276//1536 1240//1536
f 1242//1537 1278//1537 1277//1537
f 1242//1856 1277//1856 1241//1856
f 1243//1857 1279//1857 1278//1857
f 1243//1540 1278//1540 1242//1540
f 1244//1134 1280//1134 1279//1134
f 1244//1352 1279//1352 1243//1352
f 1245//1136 1281//1136 1280//1136
f 1245//1137 1280//1137 1244//1137
f 1246//1543 1282//1543 1281//1543
f 1246//1705 1281//1705 1245//1705
f 1247//1858 1283//1858 1282//1858
f 1247//1141 1282//1141 1246//1141
f 1248//1357 1284//1357 1283//1357
f 1248//1358 1283//1358 1247//1358
f 1249//1859 1285//1859 1284//1859
f 1249//1359 1284//1359 1248//1359
f 1250//1147 1286//1147 1285//1147
f 1250//1360 1285//1360 1249//1360
f 1251//1860 1287//1860 1286//1860
f 1251//1149 1286//1149 1250//1149
f 1252//1861 1288//1861 1287//1861
f 1252//1151 1287//1151 1251//1151
f 1253//1152 1289//1152 1288//1152
f 1253//1153 1288//1153 1252//1153
f 1254//1862 1290//1862 1181//1862
f 1254//1863 1181//1863 1145//1863
f 1255//1864 1291//1864 1290//1864
f 1255//1364 1290//1364 1254//1364
f 1256//1865 1292//1865 1291//1865
f 1256//1866 1291//1866 1255//1866
f 1257//1867 1293//1867 1292//1867
f 1257//1868 1292//1868 1256//1868
f 1258//1869 1294//1869 1293//1869
f 1258//1720 1293//1720 1257//1720
f 1259//1870 1295//1870 1294//1870
f 1259//1372 1294//1372 1258//1372
f 1260//1373 1296//1373 1295//1373
f 1260//1871 1295//1871 1259//1871
f 1261//1375 1297//1375 1296//1375
f 1261//1376 1296//1376 1260//1376
f 1262//1377 1298//1377 1297//1377
f 1262//1872 1297//1872 1261//1872
f 1263//1379 1299//1379 1298//1379
f 1263//1873 1298//1873 1262//1873
f 1264//1874 1300//1874 1299//1874
f 1264//1875 1299//1875 1263//1875
f 1265//1876 1301//1876 1300//1876
f 1265//1877 1300//1877 1264//1877
f 1266//1878 1302//1878 1301//1878
f 1266//1879 1301//1879 1265//1879
f 1267//1880 1303//1880 1302//1880
f 1267//1881 1302//1881 1266//1881
f 1268//1882 1304//1882 1303//1882
f 1268//1883 1303//1883 1267//1883
f 1269//1884 1305//1884 1304//1884
f 1269//1885 1304//1885 1268//1885
f 1270//1886 1306//1886 1305//1886
f 1270//1887 1305//1887 1269//1887
f 1271//1888 1307//1888 1306//1888
f 1271//1189 1306//1189 1270//1189
f 1272//1889 1308//1889 1307//1889
f 1272//1744 1307//1744 1271//1744
f 1273//1890 1309//1890 1308//1890
f 1273//1891 1308//1891 1272//1891
f 1274//1892 1310//1892 1309//1892
f 1274//1893 1309//1893 1273//1893
f 1275//1749 1311//1749 1310//1749
f 1275//1583 1310//1583 1274//1583
f 1276//1894 1312//1894 1311//1894
f 1276//1895 1311//1895 1275//1895
f 1277//1585 1313//1585 1312//1585
f 1277//1586 1312//1586 1276//1586
f 1278//1896 1314//1896 1313//1896
f 1278//1897 1313//1897 1277//1897
f 1279//1898 1315//1898 1314//1898
f 1279//1899 1314//1899 1278//1899
f 1280//1206 1316//1206 1315//1206
f 1280//1900 1315//1900 1279//1900
f 1281//1901 1317//1901 1316//1901
f 1281//1902 1316//1902 1280//1902
f 1282//1210 1318//1210 1317//1210
f 1282//1595 1317//1595 1281//1595
f 1283//1903 1319//1903 1318//1903
f 1283//1904 1318//1904 1282//1904
f 1284//1214 1320//1214 1319//1214
f 1284//1905 1319//1905 1283//1905
f 1285//1906 1321//1906 1320//1906
f 1285//1907 1320//1907 1284//1907
f 1286//1218 1322//1218 1321//1218
f 1286//1603 1321//1603 1285//1603
f 1287//1604 1323//1604 1322//1604
f 1287//1908 1322//1908 1286//1908
f 1288//1909 1324//1909 1323//1909
f 1288//1606 1323//1606 1287//1606
f 1289//1910 1325//1910 1324//1910
f 1289//1911 1324//1911 1288//1911
f 1290//700 1326//700 1217//700
f 1290//974 1217//974 1181//974
f 1291//703 1327//703 1326//703
f 1291//702 1326//702 1290//702
f 1292//1608 1328//1608 1327//1608
f 1292//1912 1327//1912 1291//1912
f 1293//1775 1329//1775 1328//1775
f 1293//1230 1328//1230 1292//1230
f 1294//708 1330//708 1329//708
f 1294//709 1329//709 1293//709
f 1295//1231 1331//1231 1330//1231
f 1295//711 1330//711 1294//711
f 1296//1913 1332//1913 1331//1913
f 1296//1914 1331//1914 1295//1914
f 1297//1915 1333//1915 1332//1915
f 1297//715 1332//715 1296//715
f 1298//981 1334//981 1333//981
f 1298//717 1333//717 1297//717
f 1299//719 1335//719 1334//719
f 1299//719 1334//719 1298//719
f 1300//983 1336//983 1335//983
f 1300//1777 1335//1777 1299//1777
f 1301//1916 1337//1916 1336//1916
f 1301//1917 1336//1917 1300//1917
f 1302//724 1338//724 1337//724
f 1302//725 1337//725 1301//725
f 1303//726 1339//726 1338//726
f 1303//727 1338//727 1302//727
f 1304//728 1340//728 1339//728
f 1304//986 1339//986 1303//986
f 1305//1918 1341//1918 1340//1918
f 1305//1919 1340//1919 1304//1919
f 1306//733 1342//733 1341//733
f 1306//989 1341//989 1305//989
f 1307//593 1343//593 1342//593
f 1307//990 1342//990 1306//990
f 1308//595 1344//595 1343//595
f 1308//595 1343//595 1307//595
f 1309//596 1345//596 1344//596
f 1309//597 1344//597 1308//597
f 1310//1920 1346//1920 1345//1920
f 1310//1782 1345//1782 1309//1782
f 1311//600 1347//600 1346//600
f 1311//993 1346//993 1310//993
f 1312//602 1348//602 1347//602
f 1312//741 1347//741 1311//741
f 1313//1921 1349//1921 1348//1921
f 1313//1922 1348//1922 1312//1922
f 1314//995 1350//995 1349//995
f 1314//1923 1349//1923 1313//1923
f 1315//1924 1351//1924 1350//1924
f 1315//609 1350//609 1314//609
f 1316//1448 1352//1448 1351//1448
f 1316//998 1351//998 1315//998
f 1317//1925 1353//1925 1352//1925
f 1317//613 1352//613 1316//613
f 1318//1000 1354//1000 1353//1000
f 1318//1926 1353//1926 1317//1926
f 1319//1927 1355//1927 1354//1927
f 1319//1928 1354//1928 1318//1928
f 1320//618 1356//618 1355//618
f 1320//1004 1355//1004 1319//1004
f 1321//1929 1357//1929 1356//1929
f 1321//621 1356//621 1320//621
f 1322//622 1358//622 1357//622
f 1322//1006 1357//1006 1321//1006
f 1323//1930 1359//1930 1358//1930
f 1323//1632 1358//1632 1322//1632
f 1324//627 1360//627 1359//627
f 1324//1008 1359//1008 1323//1008
f 1325//1009 1361//1009 1360//1009
f 1325//758 1360//758 1324//758
f 1326//1010 1362//1010 1253//1010
f 1326//1011 1253//1011 1217//1011
f 1327//1931 1363//1931 1362//1931
f 1327//1932 1362//1932 1326//1932
f 1328//1933 1364//1933 1363//1933
f 1328//1015 1363//1015 1327//1015
f 1329//1016 1365//1016 1364//1016
f 1329//1017 1364//1017 1328//1017
f 1330//1018 1366//1018 1365//1018
f 1330//1019 1365//1019 1329//1019
f 1331//1642 1367//1642 1366//1642
f 1331//1934 1366//1934 1330//1934
f 1332//1935 1368//1935 1367//1935
f 1332//1936 1367//1936 1331//1936
f 1333//1646 1369//1646 1368//1646
f 1333//1937 1368//1937 1332//1937
f 1334//1026 1370//1026 1369//1026
f 1334//1938 1369//1938 1333//1938
f 1335//1650 1371//1650 1370//1650
f 1335//1939 1370//1939 1334//1939
f 1336//1940 1372//1940 1371//1940
f 1336//1941 1371//1941 1335//1941
f 1337//1942 1373//1942 1372//1942
f 1337//1943 1372//1943 1336//1943
f 1338//1944 1374//1944 1373//1944
f 1338//1945 1373//1945 1337//1945
f 1339//1946 1375//1946 1374//1946
f 1339//1947 1374//1947 1338//1947
f 1340//1269 1376//1269 1375//1269
f 1340//1948 1375//1948 1339//1948
f 1341//1949 1377//1949 1376//1949
f 1341//1483 1376//1483 1340//1483
f 1342//1950 1378//1950 1377//1950
f 1342//1043 1377//1043 1341//1043
f 1343//1044 1379//1044 1378//1044
f 1343//1951 1378//1951 1342//1951
f 1344//1046 1380//1046 1379//1046
f 1344//1047 1379//1047 1343//1047
f 1345//1048 1381//1048 1380//1048
f 1345//1952 1380//1952 1344//1952
f 1346//1050 1382//1050 1381//1050
f 1346//1051 1381//1051 1345//1051
f 1347//1052 1383//1052 1382//1052
f 1347//1053 1382//1053 1346//1053
f 1348//1953 1384//1953 1383//1953
f 1348//1055 1383//1055 1347//1055
f 1349//1954 1385//1954 1384//1954
f 1349//1955 1384//1955 1348//1955
f 1350//1956 1386//1956 1385//1956
f 1350//1957 1385//1957 1349//1957
f 1351//1958 1387//1958 1386//1958
f 1351//1959 1386//1959 1350//1959
f 1352//1960 1388//1960 1387//1960
f 1352//1961 1387//1961 1351//1961
f 1353//1962 1389//1962 1388//1962
f 1353//1963 1388//1963 1352//1963
f 1354//1964 1390//1964 1389//1964
f 1354//1965 1389//1965 1353//1965
f 1355//1966 1391//1966 1390//1966
f 1355//1967 1390//1967 1354//1967
f 1356//1968 1392//1968 1391//1968
f 1356//1969 1391//1969 1355//1969
f 1357//1970 1393//1970 1392//1970
f 1357//1971 1392//1971 1356//1971
f 1358//1972 1394//1972 1393//1972
f 1358//1973 1393//1973 1357//1973
f 1359//1974 1395//1974 1394//1974
f 1359//1975 1394//1975 1358//1975
f 1360//1976 1396//1976 1395//1976
f 1360//1079 1395//1079 1359//1079
f 1361//1080 1397//1080 1396//1080
f 1361//1977 1396//1977 1360//1977
f 1362//1082 1398//1082 1289//1082
f 1362//1083 1289//1083 1253//1083
f 1363//1978 1399//1978 1398//1978
f 1363//1517 1398//1517 1362//1517
f 1364//1315 1400//1315 1399//1315
f 1364//1316 1399//1316 1363//1316
f 1365//1979 1401//1979 1400//1979
f 1365//1317 1400//1317 1364//1317
f 1366//1518 1402//1518 1401//1518
f 1366//1091 1401//1091 1365//1091
f 1367//1980 1403//1980 1402//1980
f 1367//1981 1402//1981 1366//1981
f 1368//1094 1404//1094 1403//1094
f 1368//1982 1403//1982 1367//1982
f 1369//1983 1405//1983 1404//1983
f 1369//1696 1404//1696 1368//1696
f 1370//1098 1406//1098 1405//1098
f 1370//1099 1405//1099 1369//1099
f 1371//1100 1407//1100 1406//1100
f 1371//1984 1406//1984 1370//1984
f 1372//1848 1408//1848 1407//1848
f 1372//1103 1407//1103 1371//1103
f 1373//1985 1409//1985 1408//1985
f 1373//1525 1408//1525 1372//1525
f 1374//1106 1410//1106 1409//1106
f 1374//1107 1409//1107 1373//1107
f 1375//1108 1411//1108 1410//1108
f 1375//1332 1410//1332 1374//1332
f 1376//1850 1412//1850 1411//1850
f 1376//1986 1411//1986 1375//1986
f 1377//1112 1413//1112 1412//1112
f 1377//1335 1412//1335 1376//1335
f 1378//1526 1414//1526 1413//1526
f 1378//1987 1413//1987 1377//1987
f 1379//1116 1415//1116 1414//1116
f 1379//1117 1414//1117 1378//1117
f 1380//1118 1416//1118 1415//1118
f 1380//1119 1415//1119 1379//1119
f 1381//1988 1417//1988 1416//1988
f 1381//1121 1416//1121 1380//1121
f 1382//1989 1418//1989 1417//1989
f 1382//1990 1417//1990 1381//1990
f 1383//1991 1419//1991 1418//1991
f 1383//1124 1418//1124 1382//1124
f 1384//1992 1420//1992 1419//1992
f 1384//1993 1419//1993 1383//1993
f 1385//1855 1421//1855 1420//1855
f 1385//1536 1420//1536 1384//1536
f 1386//1994 1422//1994 1421//1994
f 1386//1348 1421//1348 1385//1348
f 1387//1540 1423//1540 1422//1540
f 1387//1995 1422//1995 1386//1995
f 1388//1135 1424//1135 1423//1135
f 1388//1352 1423//1352 1387//1352
f 1389//1996 1425//1996 1424//1996
f 1389//1996 1424//1996 1388//1996
f 1390//1997 1426//1997 1425//1997
f 1390//1997 1425//1997 1389//1997
f 1391//1998 1427//1998 1426//1998
f 1391//1999 1426//1999 1390//1999
f 1392//2000 1428//2000 1427//2000
f 1392//2001 1427//2001 1391//2001
f 1393//2002 1429//2002 1428//2002
f 1393//2003 1428//2003 1392//2003
f 1394//2004 1430//2004 1429//2004
f 1394//2005 1429//2005 1393//2005
f 1395//2006 1431//2006 1430//2006
f 1395//2007 1430//2007 1394//2007
f 1396//2008 1432//2008 1431//2008
f 1396//2009 1431//2009 1395//2009
f 1397//2010 1433//2010 1432//2010
f 1397//2011 1432//2011 1396//2011
f 1398//2012 1434//2012 1325//2012
f 1398//1712 1325//1712 1289//1712
f 1399//2013 1435//2013 1434//2013
f 1399//2014 1434//2014 1398//2014
f 1400//2015 1436//2015 1435//2015
f 1400//2016 1435//2016 1399//2016
f 1401//2017 1437//2017 1436//2017
f 1401//2018 1436//2018 1400//2018
f 1402//1162 1438//1162 1437//1162
f 1402//2019 1437//2019 1401//2019
f 1403//2020 1439//2020 1438//2020
f 1403//2021 1438//2021 1402//2021
f 1404//2022 1440//2022 1439//2022
f 1404//2023 1439//2023 1403//2023
f 1405//2024 1441//2024 1440//2024
f 1405//2025 1440//2025 1404//2025
f 1406//2026 1442//2026 1441//2026
f 1406//2027 1441//2027 1405//2027
f 1407//2028 1443//2028 1442//2028
f 1407//1173 1442//1173 1406//1173
f 1408//2029 1444//2029 1443//2029
f 1408//2030 1443//2030 1407//2030
f 1409//2031 1445//2031 1444//2031
f 1409//2032 1444//2032 1408//2032
f 1410//2033 1446//2033 1445//2033
f 1410//1572 1445//1572 1409//1572
f 1411//2034 1447//2034 1446//2034
f 1411//2035 1446//2035 1410//2035
f 1412//2036 1448//2036 1447//2036
f 1412//1183 1447//1183 1411//1183
f 1413//2037 1449//2037 1448//2037
f 1413//2038 1448//2038 1412//2038
f 1414//2039 1450//2039 1449//2039
f 1414//2040 1449//2040 1413//2040
f 1415//2041 1451//2041 1450//2041
f 1415//2042 1450//2042 1414//2042
f 1416//2043 1452//2043 1451//2043
f 1416//2044 1451//2044 1415//2044
f 1417//2045 1453//2045 1452//2045
f 1417//2046 1452//2046 1416//2046
f 1418//2047 1454//2047 1453//2047
f 1418//2048 1453//2048 1417//2048
f 1419//2049 1455//2049 1454//2049
f 1419//2050 1454//2050 1418//2050
f 1420//2051 1456//2051 1455//2051
f 1420//2052 1455//2052 1419//2052
f 1421//2053 1457//2053 1456//2053
f 1421//2054 1456//2054 1420//2054
f 1422//2055 1458//2055 1457//2055
f 1422//2056 1457//2056 1421//2056
f 1423//2057 1459//2057 1458//2057
f 1423//2058 1458//2058 1422//2058
f 1424//2059 1460//2059 1459//2059
f 1424//2060 1459//2060 1423//2060
f 1425//2061 1461//2061 1460//2061
f 1425//2062 1460//2062 1424//2062
f 1426//2063 1462//2063 1461//2063
f 1426//2064 1461//2064 1425//2064
f 1427//2065 1463//2065 1462//2065
f 1427//2066 1462//2066 1426//2066
f 1428//2067 1464//2067 1463//2067
f 1428//2068 1463//2068 1427//2068
f 1429//2069 1465//2069 1464//2069
f 1429//2070 1464//2070 1428//2070
f 1430//2071 1466//2071 1465//2071
f 1430//2072 1465//2072 1429//2072
f 1431//2073 1467//2073 1466//2073
f 1431//2074 1466//2074 1430//2074
f 1432//2075 1468//2075 1467//2075
f 1432//2076 1467//2076 1431//2076
f 1433//2077 1469//2077 1468//2077
f 1433//2078 1468//2078 1432//2078
f 1434//700 1470//700 1361//700
f 1434//1226 1361//1226 1325//1226
f 1435//2079 1471//2079 1470//2079
f 1435//702 1470//702 1434//702
f 1436//2080 1472//2080 1471//2080
f 1436//2081 1471//2081 1435//2081
f 1437//2082 1473//2082 1472//2082
f 1437//1230 1472//1230 1436//1230
f 1438//2083 1474//2083 1473//2083
f 1438//2084 1473//2084 1437//2084
f 1439//2085 1475//2085 1474//2085
f 1439//2086 1474//2086 1438//2086
f 1440//2087 1476//2087 1475//2087
f 1440//1914 1475//1914 1439//1914
f 1441//2088 1477//2088 1476//2088
f 1441//715 1476//715 1440//715
f 1442//2089 1478//2089 1477//2089
f 1442//717 1477//717 1441//717
f 1443//2090 1479//2090 1478//2090
f 1443//2091 1478//2091 1442//2091
f 1444//2092 1480//2092 1479//2092
f 1444//1697 1479//1697 1443//1697
f 1445//2093 1481//2093 1480//2093
f 1445//2094 1480//2094 1444//2094
f 1446//2095 1482//2095 1481//2095
f 1446//2096 1481//2096 1445//2096
f 1447//2097 1483//2097 1482//2097
f 1447//2098 1482//2098 1446//2098
f 1448//2099 1484//2099 1483//2099
f 1448//2100 1483//2100 1447//2100
f 1449//2101 1485//2101 1484//2101
f 1449//2102 1484//2102 1448//2102
f 1450//2103 1486//2103 1485//2103
f 1450//2104 1485//2104 1449//2104
f 1451//2105 1487//2105 1486//2105
f 1451//2105 1486//2105 1450//2105
f 1452//2106 1488//2106 1487//2106
f 1452//2107 1487//2107 1451//2107
f 1453//2108 1489//2108 1488//2108
f 1453//2109 1488//2109 1452//2109
f 1454//2110 1490//2110 1489//2110
f 1454//2111 1489//2111 1453//2111
f 1455//2112 1491//2112 1490//2112
f 1455//2112 1490//2112 1454//2112
f 1456//602 1492//602 1491//602
f 1456//2113 1491//2113 1455//2113
f 1457//2114 1493//2114 1492//2114
f 1457//675 1492//675 1456//675
f 1458//2115 1494//2115 1493//2115
f 1458//2116 1493//2116 1457//2116
f 1459//2117 1495//2117 1494//2117
f 1459//2118 1494//2118 1458//2118
f 1460//2119 1496//2119 1495//2119
f 1460//2120 1495//2120 1459//2120
f 1461//2121 1497//2121 1496//2121
f 1461//2122 1496//2122 1460//2122
f 1462//2123 1498//2123 1497//2123
f 1462//2124 1497//2124 1461//2124
f 1463//2125 1499//2125 1498//2125
f 1463//1928 1498//1928 1462//1928
f 1464//2126 1500//2126 1499//2126
f 1464//2127 1499//2127 1463//2127
f 1465//2128 1501//2128 1500//2128
f 1465//2129 1500//2129 1464//2129
f 1466//2130 1502//2130 1501//2130
f 1466//2131 1501//2131 1465//2131
f 1467//2132 1503//2132 1502//2132
f 1467//695 1502//695 1466//695
f 1468//757 1504//757 1503//757
f 1468//627 1503//627 1467//627
f 1469//551 1505//551 1504//551
f 1469//758 1504//758 1468//758
f 1470//2133 1506//2133 1397//2133
f 1470//1245 1397//1245 1361//1245
f 1471//2134 1507//2134 1506//2134
f 1471//2135 1506//2135 1470//2135
f 1472//2136 1508//2136 1507//2136
f 1472//2137 1507//2137 1471//2137
f 1473//2138 1509//2138 1508//2138
f 1473//2139 1508//2139 1472//2139
f 1474//2140 1510//2140 1509//2140
f 1474//2141 1509//2141 1473//2141
f 1475//2142 1511//2142 1510//2142
f 1475//2143 1510//2143 1474//2143
f 1476//2144 1512//2144 1511//2144
f 1476//2145 1511//2145 1475//2145
f 1477//2146 1513//2146 1512//2146
f 1477//2147 1512//2147 1476//2147
f 1478//2148 1514//2148 1513//2148
f 1478//2149 1513//2149 1477//2149
f 1479//2150 1515//2150 1514//2150
f 1479//2151 1514//2151 1478//2151
f 1480//2152 1516//2152 1515//2152
f 1480//2153 1515//2153 1479//2153
f 1481//2154 1517//2154 1516//2154
f 1481//2155 1516//2155 1480//2155
f 1482//2156 1518//2156 1517//2156
f 1482//2157 1517//2157 1481//2157
f 1483//2158 1519//2158 1518//2158
f 1483//1037 1518//1037 1482//1037
f 1484//2159 1520//2159 1519//2159
f 1484//2160 1519//2160 1483//2160
f 1485//2161 1521//2161 1520//2161
f 1485//2162 1520//2162 1484//2162
f 1486//2163 1522//2163 1521//2163
f 1486//2164 1521//2164 1485//2164
f 1487//2165 1523//2165 1522//2165
f 1487//2166 1522//2166 1486//2166
f 1488//2167 1524//2167 1523//2167
f 1488//2168 1523//2168 1487//2168
f 1489//2169 1525//2169 1524//2169
f 1489//2170 1524//2170 1488//2170
f 1490//2171 1526//2171 1525//2171
f 1490//2172 1525//2172 1489//2172
f 1491//2173 1527//2173 1526//2173
f 1491//2174 1526//2174 1490//2174
f 1492//2175 1528//2175 1527//2175
f 1492//2176 1527//2176 1491//2176
f 1493//2177 1529//2177 1528//2177
f 1493//2178 1528//2178 1492//2178
f 1494//2179 1530//2179 1529//2179
f 1494//2180 1529//2180 1493//2180
f 1495//2181 1531//2181 1530//2181
f 1495//2182 1530//2182 1494//2182
f 1496//2183 1532//2183 1531//2183
f 1496//2184 1531//2184 1495//2184
f 1497//2185 1533//2185 1532//2185
f 1497//2186 1532//2186 1496//2186
f 1498//2187 1534//2187 1533//2187
f 1498//2188 1533//2188 1497//2188
f 1499//2189 1535//2189 1534//2189
f 1499//2190 1534//2190 1498//2190
f 1500//2191 1536//2191 1535//2191
f 1500//2192 1535//2192 1499//2192
f 1501//2193 1537//2193 1536//2193
f 1501//2194 1536//2194 1500//2194
f 1502//2195 1538//2195 1537//2195
f 1502//2196 1537//2196 1501//2196
f 1503//2197 1539//2197 1538//2197
f 1503//2198 1538//2198 1502//2198
f 1504//2199 1540//2199 1539//2199
f 1504//2200 1539//2200 1503//2200
f 1505//2201 1541//2201 1540//2201
f 1505//2202 1540//2202 1504//2202
f 1506//2203 1542//2203 1433//2203
f 1506//2204 1433//2204 1397//2204
f 1507//2205 1543//2205 1542//2205
f 1507//2206 1542//2206 1506//2206
f 1508//1773 1544//1773 1543//1773
f 1508//2207 1543//2207 1507//2207
f 1509//2208 1545//2208 1544//2208
f 1509//2209 1544//2209 1508//2209
f 1510//1518 1546//1518 1545//1518
f 1510//2210 1545//2210 1509//2210
f 1511//1092 1547//1092 1546//1092
f 1511//1093 1546//1093 1510//1093
f 1512//2211 1548//2211 1547//2211
f 1512//1095 1547//1095 1511//1095
f 1513//1696 1549//1696 1548//1696
f 1513//2212 1548//2212 1512//2212
f 1514//2213 1550//2213 1549//2213
f 1514//2213 1549//2213 1513//2213
f 1515//2214 1551//2214 1550//2214
f 1515//2214 1550//2214 1514//2214
f 1516//1698 1552//1698 1551//1698
f 1516//2215 1551//2215 1515//2215
f 1517//1327 1553//1327 1552//1327
f 1517//1525 1552//1525 1516//1525
f 1518//1329 1554//1329 1553//1329
f 1518//1330 1553//1330 1517//1330
f 1519//2216 1555//2216 1554//2216
f 1519//2217 1554//2217 1518//2217
f 1520//2218 1556//2218 1555//2218
f 1520//1850 1555//1850 1519//1850
f 1521//2219 1557//2219 1556//2219
f 1521//2220 1556//2220 1520//2220
f 1522//1851 1558//1851 1557//1851
f 1522//1852 1557//1852 1521//1852
f 1523//1117 1559//1117 1558//1117
f 1523//1117 1558//1117 1522//1117
f 1524//1340 1560//1340 1559//1340
f 1524//1340 1559//1340 1523//1340
f 1525//1853 1561//1853 1560//1853
f 1525//1854 1560//1854 1524//1854
f 1526//2221 1562//2221 1561//2221
f 1526//2222 1561//2222 1525//2222
f 1527//2223 1563//2223 1562//2223
f 1527//1124 1562//1124 1526//1124
f 1528//1992 1564//1992 1563//1992
f 1528//2224 1563//2224 1527//2224
f 1529//1855 1565//1855 1564//1855
f 1529//1536 1564//1536 1528//1536
f 1530//1537 1566//1537 1565//1537
f 1530//1856 1565//1856 1529//1856
f 1531//1540 1567//1540 1566//1540
f 1531//1995 1566//1995 1530//1995
f 1532//2225 1568//2225 1567//2225
f 1532//2225 1567//2225 1531//2225
f 1533//2226 1569//2226 1568//2226
f 1533//2226 1568//2226 1532//2226
f 1534//1705 1570//1705 1569//1705
f 1534//2227 1569//2227 1533//2227
f 1535//1140 1571//1140 1570//1140
f 1535//1141 1570//1141 1534//1141
f 1536//1142 1572//1142 1571//1142
f 1536//1358 1571//1358 1535//1358
f 1537//2228 1573//2228 1572//2228
f 1537//2229 1572//2229 1536//2229
f 1538//2230 1574//2230 1573//2230
f 1538//1360 1573//1360 1537//1360
f 1539//2231 1575//2231 1574//2231
f 1539//2232 1574//2232 1538//2232
f 1540//2008 1576//2008 1575//2008
f 1540//2233 1575//2233 1539//2233
f 1541//2234 1577//2234 1576//2234
f 1541//2235 1576//2235 1540//2235
f 1542//2236 1578//2236 1469//2236
f 1542//2237 1469//2237 1433//2237
f 1543//2238 1579//2238 1578//2238
f 1543//2239 1578//2239 1542//2239
f 1544//2240 1580//2240 1579//2240
f 1544//2241 1579//2241 1543//2241
f 1545//2242 1581//2242 1580//2242
f 1545//2243 1580//2243 1544//2243
f 1546//2244 1582//2244 1581//2244
f 1546//2245 1581//2245 1545//2245
f 1547//2246 1583//2246 1582//2246
f 1547//2247 1582//2247 1546//2247
f 1548//2248 1584//2248 1583//2248
f 1548//2249 1583//2249 1547//2249
f 1549//2250 1585//2250 1584//2250
f 1549//2251 1584//2251 1548//2251
f 1550//2252 1586//2252 1585//2252
f 1550//2253 1585//2253 1549//2253
f 1551//2254 1587//2254 1586//2254
f 1551//2255 1586//2255 1550//2255
f 1552//2256 1588//2256 1587//2256
f 1552//2257 1587//2257 1551//2257
f 1553//2258 1589//2258 1588//2258
f 1553//2259 1588//2259 1552//2259
f 1554//2260 1590//2260 1589//2260
f 1554//2261 1589//2261 1553//2261
f 1555//2262 1591//2262 1590//2262
f 1555//2263 1590//2263 1554//2263
f 1556//2264 1592//2264 1591//2264
f 1556//2265 1591//2265 1555//2265
f 1557//2266 1593//2266 1592//2266
f 1557//2267 1592//2267 1556//2267
f 1558//2268 1594//2268 1593//2268
f 1558//2269 1593//2269 1557//2269
f 1559//2270 1595//2270 1594//2270
f 1559//2271 1594//2271 1558//2271
f 1560//2272 1596//2272 1595//2272
f 1560//2273 1595//2273 1559//2273
f 1561//2274 1597//2274 1596//2274
f 1561//2275 1596//2275 1560//2275
f 1562//2276 1598//2276 1597//2276
f 1562//2277 1597//2277 1561//2277
f 1563//2278 1599//2278 1598//2278
f 1563//2279 1598//2279 1562//2279
f 1564//2280 1600//2280 1599//2280
f 1564//2052 1599//2052 1563//2052
f 1565//2281 1601//2281 1600//2281
f 1565//2054 1600//2054 1564//2054
f 1566//2282 1602//2282 1601//2282
f 1566//2283 1601//2283 1565//2283
f 1567//2057 1603//2057 1602//2057
f 1567//2284 1602//2284 1566//2284
f 1568//2285 1604//2285 1603//2285
f 1568//2286 1603//2286 1567//2286
f 1569//2287 1605//2287 1604//2287
f 1569//2062 1604//2062 1568//2062
f 1570//2288 1606//2288 1605//2288
f 1570//2289 1605//2289 1569//2289
f 1571//2290 1607//2290 1606//2290
f 1571//2291 1606//2291 1570//2291
f 1572//2067 1608//2067 1607//2067
f 1572//1420 1607//1420 1571//1420
f 1573//2292 1609//2292 1608//2292
f 1573//2293 1608//2293 1572//2293
f 1574//2071 1610//2071 1609//2071
f 1574//2072 1609//2072 1573//2072
f 1575//2294 1611//2294 1610//2294
f 1575//2074 1610//2074 1574//2074
f 1576//2295 1612//2295 1611//2295
f 1576//2296 1611//2296 1575//2296
f 1577//2297 1613//2297 1612//2297
f 1577//2298 1612//2298 1576//2298
f 1578//700 1614//700 1505//700
f 1578//700 1505//700 1469//700
f 1579//702 1615//702 1614//702
f 1579//702 1614//702 1578//702
f 1580//2299 1616//2299 1615//2299
f 1580//1774 1615//1774 1579//1774
f 1581//2300 1617//2300 1616//2300
f 1581//2301 1616//2301 1580//2301
f 1582//2302 1618//2302 1617//2302
f 1582//977 1617//977 1581//977
f 1583//2085 1619//2085 1618//2085
f 1583//2086 1618//2086 1582//2086
f 1584//2087 1620//2087 1619//2087
f 1584//1914 1619//1914 1583//1914
f 1585//2303 1621//2303 1620//2303
f 1585//2304 1620//2304 1584//2304
f 1586//2305 1622//2305 1621//2305
f 1586//2306 1621//2306 1585//2306
f 1587//2307 1623//2307 1622//2307
f 1587//2308 1622//2308 1586//2308
f 1588//2309 1624//2309 1623//2309
f 1588//2310 1623//2310 1587//2310
f 1589//2311 1625//2311 1624//2311
f 1589//1917 1624//1917 1588//1917
f 1590//2312 1626//2312 1625//2312
f 1590//2313 1625//2313 1589//2313
f 1591//2314 1627//2314 1626//2314
f 1591//1444 1626//1444 1590//1444
f 1592//2315 1628//2315 1627//2315
f 1592//2316 1627//2316 1591//2316
f 1593//2317 1629//2317 1628//2317
f 1593//1919 1628//1919 1592//1919
f 1594//1115 1630//1115 1629//1115
f 1594//733 1629//733 1593//733
f 1595//2318 1631//2318 1630//2318
f 1595//2105 1630//2105 1594//2105
f 1596//2107 1632//2107 1631//2107
f 1596//2319 1631//2319 1595//2319
f 1597//2108 1633//2108 1632//2108
f 1597//2109 1632//2109 1596//2109
f 1598//2320 1634//2320 1633//2320
f 1598//2321 1633//2321 1597//2321
f 1599//2112 1635//2112 1634//2112
f 1599//2112 1634//2112 1598//2112
f 1600//2322 1636//2322 1635//2322
f 1600//2323 1635//2323 1599//2323
f 1601//2324 1637//2324 1636//2324
f 1601//2325 1636//2325 1600//2325
f 1602//2326 1638//2326 1637//2326
f 1602//2327 1637//2327 1601//2327
f 1603//2328 1639//2328 1638//2328
f 1603//2329 1638//2329 1602//2329
f 1604//2330 1640//2330 1639//2330
f 1604//2331 1639//2331 1603//2331
f 1605//2332 1641//2332 1640//2332
f 1605//2333 1640//2333 1604//2333
f 1606//2334 1642//2334 1641//2334
f 1606//2335 1641//2335 1605//2335
f 1607//2336 1643//2336 1642//2336
f 1607//2337 1642//2337 1606//2337
f 1608//618 1644//618 1643//618
f 1608//2338 1643//2338 1607//2338
f 1609//2128 1645//2128 1644//2128
f 1609//621 1644//621 1608//621
f 1610//2131 1646//2131 1645//2131
f 1610//2130 1645//2130 1609//2130
f 1611//2339 1647//2339 1646//2339
f 1611//695 1646//695 1610//695
f 1612//584 1648//584 1647//584
f 1612//584 1647//584 1611//584
f 1613//551 1649//551 1648//551
f 1613//551 1648//551 1612//551
f 1614//2340 1650//2340 1541//2340
f 1614//2341 1541//2341 1505//2341
f 1615//2342 1651//2342 1650//2342
f 1615//2135 1650//2135 1614//2135
f 1616//2343 1652//2343 1651//2343
f 1616//2137 1651//2137 1615//2137
f 1617//2344 1653//2344 1652//2344
f 1617//2345 1652//2345 1616//2345
f 1618//2140 1654//2140 1653//2140
f 1618//2141 1653//2141 1617//2141
f 1619//2346 1655//2346 1654//2346
f 1619//2143 1654//2143 1618//2143
f 1620//2347 1656//2347 1655//2347
f 1620//2348 1655//2348 1619//2348
f 1621//2146 1657//2146 1656//2146
f 1621//2349 1656//2349 1620//2349
f 1622//2350 1658//2350 1657//2350
f 1622//2351 1657//2351 1621//2351
f 1623//2352 1659//2352 1658//2352
f 1623//2353 1658//2353 1622//2353
f 1624//2354 1660//2354 1659//2354
f 1624//2355 1659//2355 1623//2355
f 1625//2356 1661//2356 1660//2356
f 1625//2357 1660//2357 1624//2357
f 1626//2156 1662//2156 1661//2156
f 1626//2358 1661//2358 1625//2358
f 1627//2359 1663//2359 1662//2359
f 1627//2360 1662//2360 1626//2360
f 1628//2361 1664//2361 1663//2361
f 1628//2362 1663//2362 1627//2362
f 1629//2161 1665//2161 1664//2161
f 1629//2363 1664//2363 1628//2363
f 1630//2364 1666//2364 1665//2364
f 1630//2365 1665//2365 1629//2365
f 1631//2366 1667//2366 1666//2366
f 1631//2367 1666//2367 1630//2367
f 1632//2368 1668//2368 1667//2368
f 1632//2369 1667//2369 1631//2369
f 1633//2370 1669//2370 1668//2370
f 1633//2371 1668//2371 1632//2371
f 1634//2171 1670//2171 1669//2171
f 1634//2172 1669//2172 1633//2172
f 1635//2372 1671//2372 1670//2372
f 1635//2174 1670//2174 1634//2174
f 1636//2373 1672//2373 1671//2373
f 1636//2374 1671//2374 1635//2374
f 1637//1954 1673//1954 1672//1954
f 1637//2375 1672//2375 1636//2375
f 1638//2376 1674//2376 1673//2376
f 1638//2377 1673//2377 1637//2377
f 1639//2378 1675//2378 1674//2378
f 1639//2379 1674//2379 1638//2379
f 1640//2380 1676//2380 1675//2380
f 1640//2381 1675//2381 1639//2381
f 1641//1962 1677//1962 1676//1962
f 1641//2186 1676//2186 1640//2186
f 1642//1964 1678//1964 1677//1964
f 1642//2382 1677//2382 1641//2382
f 1643//2383 1679//2383 1678//2383
f 1643//2384 1678//2384 1642//2384
f 1644//2385 1680//2385 1679//2385
f 1644//2386 1679//2386 1643//2386
f 1645//2387 1681//2387 1680//2387
f 1645//2388 1680//2388 1644//2388
f 1646//2389 1682//2389 1681//2389
f 1646//2390 1681//2390 1645//2390
f 1647//2391 1683//2391 1682//2391
f 1647//2198 1682//2198 1646//2198
f 1648//2392 1684//2392 1683//2392
f 1648//2393 1683//2393 1647//2393
f 1649//1690 1685//1690 1684//1690
f 1649//2394 1684//2394 1648//2394
f 1650//2395 1686//2395 1577//2395
f 1650//2204 1577//2204 1541//2204
f 1651//2396 1687//2396 1686//2396
f 1651//2397 1686//2397 1650//2397
f 1652//1773 1688//1773 1687//1773
f 1652//2207 1687//2207 1651//2207
f 1653//2208 1689//2208 1688//2208
f 1653//2398 1688//2398 1652//2398
f 1654//2399 1690//2399 1689//2399
f 1654//2400 1689//2400 1653//2400
f 1655//2401 1691//2401 1690//2401
f 1655//2402 1690//2402 1654//2402
f 1656//1913 1692//1913 1691//1913
f 1656//2403 1691//2403 1655//2403
f 1657//2404 1693//2404 1692//2404
f 1657//2405 1692//2405 1656//2405
f 1658//1322 1694//1322 1693//1322
f 1658//1322 1693//1322 1657//1322
f 1659//2406 1695//2406 1694//2406
f 1659//2406 1694//2406 1658//2406
f 1660//2407 1696//2407 1695//2407
f 1660//2407 1695//2407 1659//2407
f 1661//2408 1697//2408 1696//2408
f 1661//2409 1696//2409 1660//2409
f 1662//1106 1698//1106 1697//1106
f 1662//2410 1697//2410 1661//2410
f 1663//2411 1699//2411 1698//2411
f 1663//2412 1698//2412 1662//2412
f 1664//2413 1700//2413 1699//2413
f 1664//1110 1699//1110 1663//1110
f 1665//2414 1701//2414 1700//2414
f 1665//2220 1700//2220 1664//2220
f 1666//1851 1702//1851 1701//1851
f 1666//1700 1701//1700 1665//1700
f 1667//1117 1703//1117 1702//1117
f 1667//1527 1702//1527 1666//1527
f 1668//1340 1704//1340 1703//1340
f 1668//1529 1703//1529 1667//1529
f 1669//1853 1705//1853 1704//1853
f 1669//1121 1704//1121 1668//1121
f 1670//2221 1706//2221 1705//2221
f 1670//2222 1705//2222 1669//2222
f 1671//2415 1707//2415 1706//2415
f 1671//1124 1706//1124 1670//1124
f 1672//2416 1708//2416 1707//2416
f 1672//2417 1707//2417 1671//2417
f 1673//1855 1709//1855 1708//1855
f 1673//1536 1708//1536 1672//1536
f 1674//1537 1710//1537 1709//1537
f 1674//1348 1709//1348 1673//1348
f 1675//1540 1711//1540 1710//1540
f 1675//1995 1710//1995 1674//1995
f 1676//2225 1712//2225 1711//2225
f 1676//2225 1711//2225 1675//2225
f 1677//2226 1713//2226 1712//2226
f 1677//2226 1712//2226 1676//2226
f 1678//1705 1714//1705 1713//1705
f 1678//2227 1713//2227 1677//2227
f 1679//1140 1715//1140 1714//1140
f 1679//1141 1714//1141 1678//1141
f 1680//2418 1716//2418 1715//2418
f 1680//1358 1715//1358 1679//1358
f 1681//2228 1717//2228 1716//2228
f 1681//2419 1716//2419 1680//2419
f 1682//2420 1718//2420 1717//2420
f 1682//2421 1717//2421 1681//2421
f 1683//2422 1719//2422 1718//2422
f 1683//2232 1718//2232 1682//2232
f 1684//1150 1720//1150 1719//1150
f 1684//2233 1719//2233 1683//2233
f 1685//1152 1721//1152 1720//1152
f 1685//1153 1720//1153 1684//1153
f 1686//2423 1722//2423 1613//2423
f 1686//2424 1613//2424 1577//2424
f 1687//2425 1723//2425 1722//2425
f 1687//2426 1722//2426 1686//2426
f 1688//2427 1724//2427 1723//2427
f 1688//2428 1723//2428 1687//2428
f 1689//2429 1725//2429 1724//2429
f 1689//2243 1724//2243 1688//2243
f 1690//2430 1726//2430 1725//2430
f 1690//1163 1725//1163 1689//1163
f 1691//2431 1727//2431 1726//2431
f 1691//2432 1726//2432 1690//2432
f 1692//2433 1728//2433 1727//2433
f 1692//2434 1727//2434 1691//2434
f 1693//2435 1729//2435 1728//2435
f 1693//2436 1728//2436 1692//2436
f 1694//2437 1730//2437 1729//2437
f 1694//2438 1729//2438 1693//2438
f 1695//2439 1731//2439 1730//2439
f 1695//2440 1730//2440 1694//2440
f 1696//2029 1732//2029 1731//2029
f 1696//2441 1731//2441 1695//2441
f 1697//2442 1733//2442 1732//2442
f 1697//2443 1732//2443 1696//2443
f 1698//2260 1734//2260 1733//2260
f 1698//2444 1733//2444 1697//2444
f 1699//2262 1735//2262 1734//2262
f 1699//2035 1734//2035 1698//2035
f 1700//2264 1736//2264 1735//2264
f 1700//2265 1735//2265 1699//2265
f 1701//2266 1737//2266 1736//2266
f 1701//2445 1736//2445 1700//2445
f 1702//2446 1738//2446 1737//2446
f 1702//2447 1737//2447 1701//2447
f 1703//2448 1739//2448 1738//2448
f 1703//2449 1738//2449 1702//2449
f 1704//2450 1740//2450 1739//2450
f 1704//2451 1739//2451 1703//2451
f 1705//2452 1741//2452 1740//2452
f 1705//2453 1740//2453 1704//2453
f 1706//2454 1742//2454 1741//2454
f 1706//2455 1741//2455 1705//2455
f 1707//2456 1743//2456 1742//2456
f 1707//2457 1742//2457 1706//2457
f 1708//2458 1744//2458 1743//2458
f 1708//2459 1743//2459 1707//2459
f 1709//2460 1745//2460 1744//2460
f 1709//2461 1744//2461 1708//2461
f 1710//2462 1746//2462 1745//2462
f 1710//2463 1745//2463 1709//2463
f 1711//2464 1747//2464 1746//2464
f 1711//2465 1746//2465 1710//2465
f 1712//2466 1748//2466 1747//2466
f 1712//2467 1747//2467 1711//2467
f 1713//2061 1749//2061 1748//2061
f 1713//2468 1748//2468 1712//2468
f 1714//2063 1750//2063 1749//2063
f 1714//2469 1749//2469 1713//2469
f 1715//2470 1751//2470 1750//2470
f 1715//2471 1750//2471 1714//2471
f 1716//2472 1752//2472 1751//2472
f 1716//1420 1751//1420 1715//1420
f 1717//2292 1753//2292 1752//2292
f 1717//2070 1752//2070 1716//2070
f 1718//2473 1754//2473 1753//2473
f 1718//2474 1753//2474 1717//2474
f 1719//2073 1755//2073 1754//2073
f 1719//2475 1754//2475 1718//2475
f 1720//2476 1756//2476 1755//2476
f 1720//2076 1755//2076 1719//2076
f 1721//2077 1757//2077 1756//2077
f 1721//2298 1756//2298 1720//2298
f 1722//700 1758//700 1649//700
f 1722//700 1649//700 1613//700
f 1723//2477 1759//2477 1758//2477
f 1723//2477 1758//2477 1722//2477
f 1724//2299 1760//2299 1759//2299
f 1724//1774 1759//1774 1723//1774
f 1725//2300 1761//2300 1760//2300
f 1725//2301 1760//2301 1724//2301
f 1726//2302 1762//2302 1761//2302
f 1726//977 1761//977 1725//977
f 1727//2478 1763//2478 1762//2478
f 1727//2086 1762//2086 1726//2086
f 1728//2087 1764//2087 1763//2087
f 1728//1914 1763//1914 1727//1914
f 1729//2479 1765//2479 1764//2479
f 1729//715 1764//715 1728//715
f 1730//2480 1766//2480 1765//2480
f 1730//2306 1765//2306 1729//2306
f 1731//2481 1767//2481 1766//2481
f 1731//2308 1766//2308 1730//2308
f 1732//2482 1768//2482 1767//2482
f 1732//721 1767//721 1731//721
f 1733//2483 1769//2483 1768//2483
f 1733//723 1768//723 1732//723
f 1734//2312 1770//2312 1769//2312
f 1734//2313 1769//2313 1733//2313
f 1735//2314 1771//2314 1770//2314
f 1735//727 1770//727 1734//727
f 1736//2315 1772//2315 1771//2315
f 1736//2315 1771//2315 1735//2315
f 1737//2317 1773//2317 1772//2317
f 1737//1919 1772//1919 1736//1919
f 1738//660 1774//660 1773//660
f 1738//733 1773//733 1737//733
f 1739//593 1775//593 1774//593
f 1739//990 1774//990 1738//990
f 1740//595 1776//595 1775//595
f 1740//1445 1775//1445 1739//1445
f 1741//2484 1777//2484 1776//2484
f 1741//596 1776//596 1740//596
f 1742//2485 1778//2485 1777//2485
f 1742//1629 1777//1629 1741//1629
f 1743//2486 1779//2486 1778//2486
f 1743//2487 1778//2487 1742//2487
f 1744//2488 1780//2488 1779//2488
f 1744//741 1779//741 1743//741
f 1745//2489 1781//2489 1780//2489
f 1745//675 1780//675 1744//675
f 1746//2490 1782//2490 1781//2490
f 1746//607 1781//607 1745//607
f 1747//2491 1783//2491 1782//2491
f 1747//2492 1782//2492 1746//2492
f 1748//2493 1784//2493 1783//2493
f 1748//2331 1783//2331 1747//2331
f 1749//2332 1785//2332 1784//2332
f 1749//2494 1784//2494 1748//2494
f 1750//2334 1786//2334 1785//2334
f 1750//2495 1785//2495 1749//2495
f 1751//2496 1787//2496 1786//2496
f 1751//2497 1786//2497 1750//2497
f 1752//2498 1788//2498 1787//2498
f 1752//2338 1787//2338 1751//2338
f 1753//2499 1789//2499 1788//2499
f 1753//2500 1788//2500 1752//2500
f 1754//2501 1790//2501 1789//2501
f 1754//2502 1789//2502 1753//2502
f 1755//2503 1791//2503 1790//2503
f 1755//2504 1790//2504 1754//2504
f 1756//2505 1792//2505 1791//2505
f 1756//2506 1791//2506 1755//2506
f 1757//2507 1793//2507 1792//2507
f 1757//2507 1792//2507 1756//2507
f 1758//2508 1794//2508 1685//2508
f 1758//2509 1685//2509 1649//2509
f 1759//2510 1795//2510 1794//2510
f 1759//2511 1794//2511 1758//2511
f 1760//2512 1796//2512 1795//2512
f 1760//2513 1795//2513 1759//2513
f 1761//2514 1797//2514 1796//2514
f 1761//2515 1796//2515 1760//2515
f 1762//2516 1798//2516 1797//2516
f 1762//2517 1797//2517 1761//2517
f 1763//2518 1799//2518 1798//2518
f 1763//2519 1798//2519 1762//2519
f 1764//2520 1800//2520 1799//2520
f 1764//2521 1799//2521 1763//2521
f 1765//2146 1801//2146 1800//2146
f 1765//2522 1800//2522 1764//2522
f 1766//2523 1802//2523 1801//2523
f 1766//2524 1801//2524 1765//2524
f 1767//2525 1803//2525 1802//2525
f 1767//2526 1802//2526 1766//2526
f 1768//2527 1804//2527 1803//2527
f 1768//2528 1803//2528 1767//2528
f 1769//2529 1805//2529 1804//2529
f 1769//2530 1804//2530 1768//2530
f 1770//2531 1806//2531 1805//2531
f 1770//2532 1805//2532 1769//2532
f 1771//2158 1807//2158 1806//2158
f 1771//1479 1806//1479 1770//1479
f 1772//2361 1808//2361 1807//2361
f 1772//2533 1807//2533 1771//2533
f 1773//2534 1809//2534 1808//2534
f 1773//2535 1808//2535 1772//2535
f 1774//2364 1810//2364 1809//2364
f 1774//2164 1809//2164 1773//2164
f 1775//2165 1811//2165 1810//2165
f 1775//2367 1810//2367 1774//2367
f 1776//2167 1812//2167 1811//2167
f 1776//2168 1811//2168 1775//2168
f 1777//2536 1813//2536 1812//2536
f 1777//2371 1812//2371 1776//2371
f 1778//2537 1814//2537 1813//2537
f 1778//2538 1813//2538 1777//2538
f 1779//2372 1815//2372 1814//2372
f 1779//2174 1814//2174 1778//2174
f 1780//2373 1816//2373 1815//2373
f 1780//2374 1815//2374 1779//2374
f 1781//2539 1817//2539 1816//2539
f 1781//2540 1816//2540 1780//2540
f 1782//2541 1818//2541 1817//2541
f 1782//2377 1817//2377 1781//2377
f 1783//2378 1819//2378 1818//2378
f 1783//2542 1818//2542 1782//2542
f 1784//2543 1820//2543 1819//2543
f 1784//2544 1819//2544 1783//2544
f 1785//2545 1821//2545 1820//2545
f 1785//2546 1820//2546 1784//2546
f 1786//2547 1822//2547 1821//2547
f 1786//2548 1821//2548 1785//2548
f 1787//2549 1823//2549 1822//2549
f 1787//2550 1822//2550 1786//2550
f 1788//1968 1824//1968 1823//1968
f 1788//2551 1823//2551 1787//2551
f 1789//2552 1825//2552 1824//2552
f 1789//1510 1824//1510 1788//1510
f 1790//2553 1826//2553 1825//2553
f 1790//2554 1825//2554 1789//2554
f 1791//2555 1827//2555 1826//2555
f 1791//2556 1826//2556 1790//2556
f 1792//2557 1828//2557 1827//2557
f 1792//2558 1827//2558 1791//2558
f 1793//2559 1829//2559 1828//2559
f 1793//2202 1828//2202 1792//2202
f 1794//1083 1830//1083 1721//1083
f 1794//1314 1721//1314 1685//1314
f 1795//1978 1831//1978 1830//1978
f 1795//1517 1830//1517 1794//1517
f 1796//2560 1832//2560 1831//2560
f 1796//2561 1831//2561 1795//2561
f 1797//2562 1833//2562 1832//2562
f 1797//1317 1832//1317 1796//1317
f 1798//2563 1834//2563 1833//2563
f 1798//2564 1833//2564 1797//2564
f 1799//1092 1835//1092 1834//1092
f 1799//1093 1834//1093 1798//1093
f 1800//1913 1836//1913 1835//1913
f 1800//1095 1835//1095 1799//1095
f 1801//2404 1837//2404 1836//2404
f 1801//2404 1836//2404 1800//2404
f 1802//2565 1838//2565 1837//2565
f 1802//2565 1837//2565 1801//2565
f 1803//2566 1839//2566 1838//2566
f 1803//2566 1838//2566 1802//2566
f 1804//2567 1840//2567 1839//2567
f 1804//2567 1839//2567 1803//2567
f 1805//2408 1841//2408 1840//2408
f 1805//2568 1840//2568 1804//2568
f 1806//2569 1842//2569 1841//2569
f 1806//2570 1841//2570 1805//2570
f 1807//2571 1843//2571 1842//2571
f 1807//2572 1842//2572 1806//2572
f 1808//2573 1844//2573 1843//2573
f 1808//2574 1843//2574 1807//2574
f 1809//2575 1845//2575 1844//2575
f 1809//2576 1844//2576 1808//2576
f 1810//2577 1846//2577 1845//2577
f 1810//2578 1845//2578 1809//2578
f 1811//2579 1847//2579 1846//2579
f 1811//2580 1846//2580 1810//2580
f 1812//2581 1848//2581 1847//2581
f 1812//2582 1847//2582 1811//2582
f 1813//2583 1849//2583 1848//2583
f 1813//2584 1848//2584 1812//2584
f 1814//2585 1850//2585 1849//2585
f 1814//1990 1849//1990 1813//1990
f 1815//2586 1851//2586 1850//2586
f 1815//2587 1850//2587 1814//2587
f 1816//1992 1852//1992 1851//1992
f 1816//2224 1851//2224 1815//2224
f 1817//1855 1853//1855 1852//1855
f 1817//1129 1852//1129 1816//1129
f 1818//1994 1854//1994 1853//1994
f 1818//1348 1853//1348 1817//1348
f 1819//1540 1855//1540 1854//1540
f 1819//1995 1854//1995 1818//1995
f 1820//2588 1856//2588 1855//2588
f 1820//2225 1855//2225 1819//2225
f 1821//2589 1857//2589 1856//2589
f 1821//2226 1856//2226 1820//2226
f 1822//1705 1858//1705 1857//1705
f 1822//2227 1857//2227 1821//2227
f 1823//1355 1859//1355 1858//1355
f 1823//1141 1858//1141 1822//1141
f 1824//1142 1860//1142 1859//1142
f 1824//1143 1859//1143 1823//1143
f 1825//2228 1861//2228 1860//2228
f 1825//2229 1860//2229 1824//2229
f 1826//2420 1862//2420 1861//2420
f 1826//2421 1861//2421 1825//2421
f 1827//2231 1863//2231 1862//2231
f 1827//2232 1862//2232 1826//2232
f 1828//1861 1864//1861 1863//1861
f 1828//2233 1863//2233 1827//2233
f 1829//1153 1865//1153 1864//1153
f 1829//1153 1864//1153 1828//1153
f 1830//2423 1866//2423 1757//2423
f 1830//2237 1757//2237 1721//2237
f 1831//2590 1867//2590 1866//2590
f 1831//2426 1866//2426 1830//2426
f 1832//2591 1868//2591 1867//2591
f 1832//2592 1867//2592 1831//2592
f 1833//2242 1869//2242 1868//2242
f 1833//2243 1868//2243 1832//2243
f 1834//2593 1870//2593 1869//2593
f 1834//1163 1869//1163 1833//1163
f 1835//2594 1871//2594 1870//2594
f 1835//1165 1870//1165 1834//1165
f 1836//2595 1872//2595 1871//2595
f 1836//2596 1871//2596 1835//2596
f 1837//2024 1873//2024 1872//2024
f 1837//2597 1872//2597 1836//2597
f 1838//2598 1874//2598 1873//2598
f 1838//2599 1873//2599 1837//2599
f 1839//2439 1875//2439 1874//2439
f 1839//2600 1874//2600 1838//2600
f 1840//2029 1876//2029 1875//2029
f 1840//2601 1875//2601 1839//2601
f 1841//2442 1877//2442 1876//2442
f 1841//2602 1876//2602 1840//2602
f 1842//2033 1878//2033 1877//2033
f 1842//2603 1877//2603 1841//2603
f 1843//2604 1879//2604 1878//2604
f 1843//2605 1878//2605 1842//2605
f 1844//2036 1880//2036 1879//2036
f 1844//2606 1879//2606 1843//2606
f 1845//2607 1881//2607 1880//2607
f 1845//2608 1880//2608 1844//2608
f 1846//2609 1882//2609 1881//2609
f 1846//2610 1881//2610 1845//2610
f 1847//2611 1883//2611 1882//2611
f 1847//2271 1882//2271 1846//2271
f 1848//2612 1884//2612 1883//2612
f 1848//2273 1883//2273 1847//2273
f 1849//2613 1885//2613 1884//2613
f 1849//2275 1884//2275 1848//2275
f 1850//2614 1886//2614 1885//2614
f 1850//2277 1885//2277 1849//2277
f 1851//2615 1887//2615 1886//2615
f 1851//2616 1886//2616 1850//2616
f 1852//2617 1888//2617 1887//2617
f 1852//2618 1887//2618 1851//2618
f 1853//2619 1889//2619 1888//2619
f 1853//2620 1888//2620 1852//2620
f 1854//2621 1890//2621 1889//2621
f 1854//2622 1889//2622 1853//2622
f 1855//2464 1891//2464 1890//2464
f 1855//1410 1890//1410 1854//1410
f 1856//2285 1892//2285 1891//2285
f 1856//2623 1891//2623 1855//2623
f 1857//2624 1893//2624 1892//2624
f 1857//2625 1892//2625 1856//2625
f 1858//2626 1894//2626 1893//2626
f 1858//2627 1893//2627 1857//2627
f 1859//2628 1895//2628 1894//2628
f 1859//2629 1894//2629 1858//2629
f 1860//2630 1896//2630 1895//2630
f 1860//2631 1895//2631 1859//2631
f 1861//2632 1897//2632 1896//2632
f 1861//2633 1896//2633 1860//2633
f 1862//2634 1898//2634 1897//2634
f 1862//2635 1897//2635 1861//2635
f 1863//2636 1899//2636 1898//2636
f 1863//2637 1898//2637 1862//2637
f 1864//2638 1900//2638 1899//2638
f 1864//2076 1899//2076 1863//2076
f 1865//2639 1901//2639 1900//2639
f 1865//2640 1900//2640 1864//2640
f 1866//2641 1902//2641 1793//2641
f 1866//2642 1793//2642 1757//2642
f 1867//2643 1903//2643 1902//2643
f 1867//2644 1902//2644 1866//2644
f 1868//2645 1904//2645 1903//2645
f 1868//2646 1903//2646 1867//2646
f 1869//706 1905//706 1904//706
f 1869//2082 1904//2082 1868//2082
f 1870//2083 1906//2083 1905//2083
f 1870//977 1905//977 1869//977
f 1871//2478 1907//2478 1906//2478
f 1871//2086 1906//2086 1870//2086
f 1872//2087 1908//2087 1907//2087
f 1872//1914 1907//1914 1871//1914
f 1873//2479 1909//2479 1908//2479
f 1873//715 1908//715 1872//715
f 1874//2480 1910//2480 1909//2480
f 1874//2647 1909//2647 1873//2647
f 1875//2481 1911//2481 1910//2481
f 1875//2648 1910//2648 1874//2648
f 1876//2482 1912//2482 1911//2482
f 1876//721 1911//721 1875//721
f 1877//2483 1913//2483 1912//2483
f 1877//723 1912//723 1876//723
f 1878//2649 1914//2649 1913//2649
f 1878//2313 1913//2313 1877//2313
f 1879//2314 1915//2314 1914//2314
f 1879//727 1914//727 1878//727
f 1880//2315 1916//2315 1915//2315
f 1880//2315 1915//2315 1879//2315
f 1881//2317 1917//2317 1916//2317
f 1881//1919 1916//1919 1880//1919
f 1882//660 1918//660 1917//660
f 1882//660 1917//660 1881//660
f 1883//593 1919//593 1918//593
f 1883//990 1918//990 1882//990
f 1884//595 1920//595 1919//595
f 1884//595 1919//595 1883//595
f 1885//596 1921//596 1920//596
f 1885//2484 1920//2484 1884//2484
f 1886//2485 1922//2485 1921//2485
f 1886//1629 1921//1629 1885//1629
f 1887//2487 1923//2487 1922//2487
f 1887//2487 1922//2487 1886//2487
f 1888//2650 1924//2650 1923//2650
f 1888//741 1923//741 1887//741
f 1889//2489 1925//2489 1924//2489
f 1889//675 1924//675 1888//675
f 1890//2651 1926//2651 1925//2651
f 1890//2116 1925//2116 1889//2116
f 1891//2117 1927//2117 1926//2117
f 1891//609 1926//609 1890//609
f 1892//2652 1928//2652 1927//2652
f 1892//2653 1927//2653 1891//2653
f 1893//2121 1929//2121 1928//2121
f 1893//683 1928//683 1892//683
f 1894//2654 1930//2654 1929//2654
f 1894//615 1929//615 1893//615
f 1895//2125 1931//2125 1930//2125
f 1895//1928 1930//1928 1894//1928
f 1896//2126 1932//2126 1931//2126
f 1896//2127 1931//2127 1895//2127
f 1897//2655 1933//2655 1932//2655
f 1897//621 1932//621 1896//621
f 1898//2130 1934//2130 1933//2130
f 1898//2130 1933//2130 1897//2130
f 1899//2503 1935//2503 1934//2503
f 1899//1243 1934//1243 1898//1243
f 1900//2656 1936//2656 1935//2656
f 1900//2506 1935//2506 1899//2506
f 1901//2657 1937//2657 1936//2657
f 1901//2507 1936//2507 1900//2507
f 1902//2340 1938//2340 1829//2340
f 1902//2658 1829//2658 1793//2658
f 1903//2659 1939//2659 1938//2659
f 1903//2660 1938//2660 1902//2660
f 1904//2136 1940//2136 1939//2136
f 1904//2137 1939//2137 1903//2137
f 1905//2661 1941//2661 1940//2661
f 1905//2662 1940//2662 1904//2662
f 1906//2663 1942//2663 1941//2663
f 1906//2664 1941//2664 1905//2664
f 1907//2665 1943//2665 1942//2665
f 1907//2666 1942//2666 1906//2666
f 1908//2667 1944//2667 1943//2667
f 1908//2668 1943//2668 1907//2668
f 1909//2669 1945//2669 1944//2669
f 1909//2670 1944//2670 1908//2670
f 1910//2523 1946//2523 1945//2523
f 1910//2671 1945//2671 1909//2671
f 1911//2672 1947//2672 1946//2672
f 1911//2353 1946//2353 1910//2353
f 1912//2673 1948//2673 1947//2673
f 1912//2674 1947//2674 1911//2674
f 1913//2675 1949//2675 1948//2675
f 1913//2676 1948//2676 1912//2676
f 1914//2677 1950//2677 1949//2677
f 1914//2678 1949//2678 1913//2678
f 1915//2679 1951//2679 1950//2679
f 1915//2680 1950//2680 1914//2680
f 1916//2681 1952//2681 1951//2681
f 1916//2682 1951//2682 1915//2682
f 1917//2683 1953//2683 1952//2683
f 1917//2684 1952//2684 1916//2684
f 1918//2685 1954//2685 1953//2685
f 1918//2686 1953//2686 1917//2686
f 1919//2687 1955//2687 1954//2687
f 1919//2688 1954//2688 1918//2688
f 1920//2689 1956//2689 1955//2689
f 1920//2690 1955//2690 1919//2690
f 1921//2370 1957//2370 1956//2370
f 1921//2371 1956//2371 1920//2371
f 1922//2537 1958//2537 1957//2537
f 1922//2172 1957//2172 1921//2172
f 1923//2372 1959//2372 1958//2372
f 1923//2691 1958//2691 1922//2691
f 1924//2373 1960//2373 1959//2373
f 1924//2692 1959//2692 1923//2692
f 1925//2539 1961//2539 1960//2539
f 1925//2540 1960//2540 1924//2540
f 1926//2541 1962//2541 1961//2541
f 1926//2693 1961//2693 1925//2693
f 1927//2378 1963//2378 1962//2378
f 1927//2694 1962//2694 1926//2694
f 1928//2183 1964//2183 1963//2183
f 1928//2695 1963//2695 1927//2695
f 1929//1962 1965//1962 1964//1962
f 1929//2186 1964//2186 1928//2186
f 1930//2547 1966//2547 1965//2547
f 1930//2696 1965//2696 1929//2696
f 1931//2697 1967//2697 1966//2697
f 1931//2698 1966//2698 1930//2698
f 1932//1968 1968//1968 1967//1968
f 1932//2699 1967//2699 1931//2699
f 1933//2700 1969//2700 1968//2700
f 1933//2701 1968//2701 1932//2701
f 1934//2702 1970//2702 1969//2702
f 1934//2703 1969//2703 1933//2703
f 1935//2704 1971//2704 1970//2704
f 1935//2556 1970//2556 1934//2556
f 1936//2705 1972//2705 1971//2705
f 1936//2558 1971//2558 1935//2558
f 1937//2706 1973//2706 1972//2706
f 1937//2707 1972//2707 1936//2707
f 1938//1314 1974//1314 1865//1314
f 1938//1314 1865//1314 1829//1314
f 1939//1978 1975//1978 1974//1978
f 1939//2708 1974//2708 1938//2708
f 1940//2560 1976//2560 1975//2560
f 1940//2709 1975//2709 1939//2709
f 1941//2710 1977//2710 1976//2710
f 1941//2711 1976//2711 1940//2711
f 1942//2712 1978//2712 1977//2712
f 1942//2713 1977//2713 1941//2713
f 1943//1092 1979//1092 1978//1092
f 1943//1093 1978//1093 1942//1093
f 1944//1094 1980//1094 1979//1094
f 1944//1519 1979//1519 1943//1519
f 1945//1696 1981//1696 1980//1696
f 1945//2212 1980//2212 1944//2212
f 1946//2714 1982//2714 1981//2714
f 1946//2213 1981//2213 1945//2213
f 1947//2214 1983//2214 1982//2214
f 1947//2715 1982//2715 1946//2715
f 1948//1698 1984//1698 1983//1698
f 1948//2215 1983//2215 1947//2215
f 1949//2716 1985//2716 1984//2716
f 1949//1525 1984//1525 1948//1525
f 1950//1329 1986//1329 1985//1329
f 1950//1330 1985//1330 1949//1330
f 1951//2216 1987//2216 1986//2216
f 1951//2217 1986//2217 1950//2217
f 1952//2413 1988//2413 1987//2413
f 1952//2717 1987//2717 1951//2717
f 1953//2575 1989//2575 1988//2575
f 1953//1335 1988//1335 1952//1335
f 1954//2577 1990//2577 1989//2577
f 1954//2718 1989//2718 1953//2718
f 1955//2719 1991//2719 1990//2719
f 1955//2720 1990//2720 1954//2720
f 1956//2721 1992//2721 1991//2721
f 1956//2582 1991//2582 1955//2582
f 1957//2722 1993//2722 1992//2722
f 1957//2723 1992//2723 1956//2723
f 1958//2724 1994//2724 1993//2724
f 1958//2725 1993//2725 1957//2725
f 1959//2726 1995//2726 1994//2726
f 1959//2727 1994//2727 1958//2727
f 1960//2728 1996//2728 1995//2728
f 1960//2729 1995//2729 1959//2729
f 1961//2730 1997//2730 1996//2730
f 1961//2731 1996//2731 1960//2731
f 1962//2732 1998//2732 1997//2732
f 1962//2733 1997//2733 1961//2733
f 1963//2734 1999//2734 1998//2734
f 1963//2734 1998//2734 1962//2734
f 1964//1352 2000//1352 1999//1352
f 1964//2735 1999//2735 1963//2735
f 1965//2736 2001//2736 2000//2736
f 1965//2736 2000//2736 1964//2736
f 1966//2737 2002//2737 2001//2737
f 1966//2737 2001//2737 1965//2737
f 1967//1140 2003//1140 2002//1140
f 1967//2738 2002//2738 1966//2738
f 1968//1142 2004//1142 2003//1142
f 1968//1358 2003//1358 1967//1358
f 1969//2739 2005//2739 2004//2739
f 1969//2419 2004//2419 1968//2419
f 1970//2230 2006//2230 2005//2230
f 1970//1360 2005//1360 1969//1360
f 1971//2422 2007//2422 2006//2422
f 1971//2740 2006//2740 1970//2740
f 1972//1861 2008//1861 2007//1861
f 1972//1151 2007//1151 1971//1151
f 1973//1153 2009//1153 2008//1153
f 1973//1152 2008//1152 1972//1152
f 1974//2741 2010//2741 1901//2741
f 1974//2424 1901//2424 1865//2424
f 1975//2425 2011//2425 2010//2425
f 1975//2742 2010//2742 1974//2742
f 1976//2743 2012//2743 2011//2743
f 1976//2428 2011//2428 1975//2428
f 1977//2429 2013//2429 2012//2429
f 1977//2243 2012//2243 1976//2243
f 1978//2744 2014//2744 2013//2744
f 1978//2745 2013//2745 1977//2745
f 1979//2020 2015//2020 2014//2020
f 1979//2746 2014//2746 1978//2746
f 1980//2433 2016//2433 2015//2433
f 1980//2747 2015//2747 1979//2747
f 1981//2024 2017//2024 2016//2024
f 1981//2748 2016//2748 1980//2748
f 1982//2252 2018//2252 2017//2252
f 1982//2749 2017//2749 1981//2749
f 1983//2439 2019//2439 2018//2439
f 1983//2255 2018//2255 1982//2255
f 1984//2029 2020//2029 2019//2029
f 1984//2750 2019//2750 1983//2750
f 1985//2751 2021//2751 2020//2751
f 1985//2602 2020//2602 1984//2602
f 1986//2752 2022//2752 2021//2752
f 1986//2603 2021//2603 1985//2603
f 1987//2753 2023//2753 2022//2753
f 1987//2754 2022//2754 1986//2754
f 1988//2755 2024//2755 2023//2755
f 1988//2756 2023//2756 1987//2756
f 1989//2757 2025//2757 2024//2757
f 1989//2758 2024//2758 1988//2758
f 1990//2759 2026//2759 2025//2759
f 1990//2760 2025//2760 1989//2760
f 1991//2761 2027//2761 2026//2761
f 1991//2762 2026//2762 1990//2762
f 1992//2763 2028//2763 2027//2763
f 1992//2764 2027//2764 1991//2764
f 1993//2765 2029//2765 2028//2765
f 1993//2275 2028//2275 1992//2275
f 1994//2766 2030//2766 2029//2766
f 1994//2767 2029//2767 1993//2767
f 1995//2049 2031//2049 2030//2049
f 1995//2768 2030//2768 1994//2768
f 1996//2769 2032//2769 2031//2769
f 1996//2770 2031//2770 1995//2770
f 1997//2771 2033//2771 2032//2771
f 1997//2772 2032//2772 1996//2772
f 1998//2282 2034//2282 2033//2282
f 1998//2773 2033//2773 1997//2773
f 1999//2057 2035//2057 2034//2057
f 1999//2774 2034//2774 1998//2774
f 2000//2285 2036//2285 2035//2285
f 2000//2775 2035//2775 1999//2775
f 2001//2776 2037//2776 2036//2776
f 2001//2625 2036//2625 2000//2625
f 2002//2288 2038//2288 2037//2288
f 2002//2777 2037//2777 2001//2777
f 2003//2778 2039//2778 2038//2778
f 2003//2779 2038//2779 2002//2779
f 2004//2780 2040//2780 2039//2780
f 2004//2781 2039//2781 2003//2781
f 2005//2782 2041//2782 2040//2782
f 2005//2783 2040//2783 2004//2783
f 2006//2784 2042//2784 2041//2784
f 2006//2785 2041//2785 2005//2785
f 2007//2786 2043//2786 2042//2786
f 2007//2787 2042//2787 2006//2787
f 2008//2788 2044//2788 2043//2788
f 2008//2789 2043//2789 2007//2789
f 2009//2790 2045//2790 2044//2790
f 2009//2791 2044//2791 2008//2791
f 2010//2642 2046//2642 1937//2642
f 2010//2792 1937//2792 1901//2792
f 2011//2079 2047//2079 2046//2079
f 2011//2793 2046//2793 2010//2793
f 2012//2794 2048//2794 2047//2794
f 2012//2081 2047//2081 2011//2081
f 2013//2795 2049//2795 2048//2795
f 2013//2795 2048//2795 2012//2795
f 2014//2796 2050//2796 2049//2796
f 2014//2797 2049//2797 2013//2797
f 2015//2798 2051//2798 2050//2798
f 2015//2799 2050//2799 2014//2799
f 2016//2800 2052//2800 2051//2800
f 2016//2801 2051//2801 2015//2801
f 2017//2802 2053//2802 2052//2802
f 2017//2803 2052//2803 2016//2803
f 2018//2089 2054//2089 2053//2089
f 2018//2804 2053//2804 2017//2804
f 2019//2090 2055//2090 2054//2090
f 2019//2805 2054//2805 2018//2805
f 2020//2806 2056//2806 2055//2806
f 2020//1697 2055//1697 2019//1697
f 2021//2807 2057//2807 2056//2807
f 2021//2808 2056//2808 2020//2808
f 2022//2312 2058//2312 2057//2312
f 2022//2313 2057//2313 2021//2313
f 2023//2314 2059//2314 2058//2314
f 2023//727 2058//727 2022//727
f 2024//2809 2060//2809 2059//2809
f 2024//2315 2059//2315 2023//2315
f 2025//2317 2061//2317 2060//2317
f 2025//1919 2060//1919 2024//1919
f 2026//733 2062//733 2061//733
f 2026//660 2061//660 2025//660
f 2027//593 2063//593 2062//593
f 2027//593 2062//593 2026//593
f 2028//595 2064//595 2063//595
f 2028//595 2063//595 2027//595
f 2029//2484 2065//2484 2064//2484
f 2029//596 2064//596 2028//596
f 2030//2485 2066//2485 2065//2485
f 2030//1629 2065//1629 2029//1629
f 2031//2487 2067//2487 2066//2487
f 2031//2810 2066//2810 2030//2810
f 2032//2650 2068//2650 2067//2650
f 2032//741 2067//741 2031//741
f 2033//2489 2069//2489 2068//2489
f 2033//2811 2068//2811 2032//2811
f 2034//2651 2070//2651 2069//2651
f 2034//2116 2069//2116 2033//2116
f 2035//2117 2071//2117 2070//2117
f 2035//2118 2070//2118 2034//2118
f 2036//2652 2072//2652 2071//2652
f 2036//2120 2071//2120 2035//2120
f 2037//2812 2073//2812 2072//2812
f 2037//683 2072//683 2036//683
f 2038//2123 2074//2123 2073//2123
f 2038//2124 2073//2124 2037//2124
f 2039//2125 2075//2125 2074//2125
f 2039//1928 2074//1928 2038//1928
f 2040//2126 2076//2126 2075//2126
f 2040//2127 2075//2127 2039//2127
f 2041//2128 2077//2128 2076//2128
f 2041//621 2076//621 2040//621
f 2042//2813 2078//2813 2077//2813
f 2042//2130 2077//2130 2041//2130
f 2043//2132 2079//2132 2078//2132
f 2043//695 2078//695 2042//695
f 2044//584 2080//584 2079//584
f 2044//584 2079//584 2043//584
f 2045//551 2081//551 2080//551
f 2045//758 2080//758 2044//758
f 2046//2814 2082//2814 1973//2814
f 2046//2815 1973//2815 1937//2815
f 2047//2816 2083//2816 2082//2816
f 2047//2660 2082//2660 2046//2660
f 2048//2136 2084//2136 2083//2136
f 2048//2137 2083//2137 2047//2137
f 2049//2817 2085//2817 2084//2817
f 2049//2139 2084//2139 2048//2139
f 2050//2818 2086//2818 2085//2818
f 2050//2819 2085//2819 2049//2819
f 2051//2346 2087//2346 2086//2346
f 2051//2820 2086//2820 2050//2820
f 2052//2144 2088//2144 2087//2144
f 2052//2821 2087//2821 2051//2821
f 2053//2822 2089//2822 2088//2822
f 2053//2823 2088//2823 2052//2823
f 2054//2350 2090//2350 2089//2350
f 2054//2824 2089//2824 2053//2824
f 2055//2352 2091//2352 2090//2352
f 2055//2353 2090//2353 2054//2353
f 2056//2354 2092//2354 2091//2354
f 2056//2825 2091//2825 2055//2825
f 2057//2826 2093//2826 2092//2826
f 2057//2827 2092//2827 2056//2827
f 2058//2828 2094//2828 2093//2828
f 2058//2829 2093//2829 2057//2829
f 2059//2830 2095//2830 2094//2830
f 2059//2831 2094//2831 2058//2831
f 2060//2832 2096//2832 2095//2832
f 2060//2833 2095//2833 2059//2833
f 2061//2834 2097//2834 2096//2834
f 2061//2684 2096//2684 2060//2684
f 2062//2835 2098//2835 2097//2835
f 2062//2836 2097//2836 2061//2836
f 2063//1275 2099//1275 2098//1275
f 2063//2837 2098//2837 2062//2837
f 2064//2838 2100//2838 2099//2838
f 2064//2839 2099//2839 2063//2839
f 2065//2840 2101//2840 2100//2840
f 2065//2841 2100//2841 2064//2841
f 2066//2842 2102//2842 2101//2842
f 2066//2843 2101//2843 2065//2843
f 2067//2844 2103//2844 2102//2844
f 2067//2845 2102//2845 2066//2845
f 2068//2846 2104//2846 2103//2846
f 2068//2847 2103//2847 2067//2847
f 2069//2848 2105//2848 2104//2848
f 2069//2849 2104//2849 2068//2849
f 2070//2541 2106//2541 2105//2541
f 2070//2850 2105//2850 2069//2850
f 2071//2378 2107//2378 2106//2378
f 2071//2379 2106//2379 2070//2379
f 2072//2183 2108//2183 2107//2183
f 2072//2851 2107//2851 2071//2851
f 2073//2545 2109//2545 2108//2545
f 2073//2852 2108//2852 2072//2852
f 2074//1964 2110//1964 2109//1964
f 2074//2853 2109//2853 2073//2853
f 2075//2383 2111//2383 2110//2383
f 2075//2854 2110//2854 2074//2854
f 2076//2855 2112//2855 2111//2855
f 2076//2551 2111//2551 2075//2551
f 2077//2856 2113//2856 2112//2856
f 2077//1073 2112//1073 2076//1073
f 2078//2857 2114//2857 2113//2857
f 2078//2554 2113//2554 2077//2554
f 2079//2555 2115//2555 2114//2555
f 2079//2858 2114//2858 2078//2858
f 2080//1976 2116//1976 2115//1976
f 2080//2558 2115//2558 2079//2558
f 2081//2859 2117//2859 2116//2859
f 2081//2202 2116//2202 2080//2202
f 2082//1314 2118//1314 2009//1314
f 2082//1083 2009//1083 1973//1083
f 2083//1978 2119//1978 2118//1978
f 2083//1517 2118//1517 2082//1517
f 2084//2560 2120//2560 2119//2560
f 2084//2709 2119//2709 2083//2709
f 2085//2562 2121//2562 2120//2562
f 2085//2711 2120//2711 2084//2711
f 2086//2563 2122//2563 2121//2563
f 2086//2564 2121//2564 2085//2564
f 2087//1092 2123//1092 2122//1092
f 2087//1093 2122//1093 2086//1093
f 2088//1094 2124//1094 2123//1094
f 2088//1095 2123//1095 2087//1095
f 2089//1696 2125//1696 2124//1696
f 2089//2212 2124//2212 2088//2212
f 2090//2213 2126//2213 2125//2213
f 2090//2213 2125//2213 2089//2213
f 2091//2214 2127//2214 2126//2214
f 2091//2214 2126//2214 2090//2214
f 2092//1698 2128//1698 2127//1698
f 2092//2215 2127//2215 2091//2215
f 2093//1327 2129//1327 2128//1327
f 2093//1328 2128//1328 2092//1328
f 2094//1329 2130//1329 2129//1329
f 2094//1330 2129//1330 2093//1330
f 2095//2411 2131//2411 2130//2411
f 2095//2412 2130//2412 2094//2412
f 2096//2413 2132//2413 2131//2413
f 2096//1110 2131//1110 2095//1110
f 2097//2414 2133//2414 2132//2414
f 2097//2860 2132//2860 2096//2860
f 2098//1526 2134//1526 2133//1526
f 2098//1852 2133//1852 2097//1852
f 2099//1527 2135//1527 2134//1527
f 2099//1117 2134//1117 2098//1117
f 2100//1340 2136//1340 2135//1340
f 2100//2861 2135//2861 2099//2861
f 2101//1853 2137//1853 2136//1853
f 2101//1121 2136//1121 2100//1121
f 2102//2221 2138//2221 2137//2221
f 2102//2862 2137//2862 2101//2862
f 2103//2415 2139//2415 2138//2415
f 2103//2586 2138//2586 2102//2586
f 2104//2416 2140//2416 2139//2416
f 2104//2417 2139//2417 2103//2417
f 2105//2863 2141//2863 2140//2863
f 2105//1536 2140//1536 2104//1536
f 2106//2732 2142//2732 2141//2732
f 2106//2864 2141//2864 2105//2864
f 2107//2865 2143//2865 2142//2865
f 2107//2865 2142//2865 2106//2865
f 2108//2735 2144//2735 2143//2735
f 2108//2735 2143//2735 2107//2735
f 2109//1996 2145//1996 2144//1996
f 2109//1996 2144//1996 2108//1996
f 2110//1997 2146//1997 2145//1997
f 2110//1997 2145//1997 2109//1997
f 2111//1998 2147//1998 2146//1998
f 2111//2866 2146//2866 2110//2866
f 2112//2867 2148//2867 2147//2867
f 2112//2868 2147//2868 2111//2868
f 2113//2869 2149//2869 2148//2869
f 2113//2870 2148//2870 2112//2870
f 2114//2871 2150//2871 2149//2871
f 2114//2005 2149//2005 2113//2005
f 2115//2872 2151//2872 2150//2872
f 2115//2007 2150//2007 2114//2007
f 2116//2008 2152//2008 2151//2008
f 2116//2009 2151//2009 2115//2009
f 2117//2873 2153//2873 2152//2873
f 2117//2011 2152//2011 2116//2011
f 2118//2874 2154//2874 2045//2874
f 2118//1863 2045//1863 2009//1863
f 2119//2875 2155//2875 2154//2875
f 2119//2876 2154//2876 2118//2876
f 2120//2877 2156//2877 2155//2877
f 2120//2878 2155//2878 2119//2878
f 2121//2879 2157//2879 2156//2879
f 2121//2880 2156//2880 2120//2880
f 2122//2881 2158//2881 2157//2881
f 2122//2882 2157//2882 2121//2882
f 2123//2883 2159//2883 2158//2883
f 2123//2884 2158//2884 2122//2884
f 2124//2885 2160//2885 2159//2885
f 2124//2886 2159//2886 2123//2886
f 2125//2250 2161//2250 2160//2250
f 2125//2887 2160//2887 2124//2887
f 2126//2252 2162//2252 2161//2252
f 2126//2888 2161//2888 2125//2888
f 2127//2889 2163//2889 2162//2889
f 2127//2600 2162//2600 2126//2600
f 2128//2029 2164//2029 2163//2029
f 2128//2890 2163//2890 2127//2890
f 2129//2891 2165//2891 2164//2891
f 2129//2892 2164//2892 2128//2892
f 2130//2033 2166//2033 2165//2033
f 2130//2603 2165//2603 2129//2603
f 2131//2753 2167//2753 2166//2753
f 2131//2893 2166//2893 2130//2893
f 2132//2755 2168//2755 2167//2755
f 2132//2606 2167//2606 2131//2606
f 2133//2607 2169//2607 2168//2607
f 2133//2608 2168//2608 2132//2608
f 2134//2894 2170//2894 2169//2894
f 2134//2610 2169//2610 2133//2610
f 2135//2895 2171//2895 2170//2895
f 2135//2271 2170//2271 2134//2271
f 2136//2896 2172//2896 2171//2896
f 2136//2897 2171//2897 2135//2897
f 2137//2274 2173//2274 2172//2274
f 2137//2046 2172//2046 2136//2046
f 2138//2614 2174//2614 2173//2614
f 2138//2277 2173//2277 2137//2277
f 2139//2278 2175//2278 2174//2278
f 2139//2768 2174//2768 2138//2768
f 2140//2280 2176//2280 2175//2280
f 2140//2898 2175//2898 2139//2898
f 2141//2053 2177//2053 2176//2053
f 2141//2772 2176//2772 2140//2772
f 2142//2055 2178//2055 2177//2055
f 2142//2899 2177//2899 2141//2899
f 2143//2464 2179//2464 2178//2464
f 2143//2900 2178//2900 2142//2900
f 2144//2466 2180//2466 2179//2466
f 2144//2901 2179//2901 2143//2901
f 2145//2061 2181//2061 2180//2061
f 2145//2468 2180//2468 2144//2468
f 2146//2063 2182//2063 2181//2063
f 2146//2064 2181//2064 2145//2064
f 2147//2470 2183//2470 2182//2470
f 2147//2066 2182//2066 2146//2066
f 2148//2902 2184//2902 2183//2902
f 2148//1420 2183//1420 2147//1420
f 2149//2292 2185//2292 2184//2292
f 2149//2293 2184//2293 2148//2293
f 2150//2903 2186//2903 2185//2903
f 2150//2474 2185//2474 2149//2474
f 2151//2904 2187//2904 2186//2904
f 2151//2475 2186//2475 2150//2475
f 2152//2905 2188//2905 2187//2905
f 2152//2296 2187//2296 2151//2296
f 2153//2906 2189//2906 2188//2906
f 2153//2298 2188//2298 2152//2298
f 2154//700 2190//700 2081//700
f 2154//974 2081//974 2045//974
f 2155//702 2191//702 2190//702
f 2155//2477 2190//2477 2154//2477
f 2156//2080 2192//2080 2191//2080
f 2156//1774 2191//1774 2155//1774
f 2157//2907 2193//2907 2192//2907
f 2157//2300 2192//2300 2156//2300
f 2158//2083 2194//2083 2193//2083
f 2158//977 2193//977 2157//977
f 2159//2908 2195//2908 2194//2908
f 2159//711 2194//711 2158//711
f 2160//2909 2196//2909 2195//2909
f 2160//2910 2195//2910 2159//2910
f 2161//2911 2197//2911 2196//2911
f 2161//2912 2196//2912 2160//2912
f 2162//2913 2198//2913 2197//2913
f 2162//2914 2197//2914 2161//2914
f 2163//2090 2199//2090 2198//2090
f 2163//2915 2198//2915 2162//2915
f 2164//2092 2200//2092 2199//2092
f 2164//1697 2199//1697 2163//1697
f 2165//2916 2201//2916 2200//2916
f 2165//2094 2200//2094 2164//2094
f 2166//2095 2202//2095 2201//2095
f 2166//2096 2201//2096 2165//2096
f 2167//2097 2203//2097 2202//2097
f 2167//2917 2202//2917 2166//2917
f 2168//2918 2204//2918 2203//2918
f 2168//2918 2203//2918 2167//2918
f 2169//2101 2205//2101 2204//2101
f 2169//2102 2204//2102 2168//2102
f 2170//2919 2206//2919 2205//2919
f 2170//2920 2205//2920 2169//2920
f 2171//2105 2207//2105 2206//2105
f 2171//2105 2206//2105 2170//2105
f 2172//2106 2208//2106 2207//2106
f 2172//2107 2207//2107 2171//2107
f 2173//2484 2209//2484 2208//2484
f 2173//2921 2208//2921 2172//2921
f 2174//2922 2210//2922 2209//2922
f 2174//1629 2209//1629 2173//1629
f 2175//2810 2211//2810 2210//2810
f 2175//2487 2210//2487 2174//2487
f 2176//2650 2212//2650 2211//2650
f 2176//741 2211//741 2175//741
f 2177//2114 2213//2114 2212//2114
f 2177//675 2212//675 2176//675
f 2178//2651 2214//2651 2213//2651
f 2178//2116 2213//2116 2177//2116
f 2179//2117 2215//2117 2214//2117
f 2179//2118 2214//2118 2178//2118
f 2180//2119 2216//2119 2215//2119
f 2180//2653 2215//2653 2179//2653
f 2181//2812 2217//2812 2216//2812
f 2181//2122 2216//2122 2180//2122
f 2182//2123 2218//2123 2217//2123
f 2182//2124 2217//2124 2181//2124
f 2183//2923 2219//2923 2218//2923
f 2183//1928 2218//1928 2182//1928
f 2184//2126 2220//2126 2219//2126
f 2184//2127 2219//2127 2183//2127
f 2185//2128 2221//2128 2220//2128
f 2185//621 2220//621 2184//621
f 2186//2130 2222//2130 2221//2130
f 2186//2813 2221//2813 2185//2813
f 2187//2132 2223//2132 2222//2132
f 2187//695 2222//695 2186//695
f 2188//627 2224//627 2223//627
f 2188//584 2223//584 2187//584
f 2189//551 2225//551 2224//551
f 2189//758 2224//758 2188//758
f 2190//2133 2226//2133 2117//2133
f 2190//2658 2117//2658 2081//2658
f 2191//2342 2227//2342 2226//2342
f 2191//2135 2226//2135 2190//2135
f 2192//2136 2228//2136 2227//2136
f 2192//2137 2227//2137 2191//2137
f 2193//2138 2229//2138 2228//2138
f 2193//2345 2228//2345 2192//2345
f 2194//2140 2230//2140 2229//2140
f 2194//2819 2229//2819 2193//2819
f 2195//2142 2231//2142 2230//2142
f 2195//2924 2230//2924 2194//2924
f 2196//2144 2232//2144 2231//2144
f 2196//2348 2231//2348 2195//2348
f 2197//2146 2233//2146 2232//2146
f 2197//2925 2232//2925 2196//2925
f 2198//2148 2234//2148 2233//2148
f 2198//2926 2233//2926 2197//2926
f 2199//2525 2235//2525 2234//2525
f 2199//2151 2234//2151 2198//2151
f 2200//2527 2236//2527 2235//2527
f 2200//2927 2235//2927 2199//2927
f 2201//2154 2237//2154 2236//2154
f 2201//2155 2236//2155 2200//2155
f 2202//2531 2238//2531 2237//2531
f 2202//2532 2237//2532 2201//2532
f 2203//2928 2239//2928 2238//2928
f 2203//1947 2238//1947 2202//1947
f 2204//2159 2240//2159 2239//2159
f 2204//2929 2239//2929 2203//2929
f 2205//2161 2241//2161 2240//2161
f 2205//2930 2240//2930 2204//2930
f 2206//2163 2242//2163 2241//2163
f 2206//2686 2241//2686 2205//2686
f 2207//2931 2243//2931 2242//2931
f 2207//2166 2242//2166 2206//2166
f 2208//2167 2244//2167 2243//2167
f 2208//2168 2243//2168 2207//2168
f 2209//2932 2245//2932 2244//2932
f 2209//2933 2244//2933 2208//2933
f 2210//2934 2246//2934 2245//2934
f 2210//2843 2245//2843 2209//2843
f 2211//2935 2247//2935 2246//2935
f 2211//2845 2246//2845 2210//2845
f 2212//2936 2248//2936 2247//2936
f 2212//2937 2247//2937 2211//2937
f 2213//2177 2249//2177 2248//2177
f 2213//2938 2248//2938 2212//2938
f 2214//2179 2250//2179 2249//2179
f 2214//2939 2249//2939 2213//2939
f 2215//2181 2251//2181 2250//2181
f 2215//2182 2250//2182 2214//2182
f 2216//2543 2252//2543 2251//2543
f 2216//2940 2251//2940 2215//2940
f 2217//2185 2253//2185 2252//2185
f 2217//2186 2252//2186 2216//2186
f 2218//2187 2254//2187 2253//2187
f 2218//2941 2253//2941 2217//2941
f 2219//2942 2255//2942 2254//2942
f 2219//2943 2254//2943 2218//2943
f 2220//2944 2256//2944 2255//2944
f 2220//2945 2255//2945 2219//2945
f 2221//2946 2257//2946 2256//2946
f 2221//2947 2256//2947 2220//2947
f 2222//2702 2258//2702 2257//2702
f 2222//2948 2257//2948 2221//2948
f 2223//2704 2259//2704 2258//2704
f 2223//2556 2258//2556 2222//2556
f 2224//2949 2260//2949 2259//2949
f 2224//2558 2259//2558 2223//2558
f 2225//2950 2261//2950 2260//2950
f 2225//2707 2260//2707 2224//2707
f 2226//2951 2262//2951 2153//2951
f 2226//2204 2153//2204 2117//2204
f 2227//1084 2263//1084 2262//1084
f 2227//2206 2262//2206 2226//2206
f 2228//2952 2264//2952 2263//2952
f 2228//2561 2263//2561 2227//2561
f 2229//2562 2265//2562 2264//2562
f 2229//1317 2264//1317 2228//1317
f 2230//2712 2266//2712 2265//2712
f 2230//2953 2265//2953 2229//2953
f 2231//1092 2267//1092 2266//1092
f 2231//1093 2266//1093 2230//1093
f 2232//2211 2268//2211 2267//2211
f 2232//1095 2267//1095 2231//1095
f 2233//1696 2269//1696 2268//1696
f 2233//2212 2268//2212 2232//2212
f 2234//2213 2270//2213 2269//2213
f 2234//2213 2269//2213 2233//2213
f 2235//2214 2271//2214 2270//2214
f 2235//2214 2270//2214 2234//2214
f 2236//1698 2272//1698 2271//1698
f 2236//2215 2271//2215 2235//2215
f 2237//1327 2273//1327 2272//1327
f 2237//1525 2272//1525 2236//1525
f 2238//1329 2274//1329 2273//1329
f 2238//1330 2273//1330 2237//1330
f 2239//2954 2275//2954 2274//2954
f 2239//2955 2274//2955 2238//2955
f 2240//2218 2276//2218 2275//2218
f 2240//2717 2275//2717 2239//2717
f 2241//2414 2277//2414 2276//2414
f 2241//2220 2276//2220 2240//2220
f 2242//1851 2278//1851 2277//1851
f 2242//1852 2277//1852 2241//1852
f 2243//2956 2279//2956 2278//2956
f 2243//2956 2278//2956 2242//2956
f 2244//2861 2280//2861 2279//2861
f 2244//1340 2279//1340 2243//1340
f 2245//1853 2281//1853 2280//1853
f 2245//1854 2280//1854 2244//1854
f 2246//1989 2282//1989 2281//1989
f 2246//2222 2281//2222 2245//2222
f 2247//2415 2283//2415 2282//2415
f 2247//1124 2282//1124 2246//1124
f 2248//1992 2284//1992 2283//1992
f 2248//2957 2283//2957 2247//2957
f 2249//1855 2285//1855 2284//1855
f 2249//1536 2284//1536 2248//1536
f 2250//1537 2286//1537 2285//1537
f 2250//1856 2285//1856 2249//1856
f 2251//1540 2287//1540 2286//1540
f 2251//2958 2286//2958 2250//2958
f 2252//2225 2288//2225 2287//2225
f 2252//2225 2287//2225 2251//2225
f 2253//2226 2289//2226 2288//2226
f 2253//2226 2288//2226 2252//2226
f 2254//1705 2290//1705 2289//1705
f 2254//2227 2289//2227 2253//2227
f 2255//1140 2291//1140 2290//1140
f 2255//1141 2290//1141 2254//1141
f 2256//1142 2292//1142 2291//1142
f 2256//1358 2291//1358 2255//1358
f 2257//2959 2293//2959 2292//2959
f 2257//1359 2292//1359 2256//1359
f 2258//2960 2294//2960 2293//2960
f 2258//2961 2293//2961 2257//2961
f 2259//2962 2295//2962 2294//2962
f 2259//2007 2294//2007 2258//2007
f 2260//2008 2296//2008 2295//2008
f 2260//2963 2295//2963 2259//2963
f 2261//2964 2297//2964 2296//2964
f 2261//2011 2296//2011 2260//2011
f 2262//2965 2298//2965 2189//2965
f 2262//2237 2189//2237 2153//2237
f 2263//2966 2299//2966 2298//2966
f 2263//2967 2298//2967 2262//2967
f 2264//2968 2300//2968 2299//2968
f 2264//2969 2299//2969 2263//2969
f 2265//2970 2301//2970 2300//2970
f 2265//2971 2300//2971 2264//2971
f 2266//2244 2302//2244 2301//2244
f 2266//2972 2301//2972 2265//2972
f 2267//2973 2303//2973 2302//2973
f 2267//2247 2302//2247 2266//2247
f 2268//2248 2304//2248 2303//2248
f 2268//2974 2303//2974 2267//2974
f 2269//2250 2305//2250 2304//2250
f 2269//2251 2304//2251 2268//2251
f 2270//2252 2306//2252 2305//2252
f 2270//2975 2305//2975 2269//2975
f 2271//2254 2307//2254 2306//2254
f 2271//2440 2306//2440 2270//2440
f 2272//2256 2308//2256 2307//2256
f 2272//2976 2307//2976 2271//2976
f 2273//2977 2309//2977 2308//2977
f 2273//2259 2308//2259 2272//2259
f 2274//2978 2310//2978 2309//2978
f 2274//2261 2309//2261 2273//2261
f 2275//2979 2311//2979 2310//2979
f 2275//2263 2310//2263 2274//2263
f 2276//2755 2312//2755 2311//2755
f 2276//2606 2311//2606 2275//2606
f 2277//2607 2313//2607 2312//2607
f 2277//2608 2312//2608 2276//2608
f 2278//2609 2314//2609 2313//2609
f 2278//2760 2313//2760 2277//2760
f 2279//2980 2315//2980 2314//2980
f 2279//2762 2314//2762 2278//2762
f 2280//2981 2316//2981 2315//2981
f 2280//2273 2315//2273 2279//2273
f 2281//2982 2317//2982 2316//2982
f 2281//2275 2316//2275 2280//2275
f 2282//2766 2318//2766 2317//2766
f 2282//2767 2317//2767 2281//2767
f 2283//2049 2319//2049 2318//2049
f 2283//2983 2318//2983 2282//2983
f 2284//2280 2320//2280 2319//2280
f 2284//2984 2319//2984 2283//2984
f 2285//2771 2321//2771 2320//2771
f 2285//2054 2320//2054 2284//2054
f 2286//2282 2322//2282 2321//2282
f 2286//2773 2321//2773 2285//2773
f 2287//2985 2323//2985 2322//2985
f 2287//2284 2322//2284 2286//2284
f 2288//2285 2324//2285 2323//2285
f 2288//2986 2323//2986 2287//2986
f 2289//2061 2325//2061 2324//2061
f 2289//2062 2324//2062 2288//2062
f 2290//2288 2326//2288 2325//2288
f 2290//2987 2325//2987 2289//2987
f 2291//2290 2327//2290 2326//2290
f 2291//2988 2326//2988 2290//2988
f 2292//2067 2328//2067 2327//2067
f 2292//2989 2327//2989 2291//2989
f 2293//2292 2329//2292 2328//2292
f 2293//2293 2328//2293 2292//2293
f 2294//2903 2330//2903 2329//2903
f 2294//2474 2329//2474 2293//2474
f 2295//2294 2331//2294 2330//2294
f 2295//2475 2330//2475 2294//2475
f 2296//2476 2332//2476 2331//2476
f 2296//2076 2331//2076 2295//2076
f 2297//2990 2333//2990 2332//2990
f 2297//2298 2332//2298 2296//2298
f 2298//700 2334//700 2225//700
f 2298//700 2225//700 2189//700
f 2299//2477 2335//2477 2334//2477
f 2299//702 2334//702 2298//702
f 2300//2080 2336//2080 2335//2080
f 2300//1774 2335//1774 2299//1774
f 2301//2300 2337//2300 2336//2300
f 2301//2907 2336//2907 2300//2907
f 2302//2083 2338//2083 2337//2083
f 2302//977 2337//977 2301//977
f 2303//2085 2339//2085 2338//2085
f 2303//2086 2338//2086 2302//2086
f 2304//2991 2340//2991 2339//2991
f 2304//1914 2339//1914 2303//1914
f 2305//2479 2341//2479 2340//2479
f 2305//715 2340//715 2304//715
f 2306//2480 2342//2480 2341//2480
f 2306//2306 2341//2306 2305//2306
f 2307//2481 2343//2481 2342//2481
f 2307//2308 2342//2308 2306//2308
f 2308//2309 2344//2309 2343//2309
f 2308//2310 2343//2310 2307//2310
f 2309//2483 2345//2483 2344//2483
f 2309//1917 2344//1917 2308//1917
f 2310//2312 2346//2312 2345//2312
f 2310//2313 2345//2313 2309//2313
f 2311//2992 2347//2992 2346//2992
f 2311//727 2346//727 2310//727
f 2312//2099 2348//2099 2347//2099
f 2312//2993 2347//2993 2311//2993
f 2313//2994 2349//2994 2348//2994
f 2313//2995 2348//2995 2312//2995
f 2314//2996 2350//2996 2349//2996
f 2314//2997 2349//2997 2313//2997
f 2315//2318 2351//2318 2350//2318
f 2315//2105 2350//2105 2314//2105
f 2316//2107 2352//2107 2351//2107
f 2316//2319 2351//2319 2315//2319
f 2317//2998 2353//2998 2352//2998
f 2317//2109 2352//2109 2316//2109
f 2318//2110 2354//2110 2353//2110
f 2318//2321 2353//2321 2317//2321
f 2319//2999 2355//2999 2354//2999
f 2319//2112 2354//2112 2318//2112
f 2320//3000 2356//3000 2355//3000
f 2320//2323 2355//2323 2319//2323
f 2321//2324 2357//2324 2356//2324
f 2321//2325 2356//2325 2320//2325
f 2322//2326 2358//2326 2357//2326
f 2322//3001 2357//3001 2321//3001
f 2323//2328 2359//2328 2358//2328
f 2323//2329 2358//2329 2322//2329
f 2324//3002 2360//3002 2359//3002
f 2324//3003 2359//3003 2323//3003
f 2325//612 2361//612 2360//612
f 2325//999 2360//999 2324//999
f 2326//2123 2362//2123 2361//2123
f 2326//2124 2361//2124 2325//2124
f 2327//2923 2363//2923 2362//2923
f 2327//1928 2362//1928 2326//1928
f 2328//2126 2364//2126 2363//2126
f 2328//2127 2363//2127 2327//2127
f 2329//2128 2365//2128 2364//2128
f 2329//621 2364//621 2328//621
f 2330//2813 2366//2813 2365//2813
f 2330//2130 2365//2130 2329//2130
f 2331//2132 2367//2132 2366//2132
f 2331//695 2366//695 2330//695
f 2332//584 2368//584 2367//584
f 2332//584 2367//584 2331//584
f 2333//551 2369//551 2368//551
f 2333//551 2368//551 2332//551
f 2334//3004 2370//3004 2261//3004
f 2334//2341 2261//2341 2225//2341
f 2335//2134 2371//2134 2370//2134
f 2335//2660 2370//2660 2334//2660
f 2336//2343 2372//2343 2371//2343
f 2336//2137 2371//2137 2335//2137
f 2337//2138 2373//2138 2372//2138
f 2337//3005 2372//3005 2336//3005
f 2338//3006 2374//3006 2373//3006
f 2338//2141 2373//2141 2337//2141
f 2339//2142 2375//2142 2374//2142
f 2339//2143 2374//2143 2338//2143
f 2340//2144 2376//2144 2375//2144
f 2340//2145 2375//2145 2339//2145
f 2341//2146 2377//2146 2376//2146
f 2341//2349 2376//2349 2340//2349
f 2342//2148 2378//2148 2377//2148
f 2342//3007 2377//3007 2341//3007
f 2343//3008 2379//3008 2378//3008
f 2343//2151 2378//2151 2342//2151
f 2344//2527 2380//2527 2379//2527
f 2344//3009 2379//3009 2343//3009
f 2345//2154 2381//2154 2380//2154
f 2345//3010 2380//3010 2344//3010
f 2346//2156 2382//2156 2381//2156
f 2346//3011 2381//3011 2345//3011
f 2347//3012 2383//3012 2382//3012
f 2347//2360 2382//2360 2346//2360
f 2348//3013 2384//3013 2383//3013
f 2348//3014 2383//3014 2347//3014
f 2349//3015 2385//3015 2384//3015
f 2349//2363 2384//2363 2348//2363
f 2350//2364 2386//2364 2385//2364
f 2350//2686 2385//2686 2349//2686
f 2351//3016 2387//3016 2386//3016
f 2351//2367 2386//2367 2350//2367
f 2352//3017 2388//3017 2387//3017
f 2352//2369 2387//2369 2351//2369
f 2353//3018 2389//3018 2388//3018
f 2353//2371 2388//2371 2352//2371
f 2354//2171 2390//2171 2389//2171
f 2354//3019 2389//3019 2353//3019
f 2355//3020 2391//3020 2390//3020
f 2355//3021 2390//3021 2354//3021
f 2356//2373 2392//2373 2391//2373
f 2356//2374 2391//2374 2355//2374
f 2357//1954 2393//1954 2392//1954
f 2357//2375 2392//2375 2356//2375
f 2358//2376 2394//2376 2393//2376
f 2358//2850 2393//2850 2357//2850
f 2359//2378 2395//2378 2394//2378
f 2359//2379 2394//2379 2358//2379
f 2360//2183 2396//2183 2395//2183
f 2360//3022 2395//3022 2359//3022
f 2361//3023 2397//3023 2396//3023
f 2361//1296 2396//1296 2360//1296
f 2362//3024 2398//3024 2397//3024
f 2362//3025 2397//3025 2361//3025
f 2363//3026 2399//3026 2398//3026
f 2363//3027 2398//3027 2362//3027
f 2364//3028 2400//3028 2399//3028
f 2364//3029 2399//3029 2363//3029
f 2365//2387 2401//2387 2400//2387
f 2365//2388 2400//2388 2364//2388
f 2366//3030 2402//3030 2401//3030
f 2366//3031 2401//3031 2365//3031
f 2367//3032 2403//3032 2402//3032
f 2367//3033 2402//3033 2366//3033
f 2368//3034 2404//3034 2403//3034
f 2368//2393 2403//2393 2367//2393
f 2369//1690 2405//1690 2404//1690
f 2369//2394 2404//2394 2368//2394
f 2370//2395 2406//2395 2297//2395
f 2370//3035 2297//3035 2261//3035
f 2371//2396 2407//2396 2406//2396
f 2371//2397 2406//2397 2370//2397
f 2372//3036 2408//3036 2407//3036
f 2372//2207 2407//2207 2371//2207
f 2373//3037 2409//3037 2408//3037
f 2373//2398 2408//2398 2372//2398
f 2374//3038 2410//3038 2409//3038
f 2374//2400 2409//2400 2373//2400
f 2375//2401 2411//2401 2410//2401
f 2375//2402 2410//2402 2374//2402
f 2376//1913 2412//1913 2411//1913
f 2376//3039 2411//3039 2375//3039
f 2377//2405 2413//2405 2412//2405
f 2377//2405 2412//2405 2376//2405
f 2378//1322 2414//1322 2413//1322
f 2378//1322 2413//1322 2377//1322
f 2379//3040 2415//3040 2414//3040
f 2379//2406 2414//2406 2378//2406
f 2380//1698 2416//1698 2415//1698
f 2380//3041 2415//3041 2379//3041
f 2381//2716 2417//2716 2416//2716
f 2381//1525 2416//1525 2380//1525
f 2382//3042 2418//3042 2417//3042
f 2382//1330 2417//1330 2381//1330
f 2383//2954 2419//2954 2418//2954
f 2383//2955 2418//2955 2382//2955
f 2384//2413 2420//2413 2419//2413
f 2384//2717 2419//2717 2383//2717
f 2385//2414 2421//2414 2420//2414
f 2385//2860 2420//2860 2384//2860
f 2386//1851 2422//1851 2421//1851
f 2386//1700 2421//1700 2385//1700
f 2387//2956 2423//2956 2422//2956
f 2387//1117 2422//1117 2386//1117
f 2388//2861 2424//2861 2423//2861
f 2388//1340 2423//1340 2387//1340
f 2389//1853 2425//1853 2424//1853
f 2389//1121 2424//1121 2388//1121
f 2390//1989 2426//1989 2425//1989
f 2390//2222 2425//2222 2389//2222
f 2391//3043 2427//3043 2426//3043
f 2391//2586 2426//2586 2390//2586
f 2392//3044 2428//3044 2427//3044
f 2392//2957 2427//2957 2391//2957
f 2393//1855 2429//1855 2428//1855
f 2393//1536 2428//1536 2392//1536
f 2394//1994 2430//1994 2429//1994
f 2394//1348 2429//1348 2393//1348
f 2395//1540 2431//1540 2430//1540
f 2395//1995 2430//1995 2394//1995
f 2396//2588 2432//2588 2431//2588
f 2396//2225 2431//2225 2395//2225
f 2397//2226 2433//2226 2432//2226
f 2397//2226 2432//2226 2396//2226
f 2398//1705 2434//1705 2433//1705
f 2398//2227 2433//2227 2397//2227
f 2399//1355 2435//1355 2434//1355
f 2399//3045 2434//3045 2398//3045
f 2400//1142 2436//1142 2435//1142
f 2400//1358 2435//1358 2399//1358
f 2401//2228 2437//2228 2436//2228
f 2401//3046 2436//3046 2400//3046
f 2402//2230 2438//2230 2437//2230
f 2402//1360 2437//1360 2401//1360
f 2403//2422 2439//2422 2438//2422
f 2403//2740 2438//2740 2402//2740
f 2404//1150 2440//1150 2439//1150
f 2404//2233 2439//2233 2403//2233
f 2405//3047 2441//3047 2440//3047
f 2405//3047 2440//3047 2404//3047
f 2406//3048 2442//3048 2333//3048
f 2406//2424 2333//2424 2297//2424
f 2407//3049 2443//3049 2442//3049
f 2407//2742 2442//2742 2406//2742
f 2408//2427 2444//2427 2443//2427
f 2408//3050 2443//3050 2407//3050
f 2409//2429 2445//2429 2444//2429
f 2409//3051 2444//3051 2408//3051
f 2410//2430 2446//2430 2445//2430
f 2410//3052 2445//3052 2409//3052
f 2411//2020 2447//2020 2446//2020
f 2411//2746 2446//2746 2410//2746
f 2412//2885 2448//2885 2447//2885
f 2412//2747 2447//2747 2411//2747
f 2413//2435 2449//2435 2448//2435
f 2413//3053 2448//3053 2412//3053
f 2414//2252 2450//2252 2449//2252
f 2414//3054 2449//3054 2413//3054
f 2415//3055 2451//3055 2450//3055
f 2415//1873 2450//1873 2414//1873
f 2416//3056 2452//3056 2451//3056
f 2416//3057 2451//3057 2415//3057
f 2417//3058 2453//3058 2452//3058
f 2417//3059 2452//3059 2416//3059
f 2418//3060 2454//3060 2453//3060
f 2418//3061 2453//3061 2417//3061
f 2419//2262 2455//2262 2454//2262
f 2419//3062 2454//3062 2418//3062
f 2420//3063 2456//3063 2455//3063
f 2420//2265 2455//2265 2419//2265
f 2421//3064 2457//3064 2456//3064
f 2421//3065 2456//3065 2420//3065
f 2422//3066 2458//3066 2457//3066
f 2422//2447 2457//2447 2421//2447
f 2423//3067 2459//3067 2458//3067
f 2423//3068 2458//3068 2422//3068
f 2424//3069 2460//3069 2459//3069
f 2424//2451 2459//2451 2423//2451
f 2425//3070 2461//3070 2460//3070
f 2425//3071 2460//3071 2424//3071
f 2426//2454 2462//2454 2461//2454
f 2426//3072 2461//3072 2425//3072
f 2427//3073 2463//3073 2462//3073
f 2427//3074 2462//3074 2426//3074
f 2428//3075 2464//3075 2463//3075
f 2428//3076 2463//3076 2427//3076
f 2429//2771 2465//2771 2464//2771
f 2429//3077 2464//3077 2428//3077
f 2430//2055 2466//2055 2465//2055
f 2430//2899 2465//2899 2429//2899
f 2431//2057 2467//2057 2466//2057
f 2431//2058 2466//2058 2430//2058
f 2432//2285 2468//2285 2467//2285
f 2432//3078 2467//3078 2431//3078
f 2433//2776 2469//2776 2468//2776
f 2433//2062 2468//2062 2432//2062
f 2434//2063 2470//2063 2469//2063
f 2434//3079 2469//3079 2433//3079
f 2435//2470 2471//2470 2470//2470
f 2435//2471 2470//2471 2434//2471
f 2436//2067 2472//2067 2471//2067
f 2436//2068 2471//2068 2435//2068
f 2437//2292 2473//2292 2472//2292
f 2437//2070 2472//2070 2436//2070
f 2438//2473 2474//2473 2473//2473
f 2438//2474 2473//2474 2437//2474
f 2439//2294 2475//2294 2474//2294
f 2439//2475 2474//2475 2438//2475
f 2440//2295 2476//2295 2475//2295
f 2440//2076 2475//2076 2439//2076
f 2441//3080 2477//3080 2476//3080
f 2441//3081 2476//3081 2440//3081
f 2442//700 2478//700 2369//700
f 2442//700 2369//700 2333//700
f 2443//2477 2479//2477 2478//2477
f 2443//2477 2478//2477 2442//2477
f 2444//2080 2480//2080 2479//2080
f 2444//1774 2479//1774 2443//1774
f 2445//2300 2481//2300 2480//2300
f 2445//2907 2480//2907 2444//2907
f 2446//2083 2482//2083 2481//2083
f 2446//977 2481//977 2445//977
f 2447//2478 2483//2478 2482//2478
f 2447//2086 2482//2086 2446//2086
f 2448//2991 2484//2991 2483//2991
f 2448//1914 2483//1914 2447//1914
f 2449//2479 2485//2479 2484//2479
f 2449//715 2484//715 2448//715
f 2450//2480 2486//2480 2485//2480
f 2450//2647 2485//2647 2449//2647
f 2451//2481 2487//2481 2486//2481
f 2451//2648 2486//2648 2450//2648
f 2452//2482 2488//2482 2487//2482
f 2452//721 2487//721 2451//721
f 2453//2483 2489//2483 2488//2483
f 2453//1917 2488//1917 2452//1917
f 2454//2312 2490//2312 2489//2312
f 2454//2313 2489//2313 2453//2313
f 2455//2314 2491//2314 2490//2314
f 2455//727 2490//727 2454//727
f 2456//2315 2492//2315 2491//2315
f 2456//2809 2491//2809 2455//2809
f 2457//3082 2493//3082 2492//3082
f 2457//1919 2492//1919 2456//1919
f 2458//660 2494//660 2493//660
f 2458//733 2493//733 2457//733
f 2459//663 2495//663 2494//663
f 2459//593 2494//593 2458//593
f 2460//3083 2496//3083 2495//3083
f 2460//595 2495//595 2459//595
f 2461//2484 2497//2484 2496//2484
f 2461//596 2496//596 2460//596
f 2462//2922 2498//2922 2497//2922
f 2462//1629 2497//1629 2461//1629
f 2463//2810 2499//2810 2498//2810
f 2463//2487 2498//2487 2462//2487
f 2464//2322 2500//2322 2499//2322
f 2464//741 2499//741 2463//741
f 2465//2324 2501//2324 2500//2324
f 2465//3084 2500//3084 2464//3084
f 2466//2490 2502//2490 2501//2490
f 2466//2327 2501//2327 2465//2327
f 2467//2491 2503//2491 2502//2491
f 2467//2492 2502//2492 2466//2492
f 2468//3002 2504//3002 2503//3002
f 2468//2331 2503//2331 2467//2331
f 2469//3085 2505//3085 2504//3085
f 2469//2494 2504//2494 2468//2494
f 2470//2334 2506//2334 2505//2334
f 2470//2495 2505//2495 2469//2495
f 2471//2496 2507//2496 2506//2496
f 2471//2337 2506//2337 2470//2337
f 2472//2498 2508//2498 2507//2498
f 2472//2338 2507//2338 2471//2338
f 2473//2499 2509//2499 2508//2499
f 2473//3086 2508//3086 2472//3086
f 2474//3087 2510//3087 2509//3087
f 2474//3087 2509//3087 2473//3087
f 2475//3088 2511//3088 2510//3088
f 2475//2504 2510//2504 2474//2504
f 2476//2505 2512//2505 2511//2505
f 2476//2506 2511//2506 2475//2506
f 2477//3089 2513//3089 2512//3089
f 2477//2507 2512//2507 2476//2507
f 2478//3090 2514//3090 2405//3090
f 2478//2509 2405//2509 2369//2509
f 2479//2510 2515//2510 2514//2510
f 2479//3091 2514//3091 2478//3091
f 2480//3092 2516//3092 2515//3092
f 2480//2513 2515//2513 2479//2513
f 2481//3093 2517//3093 2516//3093
f 2481//2515 2516//2515 2480//2515
f 2482//3094 2518//3094 2517//3094
f 2482//2517 2517//2517 2481//2517
f 2483//2346 2519//2346 2518//2346
f 2483//3095 2518//3095 2482//3095
f 2484//2144 2520//2144 2519//2144
f 2484//3096 2519//3096 2483//3096
f 2485//2146 2521//2146 2520//2146
f 2485//3097 2520//3097 2484//3097
f 2486//2148 2522//2148 2521//2148
f 2486//2149 2521//2149 2485//2149
f 2487//2150 2523//2150 2522//2150
f 2487//2151 2522//2151 2486//2151
f 2488//2527 2524//2527 2523//2527
f 2488//3098 2523//3098 2487//3098
f 2489//2529 2525//2529 2524//2529
f 2489//2530 2524//2530 2488//2530
f 2490//3099 2526//3099 2525//3099
f 2490//3100 2525//3100 2489//3100
f 2491//3101 2527//3101 2526//3101
f 2491//2360 2526//2360 2490//2360
f 2492//2361 2528//2361 2527//2361
f 2492//2533 2527//2533 2491//2533
f 2493//3015 2529//3015 2528//3015
f 2493//2535 2528//2535 2492//2535
f 2494//3102 2530//3102 2529//3102
f 2494//3103 2529//3103 2493//3103
f 2495//2165 2531//2165 2530//2165
f 2495//3104 2530//3104 2494//3104
f 2496//2167 2532//2167 2531//2167
f 2496//2168 2531//2168 2495//2168
f 2497//3105 2533//3105 2532//3105
f 2497//3106 2532//3106 2496//3106
f 2498//2537 2534//2537 2533//2537
f 2498//2172 2533//2172 2497//2172
f 2499//2372 2535//2372 2534//2372
f 2499//3021 2534//3021 2498//3021
f 2500//2373 2536//2373 2535//2373
f 2500//2374 2535//2374 2499//2374
f 2501//3107 2537//3107 2536//3107
f 2501//2375 2536//2375 2500//2375
f 2502//2541 2538//2541 2537//2541
f 2502//3108 2537//3108 2501//3108
f 2503//2378 2539//2378 2538//2378
f 2503//2542 2538//2542 2502//2542
f 2504//2183 2540//2183 2539//2183
f 2504//3109 2539//3109 2503//3109
f 2505//2545 2541//2545 2540//2545
f 2505//2852 2540//2852 2504//2852
f 2506//2547 2542//2547 2541//2547
f 2506//3110 2541//3110 2505//3110
f 2507//2383 2543//2383 2542//2383
f 2507//2550 2542//2550 2506//2550
f 2508//2855 2544//2855 2543//2855
f 2508//3111 2543//3111 2507//3111
f 2509//2552 2545//2552 2544//2552
f 2509//1510 2544//1510 2508//1510
f 2510//3112 2546//3112 2545//3112
f 2510//3113 2545//3113 2509//3113
f 2511//3114 2547//3114 2546//3114
f 2511//2858 2546//2858 2510//2858
f 2512//3115 2548//3115 2547//3115
f 2512//3116 2547//3116 2511//3116
f 2513//3117 2549//3117 2548//3117
f 2513//3118 2548//3118 2512//3118
f 2514//1314 2550//1314 2441//1314
f 2514//3119 2441//3119 2405//3119
f 2515//1978 2551//1978 2550//1978
f 2515//1517 2550//1517 2514//1517
f 2516//2952 2552//2952 2551//2952
f 2516//2561 2551//2561 2515//2561
f 2517//2710 2553//2710 2552//2710
f 2517//2711 2552//2711 2516//2711
f 2518//2399 2554//2399 2553//2399
f 2518//3120 2553//3120 2517//3120
f 2519//3121 2555//3121 2554//3121
f 2519//3122 2554//3122 2518//3122
f 2520//1913 2556//1913 2555//1913
f 2520//3123 2555//3123 2519//3123
f 2521//2404 2557//2404 2556//2404
f 2521//2404 2556//2404 2520//2404
f 2522//2565 2558//2565 2557//2565
f 2522//2565 2557//2565 2521//2565
f 2523//2566 2559//2566 2558//2566
f 2523//2566 2558//2566 2522//2566
f 2524//2567 2560//2567 2559//2567
f 2524//2567 2559//2567 2523//2567
f 2525//2408 2561//2408 2560//2408
f 2525//3124 2560//3124 2524//3124
f 2526//3125 2562//3125 2561//3125
f 2526//2570 2561//2570 2525//2570
f 2527//3126 2563//3126 2562//3126
f 2527//2572 2562//2572 2526//2572
f 2528//3127 2564//3127 2563//3127
f 2528//3128 2563//3128 2527//3128
f 2529//2575 2565//2575 2564//2575
f 2529//3129 2564//3129 2528//3129
f 2530//2577 2566//2577 2565//2577
f 2530//2578 2565//2578 2529//2578
f 2531//3130 2567//3130 2566//3130
f 2531//2580 2566//2580 2530//2580
f 2532//1528 2568//1528 2567//1528
f 2532//2582 2567//2582 2531//2582
f 2533//1530 2569//1530 2568//1530
f 2533//1854 2568//1854 2532//1854
f 2534//2221 2570//2221 2569//2221
f 2534//2222 2569//2222 2533//2222
f 2535//2415 2571//2415 2570//2415
f 2535//2586 2570//2586 2534//2586
f 2536//3044 2572//3044 2571//3044
f 2536//2957 2571//2957 2535//2957
f 2537//1855 2573//1855 2572//1855
f 2537//3131 2572//3131 2536//3131
f 2538//1994 2574//1994 2573//1994
f 2538//1348 2573//1348 2537//1348
f 2539//3132 2575//3132 2574//3132
f 2539//1995 2574//1995 2538//1995
f 2540//2225 2576//2225 2575//2225
f 2540//2225 2575//2225 2539//2225
f 2541//2226 2577//2226 2576//2226
f 2541//2226 2576//2226 2540//2226
f 2542//1705 2578//1705 2577//1705
f 2542//2227 2577//2227 2541//2227
f 2543//1140 2579//1140 2578//1140
f 2543//1141 2578//1141 2542//1141
f 2544//1142 2580//1142 2579//1142
f 2544//3133 2579//3133 2543//3133
f 2545//3134 2581//3134 2580//3134
f 2545//3046 2580//3046 2544//3046
f 2546//2230 2582//2230 2581//2230
f 2546//1360 2581//1360 2545//1360
f 2547//3135 2583//3135 2582//3135
f 2547//2232 2582//2232 2546//2232
f 2548//1861 2584//1861 2583//1861
f 2548//2233 2583//2233 2547//2233
f 2549//3047 2585//3047 2584//3047
f 2549//3047 2584//3047 2548//3047
f 2550//3136 2586//3136 2477//3136
f 2550//2237 2477//2237 2441//2237
f 2551//3137 2587//3137 2586//3137
f 2551//3138 2586//3138 2550//3138
f 2552//2591 2588//2591 2587//2591
f 2552//2592 2587//2592 2551//2592
f 2553//3139 2589//3139 2588//3139
f 2553//3140 2588//3140 2552//3140
f 2554//3141 2590//3141 2589//3141
f 2554//1163 2589//1163 2553//1163
f 2555//2594 2591//2594 2590//2594
f 2555//1165 2590//1165 2554//1165
f 2556//2595 2592//2595 2591//2595
f 2556//3142 2591//3142 2555//3142
f 2557//2024 2593//2024 2592//2024
f 2557//2597 2592//2597 2556//2597
f 2558//2598 2594//2598 2593//2598
f 2558//3143 2593//3143 2557//3143
f 2559//2889 2595//2889 2594//2889
f 2559//2440 2594//2440 2558//2440
f 2560//3144 2596//3144 2595//3144
f 2560//3145 2595//3145 2559//3145
f 2561//2751 2597//2751 2596//2751
f 2561//3146 2596//3146 2560//3146
f 2562//2033 2598//2033 2597//2033
f 2562//3147 2597//3147 2561//3147
f 2563//3148 2599//3148 2598//3148
f 2563//2754 2598//2754 2562//2754
f 2564//2755 2600//2755 2599//2755
f 2564//2756 2599//2756 2563//2756
f 2565//2607 2601//2607 2600//2607
f 2565//2608 2600//2608 2564//2608
f 2566//3149 2602//3149 2601//3149
f 2566//2610 2601//2610 2565//2610
f 2567//3150 2603//3150 2602//3150
f 2567//2271 2602//2271 2566//2271
f 2568//3151 2604//3151 2603//3151
f 2568//3152 2603//3152 2567//3152
f 2569//3153 2605//3153 2604//3153
f 2569//3154 2604//3154 2568//3154
f 2570//3155 2606//3155 2605//3155
f 2570//3156 2605//3156 2569//3156
f 2571//2456 2607//2456 2606//2456
f 2571//3157 2606//3157 2570//3157
f 2572//2617 2608//2617 2607//2617
f 2572//2618 2607//2618 2571//2618
f 2573//2619 2609//2619 2608//2619
f 2573//3158 2608//3158 2572//3158
f 2574//3159 2610//3159 2609//3159
f 2574//3160 2609//3160 2573//3160
f 2575//3161 2611//3161 2610//3161
f 2575//1755 2610//1755 2574//1755
f 2576//2466 2612//2466 2611//2466
f 2576//3162 2611//3162 2575//3162
f 2577//3163 2613//3163 2612//3163
f 2577//2062 2612//2062 2576//2062
f 2578//3164 2614//3164 2613//3164
f 2578//3165 2613//3165 2577//3165
f 2579//3166 2615//3166 2614//3166
f 2579//3167 2614//3167 2578//3167
f 2580//3168 2616//3168 2615//3168
f 2580//2631 2615//2631 2579//2631
f 2581//2292 2617//2292 2616//2292
f 2581//2293 2616//2293 2580//2293
f 2582//2903 2618//2903 2617//2903
f 2582//3169 2617//3169 2581//3169
f 2583//2904 2619//2904 2618//2904
f 2583//2475 2618//2475 2582//2475
f 2584//3170 2620//3170 2619//3170
f 2584//3171 2619//3171 2583//3171
f 2585//3172 2621//3172 2620//3172
f 2585//2298 2620//2298 2584//2298
f 2586//700 2622//700 2513//700
f 2586//2642 2513//2642 2477//2642
f 2587//2477 2623//2477 2622//2477
f 2587//702 2622//702 2586//702
f 2588//2080 2624//2080 2623//2080
f 2588//1774 2623//1774 2587//1774
f 2589//2300 2625//2300 2624//2300
f 2589//2907 2624//2907 2588//2907
f 2590//2083 2626//2083 2625//2083
f 2590//977 2625//977 2589//977
f 2591//2478 2627//2478 2626//2478
f 2591//2086 2626//2086 2590//2086
f 2592//2087 2628//2087 2627//2087
f 2592//713 2627//713 2591//713
f 2593//2479 2629//2479 2628//2479
f 2593//715 2628//715 2592//715
f 2594//2305 2630//2305 2629//2305
f 2594//2306 2629//2306 2593//2306
f 2595//2307 2631//2307 2630//2307
f 2595//2308 2630//2308 2594//2308
f 2596//2482 2632//2482 2631//2482
f 2596//721 2631//721 2595//721
f 2597//2483 2633//2483 2632//2483
f 2597//1917 2632//1917 2596//1917
f 2598//2649 2634//2649 2633//2649
f 2598//2313 2633//2313 2597//2313
f 2599//2314 2635//2314 2634//2314
f 2599//3173 2634//3173 2598//3173
f 2600//2315 2636//2315 2635//2315
f 2600//2809 2635//2809 2599//2809
f 2601//3082 2637//3082 2636//3082
f 2601//1919 2636//1919 2600//1919
f 2602//660 2638//660 2637//660
f 2602//660 2637//660 2601//660
f 2603//663 2639//663 2638//663
f 2603//593 2638//593 2602//593
f 2604//3083 2640//3083 2639//3083
f 2604//3083 2639//3083 2603//3083
f 2605//596 2641//596 2640//596
f 2605//2484 2640//2484 2604//2484
f 2606//2485 2642//2485 2641//2485
f 2606//1629 2641//1629 2605//1629
f 2607//2487 2643//2487 2642//2487
f 2607//2810 2642//2810 2606//2810
f 2608//3174 2644//3174 2643//3174
f 2608//741 2643//741 2607//741
f 2609//2489 2645//2489 2644//2489
f 2609//675 2644//675 2608//675
f 2610//2651 2646//2651 2645//2651
f 2610//2116 2645//2116 2609//2116
f 2611//2117 2647//2117 2646//2117
f 2611//2118 2646//2118 2610//2118
f 2612//2652 2648//2652 2647//2652
f 2612//2120 2647//2120 2611//2120
f 2613//2812 2649//2812 2648//2812
f 2613//2122 2648//2122 2612//2122
f 2614//2654 2650//2654 2649//2654
f 2614//615 2649//615 2613//615
f 2615//2125 2651//2125 2650//2125
f 2615//617 2650//617 2614//617
f 2616//3175 2652//3175 2651//3175
f 2616//619 2651//619 2615//619
f 2617//3176 2653//3176 2652//3176
f 2617//3177 2652//3177 2616//3177
f 2618//3178 2654//3178 2653//3178
f 2618//2502 2653//2502 2617//2502
f 2619//2503 2655//2503 2654//2503
f 2619//3179 2654//3179 2618//3179
f 2620//2656 2656//2656 2655//2656
f 2620//2506 2655//2506 2619//2506
f 2621//3180 2657//3180 2656//3180
f 2621//2507 2656//2507 2620//2507
f 2622//3181 2658//3181 2549//3181
f 2622//2658 2549//2658 2513//2658
f 2623//2510 2659//2510 2658//2510
f 2623//3182 2658//3182 2622//3182
f 2624//3183 2660//3183 2659//3183
f 2624//3184 2659//3184 2623//3184
f 2625//2661 2661//2661 2660//2661
f 2625//3185 2660//3185 2624//3185
f 2626//2663 2662//2663 2661//2663
f 2626//2664 2661//2664 2625//2664
f 2627//2665 2663//2665 2662//2665
f 2627//2666 2662//2666 2626//2666
f 2628//2667 2664//2667 2663//2667
f 2628//3186 2663//3186 2627//3186
f 2629//3187 2665//3187 2664//3187
f 2629//2670 2664//2670 2628//2670
f 2630//2148 2666//2148 2665//2148
f 2630//3188 2665//3188 2629//3188
f 2631//2672 2667//2672 2666//2672
f 2631//2353 2666//2353 2630//2353
f 2632//2673 2668//2673 2667//2673
f 2632//3189 2667//3189 2631//3189
f 2633//3190 2669//3190 2668//3190
f 2633//2676 2668//2676 2632//2676
f 2634//3191 2670//3191 2669//3191
f 2634//3192 2669//3192 2633//3192
f 2635//3012 2671//3012 2670//3012
f 2635//1037 2670//1037 2634//1037
f 2636//3193 2672//3193 2671//3193
f 2636//3014 2671//3014 2635//3014
f 2637//2161 2673//2161 2672//2161
f 2637//3194 2672//3194 2636//3194
f 2638//2364 2674//2364 2673//2364
f 2638//3195 2673//3195 2637//3195
f 2639//3196 2675//3196 2674//3196
f 2639//3197 2674//3197 2638//3197
f 2640//3017 2676//3017 2675//3017
f 2640//2369 2675//2369 2639//2369
f 2641//2370 2677//2370 2676//2370
f 2641//3106 2676//3106 2640//3106
f 2642//2171 2678//2171 2677//2171
f 2642//2172 2677//2172 2641//2172
f 2643//3020 2679//3020 2678//3020
f 2643//3021 2678//3021 2642//3021
f 2644//3198 2680//3198 2679//3198
f 2644//2374 2679//2374 2643//2374
f 2645//1954 2681//1954 2680//1954
f 2645//2540 2680//2540 2644//2540
f 2646//2541 2682//2541 2681//2541
f 2646//2693 2681//2693 2645//2693
f 2647//2378 2683//2378 2682//2378
f 2647//2694 2682//2694 2646//2694
f 2648//2380 2684//2380 2683//2380
f 2648//2381 2683//2381 2647//2381
f 2649//1962 2685//1962 2684//1962
f 2649//2186 2684//2186 2648//2186
f 2650//3199 2686//3199 2685//3199
f 2650//3200 2685//3200 2649//3200
f 2651//2383 2687//2383 2686//2383
f 2651//3201 2686//3201 2650//3201
f 2652//3202 2688//3202 2687//3202
f 2652//3203 2687//3203 2651//3203
f 2653//3204 2689//3204 2688//3204
f 2653//3205 2688//3205 2652//3205
f 2654//3112 2690//3112 2689//3112
f 2654//3206 2689//3206 2653//3206
f 2655//2704 2691//2704 2690//2704
f 2655//3207 2690//3207 2654//3207
f 2656//2949 2692//2949 2691//2949
f 2656//2558 2691//2558 2655//2558
f 2657//3208 2693//3208 2692//3208
f 2657//3209 2692//3209 2656//3209
f 2658//3119 2694//3119 2585//3119
f 2658//1314 2585//1314 2549//1314
f 2659//1978 2695//1978 2694//1978
f 2659//2708 2694//2708 2658//2708
f 2660//3210 2696//3210 2695//3210
f 2660//2561 2695//2561 2659//2561
f 2661//2562 2697//2562 2696//2562
f 2661//1317 2696//1317 2660//1317
f 2662//2712 2698//2712 2697//2712
f 2662//2953 2697//2953 2661//2953
f 2663//1092 2699//1092 2698//1092
f 2663//1093 2698//1093 2662//1093
f 2664//1094 2700//1094 2699//1094
f 2664//1519 2699//1519 2663//1519
f 2665//1696 2701//1696 2700//1696
f 2665//2212 2700//2212 2664//2212
f 2666//2213 2702//2213 2701//2213
f 2666//2213 2701//2213 2665//2213
f 2667//2214 2703//2214 2702//2214
f 2667//2214 2702//2214 2666//2214
f 2668//1523 2704//1523 2703//1523
f 2668//2215 2703//2215 2667//2215
f 2669//1327 2705//1327 2704//1327
f 2669//1328 2704//1328 2668//1328
f 2670//3211 2706//3211 2705//3211
f 2670//1330 2705//1330 2669//1330
f 2671//3212 2707//3212 2706//3212
f 2671//3213 2706//3213 2670//3213
f 2672//3214 2708//3214 2707//3214
f 2672//3128 2707//3128 2671//3128
f 2673//3215 2709//3215 2708//3215
f 2673//3216 2708//3216 2672//3216
f 2674//2577 2710//2577 2709//2577
f 2674//2718 2709//2718 2673//2718
f 2675//3217 2711//3217 2710//3217
f 2675//2580 2710//2580 2674//2580
f 2676//2721 2712//2721 2711//2721
f 2676//3218 2711//3218 2675//3218
f 2677//2722 2713//2722 2712//2722
f 2677//2723 2712//2723 2676//2723
f 2678//3219 2714//3219 2713//3219
f 2678//1990 2713//1990 2677//1990
f 2679//1991 2715//1991 2714//1991
f 2679//3220 2714//3220 2678//3220
f 2680//2728 2716//2728 2715//2728
f 2680//3221 2715//3221 2679//3221
f 2681//3222 2717//3222 2716//3222
f 2681//3223 2716//3223 2680//3223
f 2682//3224 2718//3224 2717//3224
f 2682//2733 2717//2733 2681//2733
f 2683//2734 2719//2734 2718//2734
f 2683//2734 2718//2734 2682//2734
f 2684//1134 2720//1134 2719//1134
f 2684//1352 2719//1352 2683//1352
f 2685//2226 2721//2226 2720//2226
f 2685//2226 2720//2226 2684//2226
f 2686//1705 2722//1705 2721//1705
f 2686//2227 2721//2227 2685//2227
f 2687//3225 2723//3225 2722//3225
f 2687//3226 2722//3226 2686//3226
f 2688//1142 2724//1142 2723//1142
f 2688//3133 2723//3133 2687//3133
f 2689//3134 2725//3134 2724//3134
f 2689//3046 2724//3046 2688//3046
f 2690//2420 2726//2420 2725//2420
f 2690//2421 2725//2421 2689//2421
f 2691//2422 2727//2422 2726//2422
f 2691//3227 2726//3227 2690//3227
f 2692//1861 2728//1861 2727//1861
f 2692//1151 2727//1151 2691//1151
f 2693//3047 2729//3047 2728//3047
f 2693//1153 2728//1153 2692//1153
f 2694//3228 2730//3228 2621//3228
f 2694//3229 2621//3229 2585//3229
f 2695//3230 2731//3230 2730//3230
f 2695//3231 2730//3231 2694//3231
f 2696//2427 2732//2427 2731//2427
f 2696//3232 2731//3232 2695//3232
f 2697//3233 2733//3233 2732//3233
f 2697//2243 2732//2243 2696//2243
f 2698//3234 2734//3234 2733//3234
f 2698//3052 2733//3052 2697//3052
f 2699//2020 2735//2020 2734//2020
f 2699//2746 2734//2746 2698//2746
f 2700//2433 2736//2433 2735//2433
f 2700//2596 2735//2596 2699//2596
f 2701//2435 2737//2435 2736//2435
f 2701//2748 2736//2748 2700//2748
f 2702//2437 2738//2437 2737//2437
f 2702//2438 2737//2438 2701//2438
f 2703//2439 2739//2439 2738//2439
f 2703//2440 2738//2440 2702//2440
f 2704//3235 2740//3235 2739//3235
f 2704//3236 2739//3236 2703//3236
f 2705//2442 2741//2442 2740//2442
f 2705//3237 2740//3237 2704//3237
f 2706//2033 2742//2033 2741//2033
f 2706//3147 2741//3147 2705//3147
f 2707//3148 2743//3148 2742//3148
f 2707//2754 2742//2754 2706//2754
f 2708//2755 2744//2755 2743//2755
f 2708//2756 2743//2756 2707//2756
f 2709//2607 2745//2607 2744//2607
f 2709//2608 2744//2608 2708//2608
f 2710//3238 2746//3238 2745//3238
f 2710//2610 2745//2610 2709//2610
f 2711//3239 2747//3239 2746//3239
f 2711//2762 2746//2762 2710//2762
f 2712//3240 2748//3240 2747//3240
f 2712//2764 2747//2764 2711//2764
f 2713//3241 2749//3241 2748//3241
f 2713//3242 2748//3242 2712//3242
f 2714//2766 2750//2766 2749//2766
f 2714//3243 2749//3243 2713//3243
f 2715//3244 2751//3244 2750//3244
f 2715//2768 2750//2768 2714//2768
f 2716//3245 2752//3245 2751//3245
f 2716//2052 2751//2052 2715//2052
f 2717//2771 2753//2771 2752//2771
f 2717//2054 2752//2054 2716//2054
f 2718//2282 2754//2282 2753//2282
f 2718//2773 2753//2773 2717//2773
f 2719//2057 2755//2057 2754//2057
f 2719//3246 2754//3246 2718//3246
f 2720//3247 2756//3247 2755//3247
f 2720//3248 2755//3248 2719//3248
f 2721//3249 2757//3249 2756//3249
f 2721//3250 2756//3250 2720//3250
f 2722//3251 2758//3251 2757//3251
f 2722//3252 2757//3252 2721//3252
f 2723//2628 2759//2628 2758//2628
f 2723//3253 2758//3253 2722//3253
f 2724//3254 2760//3254 2759//3254
f 2724//2781 2759//2781 2723//2781
f 2725//3255 2761//3255 2760//3255
f 2725//2633 2760//2633 2724//2633
f 2726//3256 2762//3256 2761//3256
f 2726//3257 2761//3257 2725//3257
f 2727//2786 2763//2786 2762//2786
f 2727//3258 2762//3258 2726//3258
f 2728//3259 2764//3259 2763//3259
f 2728//3260 2763//3260 2727//3260
f 2729//3261 2765//3261 2764//3261
f 2729//3262 2764//3262 2728//3262
f 2730//3263 2766//3263 2657//3263
f 2730//2642 2657//2642 2621//2642
f 2731//2079 2767//2079 2766//2079
f 2731//2793 2766//2793 2730//2793
f 2732//2794 2768//2794 2767//2794
f 2732//2081 2767//2081 2731//2081
f 2733//2082 2769//2082 2768//2082
f 2733//2795 2768//2795 2732//2795
f 2734//3264 2770//3264 2769//3264
f 2734//2797 2769//2797 2733//2797
f 2735//2798 2771//2798 2770//2798
f 2735//2799 2770//2799 2734//2799
f 2736//2800 2772//2800 2771//2800
f 2736//2910 2771//2910 2735//2910
f 2737//2802 2773//2802 2772//2802
f 2737//2803 2772//2803 2736//2803
f 2738//3265 2774//3265 2773//3265
f 2738//2804 2773//2804 2737//2804
f 2739//2481 2775//2481 2774//2481
f 2739//2308 2774//2308 2738//2308
f 2740//2309 2776//2309 2775//2309
f 2740//2310 2775//2310 2739//2310
f 2741//2483 2777//2483 2776//2483
f 2741//1917 2776//1917 2740//1917
f 2742//2312 2778//2312 2777//2312
f 2742//2313 2777//2313 2741//2313
f 2743//2314 2779//2314 2778//2314
f 2743//727 2778//727 2742//727
f 2744//2315 2780//2315 2779//2315
f 2744//2315 2779//2315 2743//2315
f 2745//2317 2781//2317 2780//2317
f 2745//1919 2780//1919 2744//1919
f 2746//733 2782//733 2781//733
f 2746//660 2781//660 2745//660
f 2747//663 2783//663 2782//663
f 2747//663 2782//663 2746//663
f 2748//3083 2784//3083 2783//3083
f 2748//595 2783//595 2747//595
f 2749//2484 2785//2484 2784//2484
f 2749//596 2784//596 2748//596
f 2750//2485 2786//2485 2785//2485
f 2750//1629 2785//1629 2749//1629
f 2751//2810 2787//2810 2786//2810
f 2751//2487 2786//2487 2750//2487
f 2752//3174 2788//3174 2787//3174
f 2752//741 2787//741 2751//741
f 2753//2489 2789//2489 2788//2489
f 2753//3266 2788//3266 2752//3266
f 2754//2651 2790//2651 2789//2651
f 2754//2116 2789//2116 2753//2116
f 2755//2117 2791//2117 2790//2117
f 2755//2118 2790//2118 2754//2118
f 2756//2119 2792//2119 2791//2119
f 2756//2653 2791//2653 2755//2653
f 2757//2121 2793//2121 2792//2121
f 2757//683 2792//683 2756//683
f 2758//2123 2794//2123 2793//2123
f 2758//2124 2793//2124 2757//2124
f 2759//2125 2795//2125 2794//2125
f 2759//1928 2794//1928 2758//1928
f 2760//3267 2796//3267 2795//3267
f 2760//2127 2795//2127 2759//2127
f 2761//2128 2797//2128 2796//2128
f 2761//621 2796//621 2760//621
f 2762//2130 2798//2130 2797//2130
f 2762//2813 2797//2813 2761//2813
f 2763//2132 2799//2132 2798//2132
f 2763//695 2798//695 2762//695
f 2764//584 2800//584 2799//584
f 2764//584 2799//584 2763//584
f 2765//587 2801//587 2800//587
f 2765//551 2800//551 2764//551
f 2766//3004 2802//3004 2693//3004
f 2766//3268 2693//3268 2657//3268
f 2767//2816 2803//2816 2802//2816
f 2767//2660 2802//2660 2766//2660
f 2768//2343 2804//2343 2803//2343
f 2768//2137 2803//2137 2767//2137
f 2769//2138 2805//2138 2804//2138
f 2769//3005 2804//3005 2768//3005
f 2770//3006 2806//3006 2805//3006
f 2770//2141 2805//2141 2769//2141
f 2771//2142 2807//2142 2806//2142
f 2771//3095 2806//3095 2770//3095
f 2772//2347 2808//2347 2807//2347
f 2772//3269 2807//3269 2771//3269
f 2773//2822 2809//2822 2808//2822
f 2773//3270 2808//3270 2772//3270
f 2774//2350 2810//2350 2809//2350
f 2774//3271 2809//3271 2773//3271
f 2775//3272 2811//3272 2810//3272
f 2775//3273 2810//3273 2774//3273
f 2776//3274 2812//3274 2811//3274
f 2776//3275 2811//3275 2775//3275
f 2777//2826 2813//2826 2812//2826
f 2777//3276 2812//3276 2776//3276
f 2778//3277 2814//3277 2813//3277
f 2778//3278 2813//3278 2777//3278
f 2779//3279 2815//3279 2814//3279
f 2779//3280 2814//3280 2778//3280
f 2780//3281 2816//3281 2815//3281
f 2780//2833 2815//2833 2779//2833
f 2781//3282 2817//3282 2816//3282
f 2781//3283 2816//3283 2780//3283
f 2782//3284 2818//3284 2817//3284
f 2782//2836 2817//2836 2781//2836
f 2783//1275 2819//1275 2818//1275
f 2783//2837 2818//2837 2782//2837
f 2784//3285 2820//3285 2819//3285
f 2784//3286 2819//3286 2783//3286
f 2785//2932 2821//2932 2820//2932
f 2785//3287 2820//3287 2784//3287
f 2786//3288 2822//3288 2821//3288
f 2786//2843 2821//2843 2785//2843
f 2787//2372 2823//2372 2822//2372
f 2787//3021 2822//3021 2786//3021
f 2788//2373 2824//2373 2823//2373
f 2788//2374 2823//2374 2787//2374
f 2789//3107 2825//3107 2824//3107
f 2789//2540 2824//2540 2788//2540
f 2790//2541 2826//2541 2825//2541
f 2790//2850 2825//2850 2789//2850
f 2791//3289 2827//3289 2826//3289
f 2791//2379 2826//2379 2790//2379
f 2792//2543 2828//2543 2827//2543
f 2792//2544 2827//2544 2791//2544
f 2793//2545 2829//2545 2828//2545
f 2793//2546 2828//2546 2792//2546
f 2794//1964 2830//1964 2829//1964
f 2794//3290 2829//3290 2793//3290
f 2795//3291 2831//3291 2830//3291
f 2795//3292 2830//3292 2794//3292
f 2796//2855 2832//2855 2831//2855
f 2796//3293 2831//3293 2795//3293
f 2797//3294 2833//3294 2832//3294
f 2797//1510 2832//1510 2796//1510
f 2798//2553 2834//2553 2833//2553
f 2798//2554 2833//2554 2797//2554
f 2799//2555 2835//2555 2834//2555
f 2799//2858 2834//2858 2798//2858
f 2800//1976 2836//1976 2835//1976
f 2800//3295 2835//3295 2799//3295
f 2801//3296 2837//3296 2836//3296
f 2801//2202 2836//2202 2800//2202
f 2802//3119 2838//3119 2729//3119
f 2802//1314 2729//1314 2693//1314
f 2803//1978 2839//1978 2838//1978
f 2803//1517 2838//1517 2802//1517
f 2804//3210 2840//3210 2839//3210
f 2804//2561 2839//2561 2803//2561
f 2805//2562 2841//2562 2840//2562
f 2805//1317 2840//1317 2804//1317
f 2806//3297 2842//3297 2841//3297
f 2806//2564 2841//2564 2805//2564
f 2807//1092 2843//1092 2842//1092
f 2807//1093 2842//1093 2806//1093
f 2808//1094 2844//1094 2843//1094
f 2808//3298 2843//3298 2807//3298
f 2809//1696 2845//1696 2844//1696
f 2809//2212 2844//2212 2808//2212
f 2810//2213 2846//2213 2845//2213
f 2810//2213 2845//2213 2809//2213
f 2811//2715 2847//2715 2846//2715
f 2811//2214 2846//2214 2810//2214
f 2812//1698 2848//1698 2847//1698
f 2812//2215 2847//2215 2811//2215
f 2813//1327 2849//1327 2848//1327
f 2813//3299 2848//3299 2812//3299
f 2814//1329 2850//1329 2849//1329
f 2814//1330 2849//1330 2813//1330
f 2815//2954 2851//2954 2850//2954
f 2815//2955 2850//2955 2814//2955
f 2816//2413 2852//2413 2851//2413
f 2816//2717 2851//2717 2815//2717
f 2817//2414 2853//2414 2852//2414
f 2817//3300 2852//3300 2816//3300
f 2818//1526 2854//1526 2853//1526
f 2818//1852 2853//1852 2817//1852
f 2819//2956 2855//2956 2854//2956
f 2819//2956 2854//2956 2818//2956
f 2820//1340 2856//1340 2855//1340
f 2820//2861 2855//2861 2819//2861
f 2821//1853 2857//1853 2856//1853
f 2821//1121 2856//1121 2820//1121
f 2822//3301 2858//3301 2857//3301
f 2822//3302 2857//3302 2821//3302
f 2823//3303 2859//3303 2858//3303
f 2823//3220 2858//3220 2822//3220
f 2824//3304 2860//3304 2859//3304
f 2824//2729 2859//2729 2823//2729
f 2825//2863 2861//2863 2860//2863
f 2825//3305 2860//3305 2824//3305
f 2826//3306 2862//3306 2861//3306
f 2826//3307 2861//3307 2825//3307
f 2827//2865 2863//2865 2862//2865
f 2827//2865 2862//2865 2826//2865
f 2828//2735 2864//2735 2863//2735
f 2828//2735 2863//2735 2827//2735
f 2829//1996 2865//1996 2864//1996
f 2829//2736 2864//2736 2828//2736
f 2830//1997 2866//1997 2865//1997
f 2830//1997 2865//1997 2829//1997
f 2831//3308 2867//3308 2866//3308
f 2831//2866 2866//2866 2830//2866
f 2832//3309 2868//3309 2867//3309
f 2832//3310 2867//3310 2831//3310
f 2833//2002 2869//2002 2868//2002
f 2833//2870 2868//2870 2832//2870
f 2834//2004 2870//2004 2869//2004
f 2834//2005 2869//2005 2833//2005
f 2835//2872 2871//2872 2870//2872
f 2835//3311 2870//3311 2834//3311
f 2836//1150 2872//1150 2871//1150
f 2836//2009 2871//2009 2835//2009
f 2837//3047 2873//3047 2872//3047
f 2837//1153 2872//1153 2836//1153
f 2838//3312 2874//3312 2765//3312
f 2838//1863 2765//1863 2729//1863
f 2839//3313 2875//3313 2874//3313
f 2839//3314 2874//3314 2838//3314
f 2840//3315 2876//3315 2875//3315
f 2840//3316 2875//3316 2839//3316
f 2841//3139 2877//3139 2876//3139
f 2841//3317 2876//3317 2840//3317
f 2842//3141 2878//3141 2877//3141
f 2842//1163 2877//1163 2841//1163
f 2843//3318 2879//3318 2878//3318
f 2843//1165 2878//1165 2842//1165
f 2844//2885 2880//2885 2879//2885
f 2844//2886 2879//2886 2843//2886
f 2845//2250 2881//2250 2880//2250
f 2845//2887 2880//2887 2844//2887
f 2846//2598 2882//2598 2881//2598
f 2846//2599 2881//2599 2845//2599
f 2847//2439 2883//2439 2882//2439
f 2847//2440 2882//2440 2846//2440
f 2848//2029 2884//2029 2883//2029
f 2848//3319 2883//3319 2847//3319
f 2849//2751 2885//2751 2884//2751
f 2849//2892 2884//2892 2848//2892
f 2850//3320 2886//3320 2885//3320
f 2850//3321 2885//3321 2849//3321
f 2851//3148 2887//3148 2886//3148
f 2851//2754 2886//2754 2850//2754
f 2852//2755 2888//2755 2887//2755
f 2852//2756 2887//2756 2851//2756
f 2853//2607 2889//2607 2888//2607
f 2853//2608 2888//2608 2852//2608
f 2854//3149 2890//3149 2889//3149
f 2854//3322 2889//3322 2853//3322
f 2855//3323 2891//3323 2890//3323
f 2855//2271 2890//2271 2854//2271
f 2856//2043 2892//2043 2891//2043
f 2856//3152 2891//3152 2855//3152
f 2857//2613 2893//2613 2892//2613
f 2857//3324 2892//3324 2856//3324
f 2858//2047 2894//2047 2893//2047
f 2858//3325 2893//3325 2857//3325
f 2859//2278 2895//2278 2894//2278
f 2859//3326 2894//3326 2858//3326
f 2860//3327 2896//3327 2895//3327
f 2860//1584 2895//1584 2859//1584
f 2861//3328 2897//3328 2896//3328
f 2861//3077 2896//3077 2860//3077
f 2862//2055 2898//2055 2897//2055
f 2862//2056 2897//2056 2861//2056
f 2863//2057 2899//2057 2898//2057
f 2863//3329 2898//3329 2862//3329
f 2864//2285 2900//2285 2899//2285
f 2864//3330 2899//3330 2863//3330
f 2865//2776 2901//2776 2900//2776
f 2865//2062 2900//2062 2864//2062
f 2866//2063 2902//2063 2901//2063
f 2866//3331 2901//3331 2865//3331
f 2867//2470 2903//2470 2902//2470
f 2867//2291 2902//2291 2866//2291
f 2868//2067 2904//2067 2903//2067
f 2868//2068 2903//2068 2867//2068
f 2869//3332 2905//3332 2904//3332
f 2869//2070 2904//2070 2868//2070
f 2870//2903 2906//2903 2905//2903
f 2870//3169 2905//3169 2869//3169
f 2871//3333 2907//3333 2906//3333
f 2871//2475 2906//2475 2870//2475
f 2872//3334 2908//3334 2907//3334
f 2872//3335 2907//3335 2871//3335
f 2873//3336 2909//3336 2908//3336
f 2873//2791 2908//2791 2872//2791
f 2874//3337 2910//3337 2801//3337
f 2874//700 2801//700 2765//700
f 2875//702 2911//702 2910//702
f 2875//2477 2910//2477 2874//2477
f 2876//2645 2912//2645 2911//2645
f 2876//3338 2911//3338 2875//3338
f 2877//2082 2913//2082 2912//2082
f 2877//2082 2912//2082 2876//2082
f 2878//3339 2914//3339 2913//3339
f 2878//3340 2913//3340 2877//3340
f 2879//3341 2915//3341 2914//3341
f 2879//2799 2914//2799 2878//2799
f 2880//2909 2916//2909 2915//2909
f 2880//2910 2915//2910 2879//2910
f 2881//2911 2917//2911 2916//2911
f 2881//2912 2916//2912 2880//2912
f 2882//2089 2918//2089 2917//2089
f 2882//3342 2917//3342 2881//3342
f 2883//3343 2919//3343 2918//3343
f 2883//1616 2918//1616 2882//1616
f 2884//2092 2920//2092 2919//2092
f 2884//1697 2919//1697 2883//1697
f 2885//2916 2921//2916 2920//2916
f 2885//2094 2920//2094 2884//2094
f 2886//3344 2922//3344 2921//3344
f 2886//3345 2921//3345 2885//3345
f 2887//2097 2923//2097 2922//2097
f 2887//2917 2922//2917 2886//2917
f 2888//2918 2924//2918 2923//2918
f 2888//2099 2923//2099 2887//2099
f 2889//3346 2925//3346 2924//3346
f 2889//2102 2924//2102 2888//2102
f 2890//660 2926//660 2925//660
f 2890//2920 2925//2920 2889//2920
f 2891//663 2927//663 2926//663
f 2891//593 2926//593 2890//593
f 2892//3083 2928//3083 2927//3083
f 2892//3083 2927//3083 2891//3083
f 2893//2484 2929//2484 2928//2484
f 2893//2484 2928//2484 2892//2484
f 2894//2485 2930//2485 2929//2485
f 2894//1629 2929//1629 2893//1629
f 2895//2487 2931//2487 2930//2487
f 2895//2810 2930//2810 2894//2810
f 2896//2650 2932//2650 2931//2650
f 2896//3347 2931//3347 2895//3347
f 2897//2489 2933//2489 2932//2489
f 2897//675 2932//675 2896//675
f 2898//2651 2934//2651 2933//2651
f 2898//2116 2933//2116 2897//2116
f 2899//2117 2935//2117 2934//2117
f 2899//2118 2934//2118 2898//2118
f 2900//2652 2936//2652 2935//2652
f 2900//2653 2935//2653 2899//2653
f 2901//2812 2937//2812 2936//2812
f 2901//683 2936//683 2900//683
f 2902//2123 2938//2123 2937//2123
f 2902//2124 2937//2124 2901//2124
f 2903//2125 2939//2125 2938//2125
f 2903//1928 2938//1928 2902//1928
f 2904//2126 2940//2126 2939//2126
f 2904//3348 2939//3348 2903//3348
f 2905//2128 2941//2128 2940//2128
f 2905//621 2940//621 2904//621
f 2906//2813 2942//2813 2941//2813
f 2906//2130 2941//2130 2905//2130
f 2907//3349 2943//3349 2942//3349
f 2907//695 2942//695 2906//695
f 2908//627 2944//627 2943//627
f 2908//584 2943//584 2907//584
f 2909//587 2945//587 2944//587
f 2909//551 2944//551 2908//551
f 2910//3350 2946//3350 2837//3350
f 2910//3351 2837//3351 2801//3351
f 2911//2342 2947//2342 2946//2342
f 2911//3352 2946//3352 2910//3352
f 2912//3353 2948//3353 2947//3353
f 2912//3354 2947//3354 2911//3354
f 2913//2817 2949//2817 2948//2817
f 2913//2139 2948//2139 2912//2139
f 2914//3006 2950//3006 2949//3006
f 2914//2141 2949//2141 2913//2141
f 2915//3355 2951//3355 2950//3355
f 2915//3095 2950//3095 2914//3095
f 2916//3356 2952//3356 2951//3356
f 2916//2145 2951//2145 2915//2145
f 2917//3357 2953//3357 2952//3357
f 2917//2925 2952//2925 2916//2925
f 2918//3358 2954//3358 2953//3358
f 2918//2351 2953//2351 2917//2351
f 2919//3359 2955//3359 2954//3359
f 2919//2151 2954//2151 2918//2151
f 2920//3360 2956//3360 2955//3360
f 2920//3361 2955//3361 2919//3361
f 2921//3362 2957//3362 2956//3362
f 2921//2155 2956//2155 2920//2155
f 2922//2531 2958//2531 2957//2531
f 2922//3363 2957//3363 2921//3363
f 2923//2928 2959//2928 2958//2928
f 2923//1947 2958//1947 2922//1947
f 2924//2159 2960//2159 2959//2159
f 2924//2160 2959//2160 2923//2160
f 2925//3015 2961//3015 2960//3015
f 2925//2930 2960//2930 2924//2930
f 2926//3364 2962//3364 2961//3364
f 2926//3365 2961//3365 2925//3365
f 2927//3366 2963//3366 2962//3366
f 2927//3367 2962//3367 2926//3367
f 2928//3368 2964//3368 2963//3368
f 2928//3369 2963//3369 2927//3369
f 2929//3370 2965//3370 2964//3370
f 2929//2841 2964//2841 2928//2841
f 2930//3371 2966//3371 2965//3371
f 2930//3372 2965//3372 2929//3372
f 2931//2935 2967//2935 2966//2935
f 2931//3373 2966//3373 2930//3373
f 2932//2175 2968//2175 2967//2175
f 2932//2937 2967//2937 2931//2937
f 2933//2177 2969//2177 2968//2177
f 2933//2938 2968//2938 2932//2938
f 2934//2179 2970//2179 2969//2179
f 2934//2939 2969//2939 2933//2939
f 2935//3374 2971//3374 2970//3374
f 2935//2182 2970//2182 2934//2182
f 2936//3375 2972//3375 2971//3375
f 2936//3376 2971//3376 2935//3376
f 2937//3377 2973//3377 2972//3377
f 2937//2546 2972//2546 2936//2546
f 2938//3378 2974//3378 2973//3378
f 2938//2696 2973//2696 2937//2696
f 2939//3379 2975//3379 2974//3379
f 2939//3380 2974//3380 2938//3380
f 2940//3381 2976//3381 2975//3381
f 2940//3382 2975//3382 2939//3382
f 2941//3383 2977//3383 2976//3383
f 2941//2701 2976//2701 2940//2701
f 2942//2702 2978//2702 2977//2702
f 2942//2703 2977//2703 2941//2703
f 2943//3384 2979//3384 2978//3384
f 2943//2556 2978//2556 2942//2556
f 2944//3385 2980//3385 2979//3385
f 2944//3386 2979//3386 2943//3386
f 2945//3208 2981//3208 2980//3208
f 2945//3209 2980//3209 2944//3209
f 2946//1314 2982//1314 2873//1314
f 2946//3119 2873//3119 2837//3119
f 2947//1084 2983//1084 2982//1084
f 2947//2708 2982//2708 2946//2708
f 2948//2560 2984//2560 2983//2560
f 2948//3387 2983//3387 2947//3387
f 2949//2710 2985//2710 2984//2710
f 2949//2711 2984//2711 2948//2711
f 2950//3297 2986//3297 2985//3297
f 2950//2564 2985//2564 2949//2564
f 2951//3388 2987//3388 2986//3388
f 2951//1093 2986//1093 2950//1093
f 2952//3389 2988//3389 2987//3389
f 2952//1095 2987//1095 2951//1095
f 2953//1696 2989//1696 2988//1696
f 2953//2212 2988//2212 2952//2212
f 2954//2213 2990//2213 2989//2213
f 2954//2213 2989//2213 2953//2213
f 2955//3390 2991//3390 2990//3390
f 2955//2214 2990//2214 2954//2214
f 2956//1698 2992//1698 2991//1698
f 2956//2215 2991//2215 2955//2215
f 2957//1327 2993//1327 2992//1327
f 2957//3299 2992//3299 2956//3299
f 2958//3391 2994//3391 2993//3391
f 2958//1330 2993//1330 2957//1330
f 2959//2954 2995//2954 2994//2954
f 2959//2412 2994//2412 2958//2412
f 2960//2413 2996//2413 2995//2413
f 2960//1110 2995//1110 2959//1110
f 2961//3392 2997//3392 2996//3392
f 2961//3300 2996//3300 2960//3300
f 2962//3393 2998//3393 2997//3393
f 2962//3394 2997//3394 2961//3394
f 2963//2956 2999//2956 2998//2956
f 2963//2956 2998//2956 2962//2956
f 2964//2861 3000//2861 2999//2861
f 2964//1340 2999//1340 2963//1340
f 2965//3395 3001//3395 3000//3395
f 2965//1854 3000//1854 2964//1854
f 2966//2221 3002//2221 3001//2221
f 2966//3396 3001//3396 2965//3396
f 2967//2415 3003//2415 3002//2415
f 2967//2586 3002//2586 2966//2586
f 2968//3044 3004//3044 3003//3044
f 2968//2957 3003//2957 2967//2957
f 2969//1855 3005//1855 3004//1855
f 2969//1536 3004//1536 2968//1536
f 2970//1537 3006//1537 3005//1537
f 2970//3397 3005//3397 2969//3397
f 2971//1540 3007//1540 3006//1540
f 2971//3398 3006//3398 2970//3398
f 2972//3399 3008//3399 3007//3399
f 2972//2225 3007//2225 2971//2225
f 2973//3400 3009//3400 3008//3400
f 2973//2226 3008//2226 2972//2226
f 2974//1705 3010//1705 3009//1705
f 2974//2227 3009//2227 2973//2227
f 2975//3401 3011//3401 3010//3401
f 2975//3226 3010//3226 2974//3226
f 2976//2867 3012//2867 3011//2867
f 2976//2001 3011//2001 2975//2001
f 2977//2959 3013//2959 3012//2959
f 2977//2003 3012//2003 2976//2003
f 2978//2871 3014//2871 3013//2871
f 2978//3402 3013//3402 2977//3402
f 2979//2872 3015//2872 3014//2872
f 2979//3403 3014//3403 2978//3403
f 2980//3404 3016//3404 3015//3404
f 2980//3405 3015//3405 2979//3405
f 2981//3406 3017//3406 3016//3406
f 2981//3406 3016//3406 2980//3406
f 2982//3407 3018//3407 2909//3407
f 2982//3408 2909//3408 2873//3408
f 2983//3409 3019//3409 3018//3409
f 2983//3410 3018//3410 2982//3410
f 2984//3411 3020//3411 3019//3411
f 2984//3412 3019//3412 2983//3412
f 2985//3413 3021//3413 3020//3413
f 2985//3414 3020//3414 2984//3414
f 2986//3415 3022//3415 3021//3415
f 2986//2972 3021//2972 2985//2972
f 2987//3416 3023//3416 3022//3416
f 2987//3417 3022//3417 2986//3417
f 2988//3418 3024//3418 3023//3418
f 2988//3419 3023//3419 2987//3419
f 2989//2250 3025//2250 3024//2250
f 2989//3420 3024//3420 2988//3420
f 2990//2598 3026//2598 3025//2598
f 2990//3421 3025//3421 2989//3421
f 2991//3422 3027//3422 3026//3422
f 2991//3423 3026//3423 2990//3423
f 2992//2256 3028//2256 3027//2256
f 2992//3424 3027//3424 2991//3424
f 2993//3425 3029//3425 3028//3425
f 2993//3426 3028//3426 2992//3426
f 2994//3320 3030//3320 3029//3320
f 2994//3427 3029//3427 2993//3427
f 2995//2753 3031//2753 3030//2753
f 2995//2754 3030//2754 2994//2754
f 2996//2036 3032//2036 3031//2036
f 2996//2756 3031//2756 2995//2756
f 2997//2757 3033//2757 3032//2757
f 2997//3428 3032//3428 2996//3428
f 2998//3429 3034//3429 3033//3429
f 2998//2760 3033//2760 2997//2760
f 2999//3430 3035//3430 3034//3430
f 2999//2762 3034//2762 2998//2762
f 3000//3431 3036//3431 3035//3431
f 3000//2764 3035//2764 2999//2764
f 3001//2765 3037//2765 3036//2765
f 3001//2275 3036//2275 3000//2275
f 3002//3432 3038//3432 3037//3432
f 3002//2767 3037//2767 3001//2767
f 3003//3433 3039//3433 3038//3433
f 3003//3434 3038//3434 3002//3434
f 3004//3435 3040//3435 3039//3435
f 3004//3436 3039//3436 3003//3436
f 3005//3437 3041//3437 3040//3437
f 3005//3438 3040//3438 3004//3438
f 3006//3439 3042//3439 3041//3439
f 3006//3440 3041//3440 3005//3440
f 3007//3441 3043//3441 3042//3441
f 3007//2284 3042//2284 3006//2284
f 3008//2285 3044//2285 3043//2285
f 3008//3442 3043//3442 3007//3442
f 3009//2061 3045//2061 3044//2061
f 3009//3443 3044//3443 3008//3443
f 3010//3444 3046//3444 3045//3444
f 3010//3445 3045//3445 3009//3445
f 3011//3446 3047//3446 3046//3446
f 3011//2988 3046//2988 3010//2988
f 3012//2067 3048//2067 3047//2067
f 3012//1420 3047//1420 3011//1420
f 3013//3332 3049//3332 3048//3332
f 3013//3447 3048//3447 3012//3447
f 3014//2473 3050//2473 3049//2473
f 3014//2474 3049//2474 3013//2474
f 3015//3448 3051//3448 3050//3448
f 3015//2475 3050//2475 3014//2475
f 3016//3449 3052//3449 3051//3449
f 3016//3450 3051//3450 3015//3450
f 3017//3451 3053//3451 3052//3451
f 3017//3452 3052//3452 3016//3452
f 3018//3337 3054//3337 2945//3337
f 3018//3337 2945//3337 2909//3337
f 3019//2477 3055//2477 3054//2477
f 3019//702 3054//702 3018//702
f 3020//2080 3056//2080 3055//2080
f 3020//1774 3055//1774 3019//1774
f 3021//2907 3057//2907 3056//2907
f 3021//2300 3056//2300 3020//2300
f 3022//2083 3058//2083 3057//2083
f 3022//3453 3057//3453 3021//3453
f 3023//2478 3059//2478 3058//2478
f 3023//3454 3058//3454 3022//3454
f 3024//2087 3060//2087 3059//2087
f 3024//3455 3059//3455 3023//3455
f 3025//2479 3061//2479 3060//2479
f 3025//715 3060//715 3024//715
f 3026//2305 3062//2305 3061//2305
f 3026//2306 3061//2306 3025//2306
f 3027//2481 3063//2481 3062//2481
f 3027//2648 3062//2648 3026//2648
f 3028//2309 3064//2309 3063//2309
f 3028//2310 3063//2310 3027//2310
f 3029//2093 3065//2093 3064//2093
f 3029//3456 3064//3456 3028//3456
f 3030//3457 3066//3457 3065//3457
f 3030//3458 3065//3458 3029//3458
f 3031//2992 3067//2992 3066//2992
f 3031//2098 3066//2098 3030//2098
f 3032//2099 3068//2099 3067//2099
f 3032//2099 3067//2099 3031//2099
f 3033//2994 3069//2994 3068//2994
f 3033//2995 3068//2995 3032//2995
f 3034//3459 3070//3459 3069//3459
f 3034//2997 3069//2997 3033//2997
f 3035//3460 3071//3460 3070//3460
f 3035//3460 3070//3460 3034//3460
f 3036//665 3072//665 3071//665
f 3036//3461 3071//3461 3035//3461
f 3037//3462 3073//3462 3072//3462
f 3037//3463 3072//3463 3036//3463
f 3038//2485 3074//2485 3073//2485
f 3038//3464 3073//3464 3037//3464
f 3039//2810 3075//2810 3074//2810
f 3039//2487 3074//2487 3038//2487
f 3040//673 3076//673 3075//673
f 3040//3347 3075//3347 3039//3347
f 3041//3465 3077//3465 3076//3465
f 3041//3466 3076//3466 3040//3466
f 3042//3467 3078//3467 3077//3467
f 3042//3468 3077//3468 3041//3468
f 3043//3469 3079//3469 3078//3469
f 3043//3470 3078//3470 3042//3470
f 3044//2652 3080//2652 3079//2652
f 3044//611 3079//611 3043//611
f 3045//3471 3081//3471 3080//3471
f 3045//2122 3080//2122 3044//2122
f 3046//3472 3082//3472 3081//3472
f 3046//3473 3081//3473 3045//3473
f 3047//3474 3083//3474 3082//3474
f 3047//3475 3082//3475 3046//3475
f 3048//3476 3084//3476 3083//3476
f 3048//689 3083//689 3047//689
f 3049//3477 3085//3477 3084//3477
f 3049//3478 3084//3478 3048//3478
f 3050//3479 3086//3479 3085//3479
f 3050//3479 3085//3479 3049//3479
f 3051//3480 3087//3480 3086//3480
f 3051//3481 3086//3481 3050//3481
f 3052//3482 3088//3482 3087//3482
f 3052//585 3087//585 3051//585
f 3053//3483 3089//3483 3088//3483
f 3053//3483 3088//3483 3052//3483
f 3054//3484 3090//3484 2981//3484
f 3054//2341 2981//2341 2945//2341
f 3055//3485 3091//3485 3090//3485
f 3055//2660 3090//2660 3054//2660
f 3056//1014 3092//1014 3091//1014
f 3056//2137 3091//2137 3055//2137
f 3057//3486 3093//3486 3092//3486
f 3057//3487 3092//3487 3056//3487
f 3058//3488 3094//3488 3093//3488
f 3058//3489 3093//3489 3057//3489
f 3059//3355 3095//3355 3094//3355
f 3059//3490 3094//3490 3058//3490
f 3060//3356 3096//3356 3095//3356
f 3060//3491 3095//3491 3059//3491
f 3061//2146 3097//2146 3096//2146
f 3061//2349 3096//2349 3060//2349
f 3062//2148 3098//2148 3097//2148
f 3062//3492 3097//3492 3061//3492
f 3063//3493 3099//3493 3098//3493
f 3063//2353 3098//2353 3062//2353
f 3064//3360 3100//3360 3099//3360
f 3064//2825 3099//2825 3063//2825
f 3065//2154 3101//2154 3100//2154
f 3065//3494 3100//3494 3064//3494
f 3066//3495 3102//3495 3101//3495
f 3066//2358 3101//2358 3065//2358
f 3067//3012 3103//3012 3102//3012
f 3067//3496 3102//3496 3066//3496
f 3068//2361 3104//2361 3103//2361
f 3068//3014 3103//3014 3067//3014
f 3069//3497 3105//3497 3104//3497
f 3069//2363 3104//2363 3068//2363
f 3070//3498 3106//3498 3105//3498
f 3070//3499 3105//3499 3069//3499
f 3071//3500 3107//3500 3106//3500
f 3071//3501 3106//3501 3070//3501
f 3072//3502 3108//3502 3107//3502
f 3072//3503 3107//3503 3071//3503
f 3073//3504 3109//3504 3108//3504
f 3073//3505 3108//3505 3072//3505
f 3074//3506 3110//3506 3109//3506
f 3074//3507 3109//3507 3073//3507
f 3075//3508 3111//3508 3110//3508
f 3075//3509 3110//3509 3074//3509
f 3076//3510 3112//3510 3111//3510
f 3076//1495 3111//1495 3075//1495
f 3077//3511 3113//3511 3112//3511
f 3077//3512 3112//3512 3076//3512
f 3078//3513 3114//3513 3113//3513
f 3078//3514 3113//3514 3077//3514
f 3079//3289 3115//3289 3114//3289
f 3079//3515 3114//3515 3078//3515
f 3080//3516 3116//3516 3115//3516
f 3080//3517 3115//3517 3079//3517
f 3081//3518 3117//3518 3116//3518
f 3081//2546 3116//2546 3080//2546
f 3082//1964 3118//1964 3117//1964
f 3082//3519 3117//3519 3081//3519
f 3083//3291 3119//3291 3118//3291
f 3083//3520 3118//3520 3082//3520
f 3084//3381 3120//3381 3119//3381
f 3084//3521 3119//3521 3083//3521
f 3085//2856 3121//2856 3120//2856
f 3085//3522 3120//3522 3084//3522
f 3086//2702 3122//2702 3121//2702
f 3086//3113 3121//3113 3085//3113
f 3087//3523 3123//3523 3122//3523
f 3087//3207 3122//3207 3086//3207
f 3088//3524 3124//3524 3123//3524
f 3088//3295 3123//3295 3087//3295
f 3089//2559 3125//2559 3124//2559
f 3089//2202 3124//2202 3088//2202
f 3090//3525 3126//3525 3017//3525
f 3090//3526 3017//3526 2981//3526
f 3091//3527 3127//3527 3126//3527
f 3091//3528 3126//3528 3090//3528
f 3092//3210 3128//3210 3127//3210
f 3092//3529 3127//3529 3091//3529
f 3093//2562 3129//2562 3128//2562
f 3093//2711 3128//2711 3092//2711
f 3094//3530 3130//3530 3129//3530
f 3094//2953 3129//2953 3093//2953
f 3095//3531 3131//3531 3130//3531
f 3095//413 3130//413 3094//413
f 3096//3532 3132//3532 3131//3532
f 3096//3533 3131//3533 3095//3533
f 3097//3534 3133//3534 3132//3534
f 3097//3535 3132//3535 3096//3535
f 3098//2213 3134//2213 3133//2213
f 3098//2565 3133//2565 3097//2565
f 3099//2566 3135//2566 3134//2566
f 3099//3390 3134//3390 3098//3390
f 3100//3536 3136//3536 3135//3536
f 3100//3537 3135//3537 3099//3537
f 3101//3538 3137//3538 3136//3538
f 3101//3539 3136//3539 3100//3539
f 3102//3540 3138//3540 3137//3540
f 3102//3541 3137//3541 3101//3541
f 3103//3542 3139//3542 3138//3542
f 3103//3543 3138//3543 3102//3543
f 3104//3544 3140//3544 3139//3544
f 3104//3545 3139//3545 3103//3545
f 3105//3546 3141//3546 3140//3546
f 3105//3547 3140//3547 3104//3547
f 3106//3548 3142//3548 3141//3548
f 3106//3549 3141//3549 3105//3549
f 3107//3550 3143//3550 3142//3550
f 3107//3551 3142//3551 3106//3551
f 3108//2861 3144//2861 3143//2861
f 3108//3552 3143//3552 3107//3552
f 3109//1853 3145//1853 3144//1853
f 3109//3553 3144//3553 3108//3553
f 3110//2221 3146//2221 3145//2221
f 3110//3396 3145//3396 3109//3396
f 3111//2415 3147//2415 3146//2415
f 3111//3554 3146//3554 3110//3554
f 3112//3044 3148//3044 3147//3044
f 3112//2957 3147//2957 3111//2957
f 3113//1855 3149//1855 3148//1855
f 3113//1536 3148//1536 3112//1536
f 3114//1537 3150//1537 3149//1537
f 3114//3397 3149//3397 3113//3397
f 3115//1540 3151//1540 3150//1540
f 3115//1995 3150//1995 3114//1995
f 3116//3399 3152//3399 3151//3399
f 3116//1352 3151//1352 3115//1352
f 3117//3555 3153//3555 3152//3555
f 3117//2226 3152//2226 3116//2226
f 3118//3556 3154//3556 3153//3556
f 3118//3557 3153//3557 3117//3557
f 3119//3558 3155//3558 3154//3558
f 3119//3559 3154//3559 3118//3559
f 3120//3560 3156//3560 3155//3560
f 3120//3561 3155//3561 3119//3561
f 3121//3562 3157//3562 3156//3562
f 3121//3563 3156//3563 3120//3563
f 3122//3564 3158//3564 3157//3564
f 3122//3565 3157//3565 3121//3565
f 3123//3566 3159//3566 3158//3566
f 3123//3567 3158//3567 3122//3567
f 3124//3568 3160//3568 3159//3568
f 3124//3569 3159//3569 3123//3569
f 3125//3406 3161//3406 3160//3406
f 3125//3570 3160//3570 3124//3570
f 3126//3571 3162//3571 3053//3571
f 3126//3572 3053//3572 3017//3572
f 3127//3573 3163//3573 3162//3573
f 3127//3574 3162//3574 3126//3574
f 3128//3575 3164//3575 3163//3575
f 3128//3576 3163//3576 3127//3576
f 3129//3577 3165//3577 3164//3577
f 3129//3578 3164//3578 3128//3578
f 3130//3579 3166//3579 3165//3579
f 3130//3580 3165//3580 3129//3580
f 3131//3581 3167//3581 3166//3581
f 3131//3582 3166//3582 3130//3582
f 3132//3583 3168//3583 3167//3583
f 3132//3584 3167//3584 3131//3584
f 3133//3585 3169//3585 3168//3585
f 3133//3586 3168//3586 3132//3586
f 3134//3587 3170//3587 3169//3587
f 3134//3588 3169//3588 3133//3588
f 3135//3589 3171//3589 3170//3589
f 3135//2440 3170//2440 3134//2440
f 3136//2029 3172//2029 3171//2029
f 3136//3590 3171//3590 3135//3590
f 3137//2442 3173//2442 3172//2442
f 3137//2892 3172//2892 3136//2892
f 3138//2033 3174//2033 3173//2033
f 3138//3591 3173//3591 3137//3591
f 3139//2753 3175//2753 3174//2753
f 3139//3592 3174//3592 3138//3592
f 3140//2755 3176//2755 3175//2755
f 3140//2606 3175//2606 3139//2606
f 3141//2607 3177//2607 3176//2607
f 3141//3428 3176//3428 3140//3428
f 3142//2609 3178//2609 3177//2609
f 3142//3322 3177//3322 3141//3322
f 3143//3593 3179//3593 3178//3593
f 3143//3594 3178//3594 3142//3594
f 3144//3595 3180//3595 3179//3595
f 3144//2273 3179//2273 3143//2273
f 3145//3596 3181//3596 3180//3596
f 3145//3597 3180//3597 3144//3597
f 3146//3598 3182//3598 3181//3598
f 3146//3599 3181//3599 3145//3599
f 3147//3433 3183//3433 3182//3433
f 3147//3434 3182//3434 3146//3434
f 3148//3600 3184//3600 3183//3600
f 3148//3601 3183//3601 3147//3601
f 3149//3602 3185//3602 3184//3602
f 3149//3603 3184//3603 3148//3603
f 3150//3604 3186//3604 3185//3604
f 3150//3440 3185//3440 3149//3440
f 3151//3605 3187//3605 3186//3605
f 3151//3606 3186//3606 3150//3606
f 3152//3607 3188//3607 3187//3607
f 3152//3608 3187//3608 3151//3608
f 3153//2776 3189//2776 3188//2776
f 3153//2062 3188//2062 3152//2062
f 3154//3609 3190//3609 3189//3609
f 3154//3610 3189//3610 3153//3610
f 3155//3446 3191//3446 3190//3446
f 3155//3611 3190//3611 3154//3611
f 3156//3612 3192//3612 3191//3612
f 3156//3613 3191//3613 3155//3613
f 3157//2292 3193//2292 3192//2292
f 3157//3447 3192//3447 3156//3447
f 3158//2903 3194//2903 3193//2903
f 3158//2474 3193//2474 3157//2474
f 3159//2294 3195//2294 3194//2294
f 3159//3614 3194//3614 3158//3614
f 3160//3615 3196//3615 3195//3615
f 3160//3171 3195//3171 3159//3171
f 3161//3616 3197//3616 3196//3616
f 3161//3081 3196//3081 3160//3081
f 3162//3337 3198//3337 3089//3337
f 3162//3617 3089//3617 3053//3617
f 3163//2477 3199//2477 3198//2477
f 3163//702 3198//702 3162//702
f 3164//2080 3200//2080 3199//2080
f 3164//1774 3199//1774 3163//1774
f 3165//2907 3201//2907 3200//2907
f 3165//2300 3200//2300 3164//2300
f 3166//2083 3202//2083 3201//2083
f 3166//977 3201//977 3165//977
f 3167//3618 3203//3618 3202//3618
f 3167//2086 3202//2086 3166//2086
f 3168//2087 3204//2087 3203//2087
f 3168//3455 3203//3455 3167//3455
f 3169//3619 3205//3619 3204//3619
f 3169//3620 3204//3620 3168//3620
f 3170//2305 3206//2305 3205//2305
f 3170//3621 3205//3621 3169//3621
f 3171//3622 3207//3622 3206//3622
f 3171//2308 3206//2308 3170//2308
f 3172//3623 3208//3623 3207//3623
f 3172//3624 3207//3624 3171//3624
f 3173//3625 3209//3625 3208//3625
f 3173//3626 3208//3626 3172//3626
f 3174//3627 3210//3627 3209//3627
f 3174//3628 3209//3628 3173//3628
f 3175//3629 3211//3629 3210//3629
f 3175//3630 3210//3630 3174//3630
f 3176//3631 3212//3631 3211//3631
f 3176//3632 3211//3632 3175//3632
f 3177//658 3213//658 3212//658
f 3177//659 3212//659 3176//659
f 3178//3633 3214//3633 3213//3633
f 3178//3634 3213//3634 3177//3634
f 3179//3460 3215//3460 3214//3460
f 3179//3460 3214//3460 3178//3460
f 3180//3635 3216//3635 3215//3635
f 3180//665 3215//665 3179//665
f 3181//3636 3217//3636 3216//3636
f 3181//3637 3216//3637 3180//3637
f 3182//3638 3218//3638 3217//3638
f 3182//3464 3217//3464 3181//3464
f 3183//3639 3219//3639 3218//3639
f 3183//3640 3218//3640 3182//3640
f 3184//3174 3220//3174 3219//3174
f 3184//673 3219//673 3183//673
f 3185//2489 3221//2489 3220//2489
f 3185//675 3220//675 3184//675
f 3186//2651 3222//2651 3221//2651
f 3186//3641 3221//3641 3185//3641
f 3187//3642 3223//3642 3222//3642
f 3187//679 3222//679 3186//679
f 3188//3643 3224//3643 3223//3643
f 3188//3644 3223//3644 3187//3644
f 3189//3645 3225//3645 3224//3645
f 3189//3646 3224//3646 3188//3646
f 3190//3647 3226//3647 3225//3647
f 3190//3648 3225//3648 3189//3648
f 3191//2125 3227//2125 3226//2125
f 3191//3649 3226//3649 3190//3649
f 3192//3476 3228//3476 3227//3476
f 3192//619 3227//619 3191//619
f 3193//3477 3229//3477 3228//3477
f 3193//3650 3228//3650 3192//3650
f 3194//3651 3230//3651 3229//3651
f 3194//3479 3229//3479 3193//3479
f 3195//3480 3231//3480 3230//3480
f 3195//3481 3230//3481 3194//3481
f 3196//3482 3232//3482 3231//3482
f 3196//585 3231//585 3195//585
f 3197//3652 3233//3652 3232//3652
f 3197//3483 3232//3483 3196//3483
f 3198//3653 3234//3653 3125//3653
f 3198//3654 3125//3654 3089//3654
f 3199//3655 3235//3655 3234//3655
f 3199//3656 3234//3656 3198//3656
f 3200//3657 3236//3657 3235//3657
f 3200//3658 3235//3658 3199//3658
f 3201//3659 3237//3659 3236//3659
f 3201//3660 3236//3660 3200//3660
f 3202//3661 3238//3661 3237//3661
f 3202//3662 3237//3662 3201//3662
f 3203//3663 3239//3663 3238//3663
f 3203//3664 3238//3664 3202//3664
f 3204//3665 3240//3665 3239//3665
f 3204//3491 3239//3491 3203//3491
f 3205//3357 3241//3357 3240//3357
f 3205//3666 3240//3666 3204//3666
f 3206//3667 3242//3667 3241//3667
f 3206//3668 3241//3668 3205//3668
f 3207//3669 3243//3669 3242//3669
f 3207//3670 3242//3670 3206//3670
f 3208//3671 3244//3671 3243//3671
f 3208//3672 3243//3672 3207//3672
f 3209//2154 3245//2154 3244//2154
f 3209//3673 3244//3673 3208//3673
f 3210//3674 3246//3674 3245//3674
f 3210//3675 3245//3675 3209//3675
f 3211//2158 3247//2158 3246//2158
f 3211//3676 3246//3676 3210//3676
f 3212//3677 3248//3677 3247//3677
f 3212//2160 3247//2160 3211//2160
f 3213//3015 3249//3015 3248//3015
f 3213//3678 3248//3678 3212//3678
f 3214//3679 3250//3679 3249//3679
f 3214//3680 3249//3680 3213//3680
f 3215//3681 3251//3681 3250//3681
f 3215//2367 3250//2367 3214//2367
f 3216//2167 3252//2167 3251//2167
f 3216//2369 3251//2369 3215//2369
f 3217//3682 3253//3682 3252//3682
f 3217//3106 3252//3106 3216//3106
f 3218//3683 3254//3683 3253//3683
f 3218//2172 3253//2172 3217//2172
f 3219//3684 3255//3684 3254//3684
f 3219//2691 3254//2691 3218//2691
f 3220//3685 3256//3685 3255//3685
f 3220//3686 3255//3686 3219//3686
f 3221//3511 3257//3511 3256//3511
f 3221//3512 3256//3512 3220//3512
f 3222//2179 3258//2179 3257//2179
f 3222//3514 3257//3514 3221//3514
f 3223//2378 3259//2378 3258//2378
f 3223//3687 3258//3687 3222//3687
f 3224//2183 3260//2183 3259//2183
f 3224//3688 3259//3688 3223//3688
f 3225//3689 3261//3689 3260//3689
f 3225//3690 3260//3690 3224//3690
f 3226//3691 3262//3691 3261//3691
f 3226//3692 3261//3692 3225//3692
f 3227//2383 3263//2383 3262//2383
f 3227//3693 3262//3693 3226//3693
f 3228//3694 3264//3694 3263//3694
f 3228//1071 3263//1071 3227//1071
f 3229//3695 3265//3695 3264//3695
f 3229//3696 3264//3696 3228//3696
f 3230//3697 3266//3697 3265//3697
f 3230//3698 3265//3698 3229//3698
f 3231//3699 3267//3699 3266//3699
f 3231//3700 3266//3700 3230//3700
f 3232//3701 3268//3701 3267//3701
f 3232//3702 3267//3702 3231//3702
f 3233//2950 3269//2950 3268//2950
f 3233//3703 3268//3703 3232//3703
f 3234//3525 3270//3525 3161//3525
f 3234//3526 3161//3526 3125//3526
f 3235//3527 3271//3527 3270//3527
f 3235//3704 3270//3704 3234//3704
f 3236//3705 3272//3705 3271//3705
f 3236//3706 3271//3706 3235//3706
f 3237//3707 3273//3707 3272//3707
f 3237//3708 3272//3708 3236//3708
f 3238//3297 3274//3297 3273//3297
f 3238//637 3273//637 3237//637
f 3239//3388 3275//3388 3274//3388
f 3239//1093 3274//1093 3238//1093
f 3240//3389 3276//3389 3275//3389
f 3240//1095 3275//1095 3239//1095
f 3241//1696 3277//1696 3276//1696
f 3241//2212 3276//2212 3240//2212
f 3242//2213 3278//2213 3277//2213
f 3242//2213 3277//2213 3241//2213
f 3243//3390 3279//3390 3278//3390
f 3243//2214 3278//2214 3242//2214
f 3244//3709 3280//3709 3279//3709
f 3244//2215 3279//2215 3243//2215
f 3245//3710 3281//3710 3280//3710
f 3245//1525 3280//1525 3244//1525
f 3246//3711 3282//3711 3281//3711
f 3246//1330 3281//1330 3245//1330
f 3247//3712 3283//3712 3282//3712
f 3247//3713 3282//3713 3246//3713
f 3248//3714 3284//3714 3283//3714
f 3248//3715 3283//3715 3247//3715
f 3249//3716 3285//3716 3284//3716
f 3249//3547 3284//3547 3248//3547
f 3250//3548 3286//3548 3285//3548
f 3250//3549 3285//3549 3249//3549
f 3251//3550 3287//3550 3286//3550
f 3251//3551 3286//3551 3250//3551
f 3252//3552 3288//3552 3287//3552
f 3252//3552 3287//3552 3251//3552
f 3253//3717 3289//3717 3288//3717
f 3253//3718 3288//3718 3252//3718
f 3254//3719 3290//3719 3289//3719
f 3254//3720 3289//3720 3253//3720
f 3255//3721 3291//3721 3290//3721
f 3255//3722 3290//3722 3254//3722
f 3256//3723 3292//3723 3291//3723
f 3256//3724 3291//3724 3255//3724
f 3257//3725 3293//3725 3292//3725
f 3257//3726 3292//3726 3256//3726
f 3258//3727 3294//3727 3293//3727
f 3258//3728 3293//3728 3257//3728
f 3259//3729 3295//3729 3294//3729
f 3259//3730 3294//3730 3258//3730
f 3260//3731 3296//3731 3295//3731
f 3260//3732 3295//3732 3259//3732
f 3261//2226 3297//2226 3296//2226
f 3261//2226 3296//2226 3260//2226
f 3262//1705 3298//1705 3297//1705
f 3262//2227 3297//2227 3261//2227
f 3263//1355 3299//1355 3298//1355
f 3263//3226 3298//3226 3262//3226
f 3264//3733 3300//3733 3299//3733
f 3264//1358 3299//1358 3263//1358
f 3265//3134 3301//3134 3300//3134
f 3265//3046 3300//3046 3264//3046
f 3266//3734 3302//3734 3301//3734
f 3266//3735 3301//3735 3265//3735
f 3267//3135 3303//3135 3302//3135
f 3267//3227 3302//3227 3266//3227
f 3268//3736 3304//3736 3303//3736
f 3268//3737 3303//3737 3267//3737
f 3269//3406 3305//3406 3304//3406
f 3269//3406 3304//3406 3268//3406
f 3270//3738 3306//3738 3197//3738
f 3270//2424 3197//2424 3161//2424
f 3271//3739 3307//3739 3306//3739
f 3271//3740 3306//3740 3270//3740
f 3272//2240 3308//2240 3307//2240
f 3272//2428 3307//2428 3271//2428
f 3273//3139 3309//3139 3308//3139
f 3273//2243 3308//2243 3272//2243
f 3274//3579 3310//3579 3309//3579
f 3274//3052 3309//3052 3273//3052
f 3275//3741 3311//3741 3310//3741
f 3275//3742 3310//3742 3274//3742
f 3276//3583 3312//3583 3311//3583
f 3276//3584 3311//3584 3275//3584
f 3277//2024 3313//2024 3312//2024
f 3277//3743 3312//3743 3276//3743
f 3278//3744 3314//3744 3313//3744
f 3278//3745 3313//3745 3277//3745
f 3279//2439 3315//2439 3314//2439
f 3279//3746 3314//3746 3278//3746
f 3280//3747 3316//3747 3315//3747
f 3280//3748 3315//3748 3279//3748
f 3281//2751 3317//2751 3316//2751
f 3281//3749 3316//3749 3280//3749
f 3282//3750 3318//3750 3317//3750
f 3282//3751 3317//3751 3281//3751
f 3283//3752 3319//3752 3318//3752
f 3283//3753 3318//3753 3282//3753
f 3284//3754 3320//3754 3319//3754
f 3284//3755 3319//3755 3283//3755
f 3285//3756 3321//3756 3320//3756
f 3285//3757 3320//3757 3284//3757
f 3286//3758 3322//3758 3321//3758
f 3286//3759 3321//3759 3285//3759
f 3287//3760 3323//3760 3322//3760
f 3287//2271 3322//2271 3286//2271
f 3288//3761 3324//3761 3323//3761
f 3288//3152 3323//3152 3287//3152
f 3289//2045 3325//2045 3324//2045
f 3289//3324 3324//3324 3288//3324
f 3290//3762 3326//3762 3325//3762
f 3290//2767 3325//2767 3289//2767
f 3291//2049 3327//2049 3326//2049
f 3291//3763 3326//3763 3290//3763
f 3292//3764 3328//3764 3327//3764
f 3292//3765 3327//3765 3291//3765
f 3293//3328 3329//3328 3328//3328
f 3293//2772 3328//2772 3292//2772
f 3294//2282 3330//2282 3329//2282
f 3294//3766 3329//3766 3293//3766
f 3295//2057 3331//2057 3330//2057
f 3295//3767 3330//3767 3294//3767
f 3296//3768 3332//3768 3331//3768
f 3296//3769 3331//3769 3295//3769
f 3297//2776 3333//2776 3332//2776
f 3297//2062 3332//2062 3296//2062
f 3298//3609 3334//3609 3333//3609
f 3298//3770 3333//3770 3297//3770
f 3299//2470 3335//2470 3334//2470
f 3299//3771 3334//3771 3298//3771
f 3300//3772 3336//3772 3335//3772
f 3300//3773 3335//3773 3299//3773
f 3301//3774 3337//3774 3336//3774
f 3301//3775 3336//3775 3300//3775
f 3302//3776 3338//3776 3337//3776
f 3302//3777 3337//3777 3301//3777
f 3303//3778 3339//3778 3338//3778
f 3303//3779 3338//3779 3302//3779
f 3304//3780 3340//3780 3339//3780
f 3304//3781 3339//3781 3303//3781
f 3305//3782 3341//3782 3340//3782
f 3305//3783 3340//3783 3304//3783
f 3306//3617 3342//3617 3233//3617
f 3306//3617 3233//3617 3197//3617
f 3307//3784 3343//3784 3342//3784
f 3307//3785 3342//3785 3306//3785
f 3308//3786 3344//3786 3343//3786
f 3308//3787 3343//3787 3307//3787
f 3309//3788 3345//3788 3344//3788
f 3309//3789 3344//3789 3308//3789
f 3310//3790 3346//3790 3345//3790
f 3310//3791 3345//3791 3309//3791
f 3311//3792 3347//3792 3346//3792
f 3311//3793 3346//3793 3310//3793
f 3312//3794 3348//3794 3347//3794
f 3312//3795 3347//3795 3311//3795
f 3313//3796 3349//3796 3348//3796
f 3313//3797 3348//3797 3312//3797
f 3314//3621 3350//3621 3349//3621
f 3314//717 3349//717 3313//717
f 3315//3798 3351//3798 3350//3798
f 3315//3799 3350//3799 3314//3799
f 3316//3800 3352//3800 3351//3800
f 3316//3801 3351//3801 3315//3801
f 3317//2483 3353//2483 3352//2483
f 3317//1917 3352//1917 3316//1917
f 3318//2312 3354//2312 3353//2312
f 3318//3802 3353//3802 3317//3802
f 3319//2314 3355//2314 3354//2314
f 3319//727 3354//727 3318//727
f 3320//2315 3356//2315 3355//2315
f 3320//2809 3355//2809 3319//2809
f 3321//2317 3357//2317 3356//2317
f 3321//1919 3356//1919 3320//1919
f 3322//3633 3358//3633 3357//3633
f 3322//3803 3357//3803 3321//3803
f 3323//3804 3359//3804 3358//3804
f 3323//3805 3358//3805 3322//3805
f 3324//3461 3360//3461 3359//3461
f 3324//665 3359//665 3323//665
f 3325//3462 3361//3462 3360//3462
f 3325//3806 3360//3806 3324//3806
f 3326//3638 3362//3638 3361//3638
f 3326//3464 3361//3464 3325//3464
f 3327//3807 3363//3807 3362//3807
f 3327//3807 3362//3807 3326//3807
f 3328//3808 3364//3808 3363//3808
f 3328//673 3363//673 3327//673
f 3329//3809 3365//3809 3364//3809
f 3329//3810 3364//3810 3328//3810
f 3330//3811 3366//3811 3365//3811
f 3330//3812 3365//3812 3329//3812
f 3331//3813 3367//3813 3366//3813
f 3331//3814 3366//3814 3330//3814
f 3332//2119 3368//2119 3367//2119
f 3332//3815 3367//3815 3331//3815
f 3333//3816 3369//3816 3368//3816
f 3333//3646 3368//3646 3332//3646
f 3334//3817 3370//3817 3369//3817
f 3334//3818 3369//3818 3333//3818
f 3335//3819 3371//3819 3370//3819
f 3335//3820 3370//3820 3334//3820
f 3336//618 3372//618 3371//618
f 3336//3821 3371//3821 3335//3821
f 3337//3822 3373//3822 3372//3822
f 3337//621 3372//621 3336//621
f 3338//2130 3374//2130 3373//2130
f 3338//3823 3373//3823 3337//3823
f 3339//2132 3375//2132 3374//2132
f 3339//695 3374//695 3338//695
f 3340//696 3376//696 3375//696
f 3340//584 3375//584 3339//584
f 3341//551 3377//551 3376//551
f 3341//587 3376//587 3340//587
f 3342//3350 3378//3350 3269//3350
f 3342//3351 3269//3351 3233//3351
f 3343//2134 3379//2134 3378//2134
f 3343//3352 3378//3352 3342//3352
f 3344//2343 3380//2343 3379//2343
f 3344//2137 3379//2137 3343//2137
f 3345//3824 3381//3824 3380//3824
f 3345//3005 3380//3005 3344//3005
f 3346//3006 3382//3006 3381//3006
f 3346//2141 3381//2141 3345//2141
f 3347//3355 3383//3355 3382//3355
f 3347//3095 3382//3095 3346//3095
f 3348//3825 3384//3825 3383//3825
f 3348//3269 3383//3269 3347//3269
f 3349//2146 3385//2146 3384//2146
f 3349//3826 3384//3826 3348//3826
f 3350//2148 3386//2148 3385//2148
f 3350//3827 3385//3827 3349//3827
f 3351//3669 3387//3669 3386//3669
f 3351//3828 3386//3828 3350//3828
f 3352//3829 3388//3829 3387//3829
f 3352//3830 3387//3830 3351//3830
f 3353//2154 3389//2154 3388//2154
f 3353//3831 3388//3831 3352//3831
f 3354//3832 3390//3832 3389//3832
f 3354//1656 3389//1656 3353//1656
f 3355//3833 3391//3833 3390//3833
f 3355//3834 3390//3834 3354//3834
f 3356//3835 3392//3835 3391//3835
f 3356//3836 3391//3836 3355//3836
f 3357//3837 3393//3837 3392//3837
f 3357//3838 3392//3838 3356//3838
f 3358//3839 3394//3839 3393//3839
f 3358//3840 3393//3840 3357//3840
f 3359//3841 3395//3841 3394//3841
f 3359//3842 3394//3842 3358//3842
f 3360//3843 3396//3843 3395//3843
f 3360//3844 3395//3844 3359//3844
f 3361//3845 3397//3845 3396//3845
f 3361//3846 3396//3846 3360//3846
f 3362//3847 3398//3847 3397//3847
f 3362//3848 3397//3848 3361//3848
f 3363//3684 3399//3684 3398//3684
f 3363//3021 3398//3021 3362//3021
f 3364//3198 3400//3198 3399//3198
f 3364//3849 3399//3849 3363//3849
f 3365//3107 3401//3107 3400//3107
f 3365//3850 3400//3850 3364//3850
f 3366//2541 3402//2541 3401//2541
f 3366//2850 3401//2850 3365//2850
f 3367//2378 3403//2378 3402//2378
f 3367//2379 3402//2379 3366//2379
f 3368//2183 3404//2183 3403//2183
f 3368//3022 3403//3022 3367//3022
f 3369//3518 3405//3518 3404//3518
f 3369//2546 3404//2546 3368//2546
f 3370//3851 3406//3851 3405//3851
f 3370//3852 3405//3852 3369//3852
f 3371//2383 3407//2383 3406//2383
f 3371//3853 3406//3853 3370//3853
f 3372//3694 3408//3694 3407//3694
f 3372//3854 3407//3854 3371//3854
f 3373//3855 3409//3855 3408//3855
f 3373//3696 3408//3696 3372//3696
f 3374//3856 3410//3856 3409//3856
f 3374//3857 3409//3857 3373//3857
f 3375//3699 3411//3699 3410//3699
f 3375//3858 3410//3858 3374//3858
f 3376//3859 3412//3859 3411//3859
f 3376//3860 3411//3860 3375//3860
f 3377//3861 3413//3861 3412//3861
f 3377//3862 3412//3862 3376//3862
f 3378//3525 3414//3525 3305//3525
f 3378//3525 3305//3525 3269//3525
f 3379//3527 3415//3527 3414//3527
f 3379//3704 3414//3704 3378//3704
f 3380//3863 3416//3863 3415//3863
f 3380//3864 3415//3864 3379//3864
f 3381//3865 3417//3865 3416//3865
f 3381//3866 3416//3866 3380//3866
f 3382//3867 3418//3867 3417//3867
f 3382//3868 3417//3868 3381//3868
f 3383//3531 3419//3531 3418//3531
f 3383//413 3418//413 3382//413
f 3384//3869 3420//3869 3419//3869
f 3384//3870 3419//3870 3383//3870
f 3385//3871 3421//3871 3420//3871
f 3385//3872 3420//3872 3384//3872
f 3386//3873 3422//3873 3421//3873
f 3386//3874 3421//3874 3385//3874
f 3387//3875 3423//3875 3422//3875
f 3387//2214 3422//2214 3386//2214
f 3388//3876 3424//3876 3423//3876
f 3388//3877 3423//3877 3387//3877
f 3389//3878 3425//3878 3424//3878
f 3389//3879 3424//3879 3388//3879
f 3390//1329 3426//1329 3425//1329
f 3390//3880 3425//3880 3389//3880
f 3391//2954 3427//2954 3426//2954
f 3391//2955 3426//2955 3390//2955
f 3392//3881 3428//3881 3427//3881
f 3392//3882 3427//3882 3391//3882
f 3393//3392 3429//3392 3428//3392
f 3393//3300 3428//3300 3392//3300
f 3394//1851 3430//1851 3429//1851
f 3394//3394 3429//3394 3393//3394
f 3395//2956 3431//2956 3430//2956
f 3395//3883 3430//3883 3394//3883
f 3396//3884 3432//3884 3431//3884
f 3396//2861 3431//2861 3395//2861
f 3397//1853 3433//1853 3432//1853
f 3397//3553 3432//3553 3396//3553
f 3398//3885 3434//3885 3433//3885
f 3398//2222 3433//2222 3397//2222
f 3399//3721 3435//3721 3434//3721
f 3399//3886 3434//3886 3398//3886
f 3400//3723 3436//3723 3435//3723
f 3400//561 3435//561 3399//561
f 3401//3725 3437//3725 3436//3725
f 3401//3887 3436//3887 3400//3887
f 3402//3727 3438//3727 3437//3727
f 3402//3728 3437//3728 3401//3728
f 3403//3888 3439//3888 3438//3888
f 3403//3730 3438//3730 3402//3730
f 3404//2225 3440//2225 3439//2225
f 3404//3732 3439//3732 3403//3732
f 3405//3555 3441//3555 3440//3555
f 3405//3400 3440//3400 3404//3400
f 3406//3889 3442//3889 3441//3889
f 3406//3890 3441//3890 3405//3890
f 3407//3891 3443//3891 3442//3891
f 3407//3892 3442//3892 3406//3892
f 3408//3560 3444//3560 3443//3560
f 3408//3893 3443//3893 3407//3893
f 3409//3894 3445//3894 3444//3894
f 3409//3895 3444//3895 3408//3895
f 3410//3564 3446//3564 3445//3564
f 3410//3896 3445//3896 3409//3896
f 3411//3897 3447//3897 3446//3897
f 3411//3898 3446//3898 3410//3898
f 3412//3899 3448//3899 3447//3899
f 3412//3900 3447//3900 3411//3900
f 3413//3901 3449//3901 3448//3901
f 3413//3047 3448//3047 3412//3047
f 3414//3902 3450//3902 3341//3902
f 3414//3903 3341//3903 3305//3903
f 3415//3904 3451//3904 3450//3904
f 3415//3905 3450//3905 3414//3905
f 3416//3906 3452//3906 3451//3906
f 3416//3907 3451//3907 3415//3907
f 3417//3908 3453//3908 3452//3908
f 3417//3909 3452//3909 3416//3909
f 3418//3910 3454//3910 3453//3910
f 3418//3911 3453//3911 3417//3911
f 3419//2020 3455//2020 3454//2020
f 3419//3912 3454//3912 3418//3912
f 3420//3913 3456//3913 3455//3913
f 3420//2596 3455//2596 3419//2596
f 3421//2024 3457//2024 3456//2024
f 3421//2436 3456//2436 3420//2436
f 3422//3914 3458//3914 3457//3914
f 3422//3915 3457//3915 3421//3915
f 3423//3589 3459//3589 3458//3589
f 3423//2440 3458//2440 3422//2440
f 3424//3916 3460//3916 3459//3916
f 3424//3917 3459//3917 3423//3917
f 3425//2751 3461//2751 3460//2751
f 3425//3918 3460//3918 3424//3918
f 3426//3750 3462//3750 3461//3750
f 3426//3919 3461//3919 3425//3919
f 3427//3752 3463//3752 3462//3752
f 3427//3753 3462//3753 3426//3753
f 3428//3920 3464//3920 3463//3920
f 3428//3755 3463//3755 3427//3755
f 3429//3756 3465//3756 3464//3756
f 3429//3921 3464//3921 3428//3921
f 3430//3922 3466//3922 3465//3922
f 3430//3759 3465//3759 3429//3759
f 3431//3923 3467//3923 3466//3923
f 3431//3924 3466//3924 3430//3924
f 3432//3925 3468//3925 3467//3925
f 3432//3926 3467//3926 3431//3926
f 3433//3927 3469//3927 3468//3927
f 3433//3928 3468//3928 3432//3928
f 3434//3929 3470//3929 3469//3929
f 3434//3930 3469//3930 3433//3930
f 3435//3931 3471//3931 3470//3931
f 3435//3932 3470//3932 3434//3932
f 3436//3933 3472//3933 3471//3933
f 3436//3934 3471//3934 3435//3934
f 3437//3935 3473//3935 3472//3935
f 3437//3936 3472//3936 3436//3936
f 3438//3937 3474//3937 3473//3937
f 3438//2773 3473//2773 3437//2773
f 3439//2057 3475//2057 3474//2057
f 3439//3938 3474//3938 3438//3938
f 3440//2285 3476//2285 3475//2285
f 3440//3939 3475//3939 3439//3939
f 3441//2061 3477//2061 3476//2061
f 3441//2062 3476//2062 3440//2062
f 3442//3444 3478//3444 3477//3444
f 3442//3940 3477//3940 3441//3940
f 3443//2470 3479//2470 3478//2470
f 3443//2066 3478//2066 3442//2066
f 3444//2067 3480//2067 3479//2067
f 3444//2068 3479//2068 3443//2068
f 3445//3332 3481//3332 3480//3332
f 3445//3941 3480//3941 3444//3941
f 3446//2903 3482//2903 3481//2903
f 3446//3169 3481//3169 3445//3169
f 3447//3448 3483//3448 3482//3448
f 3447//3942 3482//3942 3446//3942
f 3448//3943 3484//3943 3483//3943
f 3448//3450 3483//3450 3447//3450
f 3449//3782 3485//3782 3484//3782
f 3449//3944 3484//3944 3448//3944
f 3450//3337 3486//3337 3377//3337
f 3450//700 3377//700 3341//700
f 3451//3945 3487//3945 3486//3945
f 3451//3945 3486//3945 3450//3945
f 3452//3946 3488//3946 3487//3946
f 3452//1774 3487//1774 3451//1774
f 3453//3947 3489//3947 3488//3947
f 3453//3948 3488//3948 3452//3948
f 3454//3791 3490//3791 3489//3791
f 3454//3791 3489//3791 3453//3791
f 3455//3949 3491//3949 3490//3949
f 3455//3950 3490//3950 3454//3950
f 3456//3794 3492//3794 3491//3794
f 3456//3951 3491//3951 3455//3951
f 3457//3796 3493//3796 3492//3796
f 3457//3797 3492//3797 3456//3797
f 3458//3952 3494//3952 3493//3952
f 3458//717 3493//717 3457//717
f 3459//3953 3495//3953 3494//3953
f 3459//3799 3494//3799 3458//3799
f 3460//3954 3496//3954 3495//3954
f 3460//3955 3495//3955 3459//3955
f 3461//3956 3497//3956 3496//3956
f 3461//3626 3496//3626 3460//3626
f 3462//3627 3498//3627 3497//3627
f 3462//3628 3497//3628 3461//3628
f 3463//3629 3499//3629 3498//3629
f 3463//3629 3498//3629 3462//3629
f 3464//3957 3500//3957 3499//3957
f 3464//3958 3499//3958 3463//3958
f 3465//3959 3501//3959 3500//3959
f 3465//3960 3500//3960 3464//3960
f 3466//660 3502//660 3501//660
f 3466//661 3501//661 3465//661
f 3467//663 3503//663 3502//663
f 3467//593 3502//593 3466//593
f 3468//595 3504//595 3503//595
f 3468//3083 3503//3083 3467//3083
f 3469//667 3505//667 3504//667
f 3469//2484 3504//2484 3468//2484
f 3470//2485 3506//2485 3505//2485
f 3470//3961 3505//3961 3469//3961
f 3471//671 3507//671 3506//671
f 3471//2487 3506//2487 3470//2487
f 3472//2650 3508//2650 3507//2650
f 3472//3347 3507//3347 3471//3347
f 3473//3962 3509//3962 3508//3962
f 3473//675 3508//675 3472//675
f 3474//3811 3510//3811 3509//3811
f 3474//2116 3509//2116 3473//2116
f 3475//3813 3511//3813 3510//3813
f 3475//3814 3510//3814 3474//3814
f 3476//2119 3512//2119 3511//2119
f 3476//681 3511//681 3475//681
f 3477//3963 3513//3963 3512//3963
f 3477//3646 3512//3646 3476//3646
f 3478//3817 3514//3817 3513//3817
f 3478//3818 3513//3818 3477//3818
f 3479//3819 3515//3819 3514//3819
f 3479//3820 3514//3820 3478//3820
f 3480//3476 3516//3476 3515//3476
f 3480//689 3515//689 3479//689
f 3481//3478 3517//3478 3516//3478
f 3481//3477 3516//3477 3480//3477
f 3482//693 3518//693 3517//693
f 3482//3964 3517//3964 3481//3964
f 3483//582 3519//582 3518//582
f 3483//583 3518//583 3482//583
f 3484//3965 3520//3965 3519//3965
f 3484//3966 3519//3966 3483//3966
f 3485//3483 3521//3483 3520//3483
f 3485//3483 3520//3483 3484//3483
f 3486//3967 3522//3967 3413//3967
f 3486//3968 3413//3968 3377//3968
f 3487//3969 3523//3969 3522//3969
f 3487//3970 3522//3970 3486//3970
f 3488//3971 3524//3971 3523//3971
f 3488//3658 3523//3658 3487//3658
f 3489//3972 3525//3972 3524//3972
f 3489//3973 3524//3973 3488//3973
f 3490//3974 3526//3974 3525//3974
f 3490//1019 3525//1019 3489//1019
f 3491//3663 3527//3663 3526//3663
f 3491//3975 3526//3975 3490//3975
f 3492//3976 3528//3976 3527//3976
f 3492//2348 3527//2348 3491//2348
f 3493//3357 3529//3357 3528//3357
f 3493//3977 3528//3977 3492//3977
f 3494//2148 3530//2148 3529//2148
f 3494//3978 3529//3978 3493//3978
f 3495//2352 3531//2352 3530//2352
f 3495//2151 3530//2151 3494//2151
f 3496//2152 3532//2152 3531//2152
f 3496//2355 3531//2355 3495//2355
f 3497//2154 3533//2154 3532//2154
f 3497//3979 3532//3979 3496//3979
f 3498//3495 3534//3495 3533//3495
f 3498//3011 3533//3011 3497//3011
f 3499//3980 3535//3980 3534//3980
f 3499//2360 3534//2360 3498//2360
f 3500//3981 3536//3981 3535//3981
f 3500//3014 3535//3014 3499//3014
f 3501//3497 3537//3497 3536//3497
f 3501//3678 3536//3678 3500//3678
f 3502//3982 3538//3982 3537//3982
f 3502//3983 3537//3983 3501//3983
f 3503//3984 3539//3984 3538//3984
f 3503//3985 3538//3985 3502//3985
f 3504//3986 3540//3986 3539//3986
f 3504//3987 3539//3987 3503//3987
f 3505//3845 3541//3845 3540//3845
f 3505//3846 3540//3846 3504//3846
f 3506//3988 3542//3988 3541//3988
f 3506//3848 3541//3848 3505//3848
f 3507//3989 3543//3989 3542//3989
f 3507//3509 3542//3509 3506//3509
f 3508//3990 3544//3990 3543//3990
f 3508//3991 3543//3991 3507//3991
f 3509//3511 3545//3511 3544//3511
f 3509//3992 3544//3992 3508//3992
f 3510//3513 3546//3513 3545//3513
f 3510//2693 3545//2693 3509//2693
f 3511//3289 3547//3289 3546//3289
f 3511//3993 3546//3993 3510//3993
f 3512//3994 3548//3994 3547//3994
f 3512//3109 3547//3109 3511//3109
f 3513//3377 3549//3377 3548//3377
f 3513//3995 3548//3995 3512//3995
f 3514//3996 3550//3996 3549//3996
f 3514//3852 3549//3852 3513//3852
f 3515//3997 3551//3997 3550//3997
f 3515//3998 3550//3998 3514//3998
f 3516//3381 3552//3381 3551//3381
f 3516//3203 3551//3203 3515//3203
f 3517//3999 3553//3999 3552//3999
f 3517//2701 3552//2701 3516//2701
f 3518//3112 3554//3112 3553//3112
f 3518//4000 3553//4000 3517//4000
f 3519//4001 3555//4001 3554//4001
f 3519//4002 3554//4002 3518//4002
f 3520//4003 3556//4003 3555//4003
f 3520//2558 3555//2558 3519//2558
f 3521//4004 3557//4004 3556//4004
f 3521//2202 3556//2202 3520//2202
f 3522//4005 3558//4005 3449//4005
f 3522//4005 3449//4005 3413//4005
f 3523//1978 3559//1978 3558//1978
f 3523//4006 3558//4006 3522//4006
f 3524//3210 3560//3210 3559//3210
f 3524//3387 3559//3387 3523//3387
f 3525//4007 3561//4007 3560//4007
f 3525//4008 3560//4008 3524//4008
f 3526//3297 3562//3297 3561//3297
f 3526//4009 3561//4009 3525//4009
f 3527//1092 3563//1092 3562//1092
f 3527//1093 3562//1093 3526//1093
f 3528//3869 3564//3869 3563//3869
f 3528//3298 3563//3298 3527//3298
f 3529//3871 3565//3871 3564//3871
f 3529//3872 3564//3872 3528//3872
f 3530//2714 3566//2714 3565//2714
f 3530//1322 3565//1322 3529//1322
f 3531//3875 3567//3875 3566//3875
f 3531//3390 3566//3390 3530//3390
f 3532//3876 3568//3876 3567//3876
f 3532//3877 3567//3877 3531//3877
f 3533//3878 3569//3878 3568//3878
f 3533//4010 3568//4010 3532//4010
f 3534//3711 3570//3711 3569//3711
f 3534//4011 3569//4011 3533//4011
f 3535//4012 3571//4012 3570//4012
f 3535//3713 3570//3713 3534//3713
f 3536//3544 3572//3544 3571//3544
f 3536//3545 3571//3545 3535//3545
f 3537//3546 3573//3546 3572//3546
f 3537//4013 3572//4013 3536//4013
f 3538//4014 3574//4014 3573//4014
f 3538//4015 3573//4015 3537//4015
f 3539//3551 3575//3551 3574//3551
f 3539//4016 3574//4016 3538//4016
f 3540//3552 3576//3552 3575//3552
f 3540//4017 3575//4017 3539//4017
f 3541//3717 3577//3717 3576//3717
f 3541//3718 3576//3718 3540//3718
f 3542//3719 3578//3719 3577//3719
f 3542//4018 3577//4018 3541//4018
f 3543//4019 3579//4019 3578//4019
f 3543//4020 3578//4020 3542//4020
f 3544//4021 3580//4021 3579//4021
f 3544//2957 3579//2957 3543//2957
f 3545//1855 3581//1855 3580//1855
f 3545//1536 3580//1536 3544//1536
f 3546//4022 3582//4022 3581//4022
f 3546//1348 3581//1348 3545//1348
f 3547//1540 3583//1540 3582//1540
f 3547//1995 3582//1995 3546//1995
f 3548//2225 3584//2225 3583//2225
f 3548//3399 3583//3399 3547//3399
f 3549//2226 3585//2226 3584//2226
f 3549//2226 3584//2226 3548//2226
f 3550//1705 3586//1705 3585//1705
f 3550//2227 3585//2227 3549//2227
f 3551//4023 3587//4023 3586//4023
f 3551//1141 3586//1141 3550//1141
f 3552//4024 3588//4024 3587//4024
f 3552//4025 3587//4025 3551//4025
f 3553//4026 3589//4026 3588//4026
f 3553//3563 3588//3563 3552//3563
f 3554//4027 3590//4027 3589//4027
f 3554//3896 3589//3896 3553//3896
f 3555//3566 3591//3566 3590//3566
f 3555//3898 3590//3898 3554//3898
f 3556//4028 3592//4028 3591//4028
f 3556//3900 3591//3900 3555//3900
f 3557//4029 3593//4029 3592//4029
f 3557//3406 3592//3406 3556//3406
f 3558//4030 3594//4030 3485//4030
f 3558//3903 3485//3903 3449//3903
f 3559//4031 3595//4031 3594//4031
f 3559//4032 3594//4032 3558//4032
f 3560//4033 3596//4033 3595//4033
f 3560//4034 3595//4034 3559//4034
f 3561//4035 3597//4035 3596//4035
f 3561//4036 3596//4036 3560//4036
f 3562//4037 3598//4037 3597//4037
f 3562//4038 3597//4038 3561//4038
f 3563//3741 3599//3741 3598//3741
f 3563//4039 3598//4039 3562//4039
f 3564//4040 3600//4040 3599//4040
f 3564//2596 3599//2596 3563//2596
f 3565//4041 3601//4041 3600//4041
f 3565//4042 3600//4042 3564//4042
f 3566//4043 3602//4043 3601//4043
f 3566//4044 3601//4044 3565//4044
f 3567//3589 3603//3589 3602//3589
f 3567//2440 3602//2440 3566//2440
f 3568//4045 3604//4045 3603//4045
f 3568//3917 3603//3917 3567//3917
f 3569//4046 3605//4046 3604//4046
f 3569//3749 3604//3749 3568//3749
f 3570//2033 3606//2033 3605//2033
f 3570//3591 3605//3591 3569//3591
f 3571//2753 3607//2753 3606//2753
f 3571//2754 3606//2754 3570//2754
f 3572//2755 3608//2755 3607//2755
f 3572//4047 3607//4047 3571//4047
f 3573//4048 3609//4048 3608//4048
f 3573//4049 3608//4049 3572//4049
f 3574//2609 3610//2609 3609//2609
f 3574//3322 3609//3322 3573//3322
f 3575//2611 3611//2611 3610//2611
f 3575//3594 3610//3594 3574//3594
f 3576//2896 3612//2896 3611//2896
f 3576//2764 3611//2764 3575//2764
f 3577//4050 3613//4050 3612//4050
f 3577//3242 3612//3242 3576//3242
f 3578//3762 3614//3762 3613//3762
f 3578//4051 3613//4051 3577//4051
f 3579//3931 3615//3931 3614//3931
f 3579//4052 3614//4052 3578//4052
f 3580//4053 3616//4053 3615//4053
f 3580//4054 3615//4054 3579//4054
f 3581//4055 3617//4055 3616//4055
f 3581//4056 3616//4056 3580//4056
f 3582//3604 3618//3604 3617//3604
f 3582//2773 3617//2773 3581//2773
f 3583//2057 3619//2057 3618//2057
f 3583//4057 3618//4057 3582//4057
f 3584//3607 3620//3607 3619//3607
f 3584//4058 3619//4058 3583//4058
f 3585//4059 3621//4059 3620//4059
f 3585//4060 3620//4060 3584//4060
f 3586//4061 3622//4061 3621//4061
f 3586//4062 3621//4062 3585//4062
f 3587//3446 3623//3446 3622//3446
f 3587//4063 3622//4063 3586//4063
f 3588//4064 3624//4064 3623//4064
f 3588//3613 3623//3613 3587//3613
f 3589//3774 3625//3774 3624//3774
f 3589//4065 3624//4065 3588//4065
f 3590//4066 3626//4066 3625//4066
f 3590//4067 3625//4067 3589//4067
f 3591//4068 3627//4068 3626//4068
f 3591//4069 3626//4069 3590//4069
f 3592//2476 3628//2476 3627//2476
f 3592//3171 3627//3171 3591//3171
f 3593//2990 3629//2990 3628//2990
f 3593//3081 3628//3081 3592//3081
f 3594//4070 3630//4070 3521//4070
f 3594//760 3521//760 3485//760
f 3595//3784 3631//3784 3630//3784
f 3595//4071 3630//4071 3594//4071
f 3596//3946 3632//3946 3631//3946
f 3596//4072 3631//4072 3595//4072
f 3597//4073 3633//4073 3632//4073
f 3597//3947 3632//3947 3596//3947
f 3598//2083 3634//2083 3633//2083
f 3598//977 3633//977 3597//977
f 3599//2478 3635//2478 3634//2478
f 3599//2086 3634//2086 3598//2086
f 3600//2087 3636//2087 3635//2087
f 3600//1914 3635//1914 3599//1914
f 3601//3619 3637//3619 3636//3619
f 3601//3620 3636//3620 3600//3620
f 3602//2480 3638//2480 3637//2480
f 3602//4074 3637//4074 3601//4074
f 3603//2481 3639//2481 3638//2481
f 3603//3799 3638//3799 3602//3799
f 3604//3800 3640//3800 3639//3800
f 3604//3801 3639//3801 3603//3801
f 3605//3956 3641//3956 3640//3956
f 3605//1917 3640//1917 3604//1917
f 3606//3627 3642//3627 3641//3627
f 3606//4075 3641//4075 3605//4075
f 3607//4076 3643//4076 3642//4076
f 3607//3629 3642//3629 3606//3629
f 3608//3957 3644//3957 3643//3957
f 3608//3958 3643//3958 3607//3958
f 3609//658 3645//658 3644//658
f 3609//3960 3644//3960 3608//3960
f 3610//3459 3646//3459 3645//3459
f 3610//661 3645//661 3609//661
f 3611//4077 3647//4077 3646//4077
f 3611//3460 3646//3460 3610//3460
f 3612//4078 3648//4078 3647//4078
f 3612//4079 3647//4079 3611//4079
f 3613//3636 3649//3636 3648//3636
f 3613//3463 3648//3463 3612//3463
f 3614//4080 3650//4080 3649//4080
f 3614//669 3649//669 3613//669
f 3615//4081 3651//4081 3650//4081
f 3615//4082 3650//4082 3614//4082
f 3616//4083 3652//4083 3651//4083
f 3616//3808 3651//3808 3615//3808
f 3617//674 3653//674 3652//674
f 3617//4084 3652//4084 3616//4084
f 3618//3467 3654//3467 3653//3467
f 3618//4085 3653//4085 3617//4085
f 3619//4086 3655//4086 3654//4086
f 3619//3470 3654//3470 3618//3470
f 3620//3643 3656//3643 3655//3643
f 3620//2653 3655//2653 3619//2653
f 3621//3645 3657//3645 3656//3645
f 3621//683 3656//683 3620//683
f 3622//3647 3658//3647 3657//3647
f 3622//3648 3657//3648 3621//3648
f 3623//4087 3659//4087 3658//4087
f 3623//1928 3658//1928 3622//1928
f 3624//2126 3660//2126 3659//2126
f 3624//3348 3659//3348 3623//3348
f 3625//2128 3661//2128 3660//2128
f 3625//691 3660//691 3624//691
f 3626//2130 3662//2130 3661//2130
f 3626//3823 3661//3823 3625//3823
f 3627//582 3663//582 3662//582
f 3627//4088 3662//4088 3626//4088
f 3628//3965 3664//3965 3663//3965
f 3628//3966 3663//3966 3627//3966
f 3629//3483 3665//3483 3664//3483
f 3629//698 3664//698 3628//698
f 3630//4089 3666//4089 3557//4089
f 3630//2341 3557//2341 3521//2341
f 3631//4090 3667//4090 3666//4090
f 3631//2660 3666//2660 3630//2660
f 3632//4091 3668//4091 3667//4091
f 3632//2137 3667//2137 3631//2137
f 3633//3972 3669//3972 3668//3972
f 3633//4092 3668//4092 3632//4092
f 3634//4093 3670//4093 3669//4093
f 3634//4094 3669//4094 3633//4094
f 3635//4095 3671//4095 3670//4095
f 3635//4096 3670//4096 3634//4096
f 3636//3665 3672//3665 3671//3665
f 3636//2348 3671//2348 3635//2348
f 3637//3357 3673//3357 3672//3357
f 3637//4097 3672//4097 3636//4097
f 3638//2148 3674//2148 3673//2148
f 3638//4098 3673//4098 3637//4098
f 3639//4099 3675//4099 3674//4099
f 3639//4100 3674//4100 3638//4100
f 3640//4101 3676//4101 3675//4101
f 3640//4102 3675//4102 3639//4102
f 3641//4103 3677//4103 3676//4103
f 3641//4104 3676//4104 3640//4104
f 3642//4105 3678//4105 3677//4105
f 3642//3675 3677//3675 3641//3675
f 3643//4106 3679//4106 3678//4106
f 3643//4107 3678//4107 3642//4107
f 3644//4108 3680//4108 3679//4108
f 3644//4109 3679//4109 3643//4109
f 3645//4110 3681//4110 3680//4110
f 3645//4111 3680//4111 3644//4111
f 3646//4112 3682//4112 3681//4112
f 3646//4113 3681//4113 3645//4113
f 3647//4114 3683//4114 3682//4114
f 3647//3104 3682//3104 3646//3104
f 3648//4115 3684//4115 3683//4115
f 3648//4116 3683//4116 3647//4116
f 3649//4117 3685//4117 3684//4117
f 3649//3106 3684//3106 3648//3106
f 3650//4118 3686//4118 3685//4118
f 3650//2172 3685//2172 3649//2172
f 3651//3020 3687//3020 3686//3020
f 3651//4119 3686//4119 3650//4119
f 3652//4120 3688//4120 3687//4120
f 3652//2374 3687//2374 3651//2374
f 3653//4121 3689//4121 3688//4121
f 3653//3850 3688//3850 3652//3850
f 3654//4122 3690//4122 3689//4122
f 3654//3514 3689//3514 3653//3514
f 3655//3289 3691//3289 3690//3289
f 3655//4123 3690//4123 3654//4123
f 3656//3994 3692//3994 3691//3994
f 3656//2381 3691//2381 3655//2381
f 3657//3689 3693//3689 3692//3689
f 3657//4124 3692//4124 3656//4124
f 3658//3996 3694//3996 3693//3996
f 3658//4125 3693//4125 3657//4125
f 3659//3291 3695//3291 3694//3291
f 3659//4126 3694//4126 3658//4126
f 3660//4127 3696//4127 3695//4127
f 3660//4128 3695//4128 3659//4128
f 3661//4129 3697//4129 3696//4129
f 3661//4130 3696//4130 3660//4130
f 3662//4131 3698//4131 3697//4131
f 3662//4132 3697//4132 3661//4132
f 3663//4133 3699//4133 3698//4133
f 3663//4134 3698//4134 3662//4134
f 3664//4135 3700//4135 3699//4135
f 3664//4136 3699//4136 3663//4136
f 3665//4137 3701//4137 3700//4137
f 3665//4138 3700//4138 3664//4138
f 3666//4139 3702//4139 3593//4139
f 3666//3525 3593//3525 3557//3525
f 3667//3527 3703//3527 3702//3527
f 3667//3704 3702//3704 3666//3704
f 3668//4140 3704//4140 3703//4140
f 3668//3864 3703//3864 3667//3864
f 3669//3707 3705//3707 3704//3707
f 3669//3708 3704//3708 3668//3708
f 3670//3530 3706//3530 3705//3530
f 3670//4141 3705//4141 3669//4141
f 3671//3531 3707//3531 3706//3531
f 3671//4142 3706//4142 3670//4142
f 3672//3869 3708//3869 3707//3869
f 3672//4143 3707//4143 3671//4143
f 3673//4144 3709//4144 3708//4144
f 3673//3535 3708//3535 3672//3535
f 3674//2213 3710//2213 3709//2213
f 3674//2213 3709//2213 3673//2213
f 3675//2214 3711//2214 3710//2214
f 3675//2214 3710//2214 3674//2214
f 3676//1698 3712//1698 3711//1698
f 3676//2215 3711//2215 3675//2215
f 3677//1327 3713//1327 3712//1327
f 3677//3299 3712//3299 3676//3299
f 3678//4145 3714//4145 3713//4145
f 3678//1330 3713//1330 3677//1330
f 3679//4146 3715//4146 3714//4146
f 3679//2955 3714//2955 3678//2955
f 3680//2413 3716//2413 3715//2413
f 3680//3882 3715//3882 3679//3882
f 3681//3546 3717//3546 3716//3546
f 3681//3300 3716//3300 3680//3300
f 3682//4147 3718//4147 3717//4147
f 3682//4015 3717//4015 3681//4015
f 3683//3551 3719//3551 3718//3551
f 3683//4016 3718//4016 3682//4016
f 3684//4148 3720//4148 3719//4148
f 3684//4149 3719//4149 3683//4149
f 3685//3717 3721//3717 3720//3717
f 3685//3718 3720//3718 3684//3718
f 3686//3719 3722//3719 3721//3719
f 3686//4150 3721//4150 3685//4150
f 3687//4151 3723//4151 3722//4151
f 3687//4020 3722//4020 3686//4020
f 3688//4152 3724//4152 3723//4152
f 3688//4153 3723//4153 3687//4153
f 3689//4154 3725//4154 3724//4154
f 3689//4155 3724//4155 3688//4155
f 3690//3727 3726//3727 3725//3727
f 3690//4156 3725//4156 3689//4156
f 3691//3729 3727//3729 3726//3729
f 3691//4157 3726//4157 3690//4157
f 3692//3399 3728//3399 3727//3399
f 3692//1352 3727//1352 3691//1352
f 3693//3555 3729//3555 3728//3555
f 3693//3400 3728//3400 3692//3400
f 3694//3556 3730//3556 3729//3556
f 3694//3557 3729//3557 3693//3557
f 3695//4158 3731//4158 3730//4158
f 3695//3559 3730//3559 3694//3559
f 3696//1142 3732//1142 3731//1142
f 3696//4159 3731//4159 3695//4159
f 3697//4160 3733//4160 3732//4160
f 3697//3046 3732//3046 3696//3046
f 3698//3734 3734//3734 3733//3734
f 3698//2421 3733//2421 3697//2421
f 3699//4161 3735//4161 3734//4161
f 3699//4162 3734//4162 3698//4162
f 3700//1861 3736//1861 3735//1861
f 3700//3737 3735//3737 3699//3737
f 3701//3047 3737//3047 3736//3047
f 3701//3901 3736//3901 3700//3901
f 3702//4163 3738//4163 3629//4163
f 3702//4164 3629//4164 3593//4164
f 3703//3739 3739//3739 3738//3739
f 3703//2426 3738//2426 3702//2426
f 3704//4165 3740//4165 3739//4165
f 3704//4166 3739//4166 3703//4166
f 3705//2429 3741//2429 3740//2429
f 3705//4167 3740//4167 3704//4167
f 3706//3910 3742//3910 3741//3910
f 3706//4168 3741//4168 3705//4168
f 3707//3318 3743//3318 3742//3318
f 3707//4169 3742//4169 3706//4169
f 3708//3913 3744//3913 3743//3913
f 3708//4170 3743//4170 3707//4170
f 3709//4041 3745//4041 3744//4041
f 3709//4171 3744//4171 3708//4171
f 3710//3744 3746//3744 3745//3744
f 3710//4172 3745//4172 3709//4172
f 3711//2889 3747//2889 3746//2889
f 3711//2440 3746//2440 3710//2440
f 3712//4045 3748//4045 3747//4045
f 3712//4173 3747//4173 3711//4173
f 3713//4174 3749//4174 3748//4174
f 3713//4175 3748//4175 3712//4175
f 3714//4176 3750//4176 3749//4176
f 3714//4177 3749//4177 3713//4177
f 3715//4178 3751//4178 3750//4178
f 3715//4179 3750//4179 3714//4179
f 3716//4180 3752//4180 3751//4180
f 3716//4181 3751//4181 3715//4181
f 3717//4182 3753//4182 3752//4182
f 3717//3921 3752//3921 3716//3921
f 3718//4183 3754//4183 3753//4183
f 3718//4184 3753//4184 3717//4184
f 3719//4185 3755//4185 3754//4185
f 3719//4186 3754//4186 3718//4186
f 3720//4187 3756//4187 3755//4187
f 3720//4188 3755//4188 3719//4188
f 3721//4189 3757//4189 3756//4189
f 3721//4190 3756//4190 3720//4190
f 3722//3762 3758//3762 3757//3762
f 3722//3325 3757//3325 3721//3325
f 3723//2049 3759//2049 3758//2049
f 3723//4191 3758//4191 3722//4191
f 3724//3764 3760//3764 3759//3764
f 3724//3765 3759//3765 3723//3765
f 3725//3328 3761//3328 3760//3328
f 3725//2772 3760//2772 3724//2772
f 3726//3439 3762//3439 3761//3439
f 3726//4192 3761//4192 3725//4192
f 3727//3441 3763//3441 3762//3441
f 3727//3938 3762//3938 3726//3938
f 3728//2285 3764//2285 3763//2285
f 3728//4193 3763//4193 3727//4193
f 3729//2061 3765//2061 3764//2061
f 3729//2062 3764//2062 3728//2062
f 3730//3444 3766//3444 3765//3444
f 3730//3331 3765//3331 3729//3331
f 3731//3446 3767//3446 3766//3446
f 3731//4194 3766//4194 3730//4194
f 3732//3772 3768//3772 3767//3772
f 3732//3613 3767//3613 3731//3613
f 3733//4195 3769//4195 3768//4195
f 3733//3775 3768//3775 3732//3775
f 3734//4066 3770//4066 3769//4066
f 3734//4196 3769//4196 3733//4196
f 3735//4197 3771//4197 3770//4197
f 3735//4069 3770//4069 3734//4069
f 3736//3449 3772//3449 3771//3449
f 3736//4198 3771//4198 3735//4198
f 3737//3451 3773//3451 3772//3451
f 3737//4199 3772//4199 3736//4199
f 3738//3617 3774//3617 3665//3617
f 3738//4200 3665//4200 3629//4200
f 3739//4201 3775//4201 3774//4201
f 3739//4202 3774//4202 3738//4202
f 3740//3946 3776//3946 3775//3946
f 3740//4072 3775//4072 3739//4072
f 3741//3948 3777//3948 3776//3948
f 3741//3947 3776//3947 3740//3947
f 3742//3791 3778//3791 3777//3791
f 3742//3790 3777//3790 3741//3790
f 3743//4203 3779//4203 3778//4203
f 3743//4204 3778//4204 3742//4204
f 3744//4205 3780//4205 3779//4205
f 3744//4206 3779//4206 3743//4206
f 3745//4207 3781//4207 3780//4207
f 3745//4208 3780//4208 3744//4208
f 3746//2305 3782//2305 3781//2305
f 3746//4209 3781//4209 3745//4209
f 3747//3622 3783//3622 3782//3622
f 3747//3799 3782//3799 3746//3799
f 3748//3623 3784//3623 3783//3623
f 3748//3624 3783//3624 3747//3624
f 3749//4210 3785//4210 3784//4210
f 3749//4211 3784//4211 3748//4211
f 3750//4212 3786//4212 3785//4212
f 3750//2313 3785//2313 3749//2313
f 3751//4213 3787//4213 3786//4213
f 3751//727 3786//727 3750//727
f 3752//4214 3788//4214 3787//4214
f 3752//4214 3787//4214 3751//4214
f 3753//2317 3789//2317 3788//2317
f 3753//4215 3788//4215 3752//4215
f 3754//3803 3790//3803 3789//3803
f 3754//660 3789//660 3753//660
f 3755//4216 3791//4216 3790//4216
f 3755//4216 3790//4216 3754//4216
f 3756//664 3792//664 3791//664
f 3756//664 3791//664 3755//664
f 3757//3636 3793//3636 3792//3636
f 3757//667 3792//667 3756//667
f 3758//4080 3794//4080 3793//4080
f 3758//669 3793//669 3757//669
f 3759//4081 3795//4081 3794//4081
f 3759//4082 3794//4082 3758//4082
f 3760//673 3796//673 3795//673
f 3760//4217 3795//4217 3759//4217
f 3761//4218 3797//4218 3796//4218
f 3761//4219 3796//4219 3760//4219
f 3762//3811 3798//3811 3797//3811
f 3762//4085 3797//4085 3761//4085
f 3763//3469 3799//3469 3798//3469
f 3763//4220 3798//4220 3762//4220
f 3764//2652 3800//2652 3799//2652
f 3764//611 3799//611 3763//611
f 3765//3816 3801//3816 3800//3816
f 3765//2122 3800//2122 3764//2122
f 3766//3472 3802//3472 3801//3472
f 3766//3473 3801//3473 3765//3473
f 3767//3819 3803//3819 3802//3819
f 3767//4221 3802//4221 3766//4221
f 3768//4222 3804//4222 3803//4222
f 3768//4223 3803//4223 3767//4223
f 3769//3477 3805//3477 3804//3477
f 3769//3478 3804//3478 3768//3478
f 3770//3964 3806//3964 3805//3964
f 3770//693 3805//693 3769//693
f 3771//4224 3807//4224 3806//4224
f 3771//3481 3806//3481 3770//3481
f 3772//584 3808//584 3807//584
f 3772//696 3807//696 3771//696
f 3773//699 3809//699 3808//699
f 3773//699 3808//699 3772//699
f 3774//3653 3810//3653 3701//3653
f 3774//4225 3701//4225 3665//4225
f 3775//4226 3811//4226 3810//4226
f 3775//3656 3810//3656 3774//3656
f 3776//4091 3812//4091 3811//4091
f 3776//4227 3811//4227 3775//4227
f 3777//3824 3813//3824 3812//3824
f 3777//3005 3812//3005 3776//3005
f 3778//4228 3814//4228 3813//4228
f 3778//4229 3813//4229 3777//4229
f 3779//4230 3815//4230 3814//4230
f 3779//3490 3814//3490 3778//3490
f 3780//2144 3816//2144 3815//2144
f 3780//4231 3815//4231 3779//4231
f 3781//4232 3817//4232 3816//4232
f 3781//3977 3816//3977 3780//3977
f 3782//2148 3818//2148 3817//2148
f 3782//4233 3817//4233 3781//4233
f 3783//4234 3819//4234 3818//4234
f 3783//4235 3818//4235 3782//4235
f 3784//3360 3820//3360 3819//3360
f 3784//4236 3819//4236 3783//4236
f 3785//2154 3821//2154 3820//2154
f 3785//4237 3820//4237 3784//4237
f 3786//4105 3822//4105 3821//4105
f 3786//4238 3821//4238 3785//4238
f 3787//4106 3823//4106 3822//4106
f 3787//4107 3822//4107 3786//4107
f 3788//4239 3824//4239 3823//4239
f 3788//4109 3823//4109 3787//4109
f 3789//4240 3825//4240 3824//4240
f 3789//4111 3824//4111 3788//4111
f 3790//4241 3826//4241 3825//4241
f 3790//4242 3825//4242 3789//4242
f 3791//3500 3827//3500 3826//3500
f 3791//4243 3826//4243 3790//4243
f 3792//4244 3828//4244 3827//4244
f 3792//4245 3827//4245 3791//4245
f 3793//3504 3829//3504 3828//3504
f 3793//3505 3828//3505 3792//3505
f 3794//4246 3830//4246 3829//4246
f 3794//3507 3829//3507 3793//3507
f 3795//3508 3831//3508 3830//3508
f 3795//4247 3830//4247 3794//4247
f 3796//3990 3832//3990 3831//3990
f 3796//4248 3831//4248 3795//4248
f 3797//4249 3833//4249 3832//4249
f 3797//3512 3832//3512 3796//3512
f 3798//2541 3834//2541 3833//2541
f 3798//4250 3833//4250 3797//4250
f 3799//2378 3835//2378 3834//2378
f 3799//4251 3834//4251 3798//4251
f 3800//2183 3836//2183 3835//2183
f 3800//3022 3835//3022 3799//3022
f 3801//3518 3837//3518 3836//3518
f 3801//4252 3836//4252 3800//4252
f 3802//4253 3838//4253 3837//4253
f 3802//4254 3837//4254 3801//4254
f 3803//4255 3839//4255 3838//4255
f 3803//4256 3838//4256 3802//4256
f 3804//4257 3840//4257 3839//4257
f 3804//4258 3839//4258 3803//4258
f 3805//3999 3841//3999 3840//3999
f 3805//2701 3840//2701 3804//2701
f 3806//4259 3842//4259 3841//4259
f 3806//2554 3841//2554 3805//2554
f 3807//4260 3843//4260 3842//4260
f 3807//4261 3842//4261 3806//4261
f 3808//4262 3844//4262 3843//4262
f 3808//4263 3843//4263 3807//4263
f 3809//4264 3845//4264 3844//4264
f 3809//4265 3844//4265 3808//4265
f 3810//4005 3846//4005 3737//4005
f 3810//3119 3737//3119 3701//3119
f 3811//3527 3847//3527 3846//3527
f 3811//4006 3846//4006 3810//4006
f 3812//4266 3848//4266 3847//4266
f 3812//3864 3847//3864 3811//3864
f 3813//4267 3849//4267 3848//4267
f 3813//3708 3848//3708 3812//3708
f 3814//4268 3850//4268 3849//4268
f 3814//4141 3849//4141 3813//4141
f 3815//3531 3851//3531 3850//3531
f 3815//4142 3850//4142 3814//4142
f 3816//3532 3852//3532 3851//3532
f 3816//4269 3851//4269 3815//4269
f 3817//3534 3853//3534 3852//3534
f 3817//3535 3852//3535 3816//3535
f 3818//2213 3854//2213 3853//2213
f 3818//4270 3853//4270 3817//4270
f 3819//4271 3855//4271 3854//4271
f 3819//3390 3854//3390 3818//3390
f 3820//3536 3856//3536 3855//3536
f 3820//3537 3855//3537 3819//3537
f 3821//4272 3857//4272 3856//4272
f 3821//3879 3856//3879 3820//3879
f 3822//3711 3858//3711 3857//3711
f 3822//4273 3857//4273 3821//4273
f 3823//3712 3859//3712 3858//3712
f 3823//3713 3858//3713 3822//3713
f 3824//3714 3860//3714 3859//3714
f 3824//3545 3859//3545 3823//3545
f 3825//3392 3861//3392 3860//3392
f 3825//3547 3860//3547 3824//3547
f 3826//3393 3862//3393 3861//3393
f 3826//1852 3861//1852 3825//1852
f 3827//3883 3863//3883 3862//3883
f 3827//2956 3862//2956 3826//2956
f 3828//3884 3864//3884 3863//3884
f 3828//3884 3863//3884 3827//3884
f 3829//4274 3865//4274 3864//4274
f 3829//4275 3864//4275 3828//4275
f 3830//4276 3866//4276 3865//4276
f 3830//4277 3865//4277 3829//4277
f 3831//2415 3867//2415 3866//2415
f 3831//3554 3866//3554 3830//3554
f 3832//4021 3868//4021 3867//4021
f 3832//2957 3867//2957 3831//2957
f 3833//4154 3869//4154 3868//4154
f 3833//4278 3868//4278 3832//4278
f 3834//4279 3870//4279 3869//4279
f 3834//4156 3869//4156 3833//4156
f 3835//3729 3871//3729 3870//3729
f 3835//4157 3870//4157 3834//4157
f 3836//4280 3872//4280 3871//4280
f 3836//3732 3871//3732 3835//3732
f 3837//3555 3873//3555 3872//3555
f 3837//4281 3872//4281 3836//4281
f 3838//3889 3874//3889 3873//3889
f 3838//3890 3873//3890 3837//3890
f 3839//4282 3875//4282 3874//4282
f 3839//4283 3874//4283 3838//4283
f 3840//3560 3876//3560 3875//3560
f 3840//3561 3875//3561 3839//3561
f 3841//4026 3877//4026 3876//4026
f 3841//3563 3876//3563 3840//3563
f 3842//4284 3878//4284 3877//4284
f 3842//3896 3877//3896 3841//3896
f 3843//4285 3879//4285 3878//4285
f 3843//4286 3878//4286 3842//4286
f 3844//4287 3880//4287 3879//4287
f 3844//4288 3879//4288 3843//4288
f 3845//4289 3881//4289 3880//4289
f 3845//4290 3880//4290 3844//4290
f 3846//4291 3882//4291 3773//4291
f 3846//3572 3773//3572 3737//3572
f 3847//4292 3883//4292 3882//4292
f 3847//4293 3882//4293 3846//4293
f 3848//4294 3884//4294 3883//4294
f 3848//4295 3883//4295 3847//4295
f 3849//3577 3885//3577 3884//3577
f 3849//4296 3884//4296 3848//4296
f 3850//4297 3886//4297 3885//4297
f 3850//4298 3885//4298 3849//4298
f 3851//4299 3887//4299 3886//4299
f 3851//4300 3886//4300 3850//4300
f 3852//2885 3888//2885 3887//2885
f 3852//4301 3887//4301 3851//4301
f 3853//4041 3889//4041 3888//4041
f 3853//4302 3888//4302 3852//4302
f 3854//2252 3890//2252 3889//2252
f 3854//3915 3889//3915 3853//3915
f 3855//3589 3891//3589 3890//3589
f 3855//2440 3890//2440 3854//2440
f 3856//4303 3892//4303 3891//4303
f 3856//3917 3891//3917 3855//3917
f 3857//4304 3893//4304 3892//4304
f 3857//4305 3892//4305 3856//4305
f 3858//2033 3894//2033 3893//2033
f 3858//3147 3893//3147 3857//3147
f 3859//4306 3895//4306 3894//4306
f 3859//2754 3894//2754 3858//2754
f 3860//2755 3896//2755 3895//2755
f 3860//4047 3895//4047 3859//4047
f 3861//4307 3897//4307 3896//4307
f 3861//4308 3896//4308 3860//4308
f 3862//4309 3898//4309 3897//4309
f 3862//4310 3897//4310 3861//4310
f 3863//4311 3899//4311 3898//4311
f 3863//4312 3898//4312 3862//4312
f 3864//4313 3900//4313 3899//4313
f 3864//4314 3899//4314 3863//4314
f 3865//3596 3901//3596 3900//3596
f 3865//3597 3900//3597 3864//3597
f 3866//4315 3902//4315 3901//4315
f 3866//3599 3901//3599 3865//3599
f 3867//3931 3903//3931 3902//3931
f 3867//3932 3902//3932 3866//3932
f 3868//4316 3904//4316 3903//4316
f 3868//3934 3903//3934 3867//3934
f 3869//3328 3905//3328 3904//3328
f 3869//4317 3904//4317 3868//4317
f 3870//4318 3906//4318 3905//4318
f 3870//3440 3905//3440 3869//3440
f 3871//4319 3907//4319 3906//4319
f 3871//4320 3906//4320 3870//4320
f 3872//2285 3908//2285 3907//2285
f 3872//2775 3907//2775 3871//2775
f 3873//4321 3909//4321 3908//4321
f 3873//4322 3908//4322 3872//4322
f 3874//3444 3910//3444 3909//3444
f 3874//4323 3909//4323 3873//4323
f 3875//4324 3911//4324 3910//4324
f 3875//3167 3910//3167 3874//3167
f 3876//3772 3912//3772 3911//3772
f 3876//4325 3911//4325 3875//4325
f 3877//4326 3913//4326 3912//4326
f 3877//4327 3912//4327 3876//4327
f 3878//4066 3914//4066 3913//4066
f 3878//4328 3913//4328 3877//4328
f 3879//4329 3915//4329 3914//4329
f 3879//4330 3914//4330 3878//4330
f 3880//4331 3916//4331 3915//4331
f 3880//4332 3915//4332 3879//4332
f 3881//4333 3917//4333 3916//4333
f 3881//4334 3916//4334 3880//4334
f 3882//4335 3918//4335 3809//4335
f 3882//4335 3809//4335 3773//4335
f 3883//3945 3919//3945 3918//3945
f 3883//2477 3918//2477 3882//2477
f 3884//2080 3920//2080 3919//2080
f 3884//1774 3919//1774 3883//1774
f 3885//4336 3921//4336 3920//4336
f 3885//4336 3920//4336 3884//4336
f 3886//4337 3922//4337 3921//4337
f 3886//977 3921//977 3885//977
f 3887//4338 3923//4338 3922//4338
f 3887//4339 3922//4339 3886//4339
f 3888//4340 3924//4340 3923//4340
f 3888//4341 3923//4341 3887//4341
f 3889//4207 3925//4207 3924//4207
f 3889//4208 3924//4208 3888//4208
f 3890//3952 3926//3952 3925//3952
f 3890//4209 3925//4209 3889//4209
f 3891//3953 3927//3953 3926//3953
f 3891//3799 3926//3799 3890//3799
f 3892//4342 3928//4342 3927//4342
f 3892//4343 3927//4343 3891//4343
f 3893//3625 3929//3625 3928//3625
f 3893//4344 3928//4344 3892//4344
f 3894//3627 3930//3627 3929//3627
f 3894//4345 3929//4345 3893//4345
f 3895//4076 3931//4076 3930//4076
f 3895//3629 3930//3629 3894//3629
f 3896//4346 3932//4346 3931//4346
f 3896//3957 3931//3957 3895//3957
f 3897//4347 3933//4347 3932//4347
f 3897//4348 3932//4348 3896//4348
f 3898//4349 3934//4349 3933//4349
f 3898//4350 3933//4350 3897//4350
f 3899//4351 3935//4351 3934//4351
f 3899//4351 3934//4351 3898//4351
f 3900//4352 3936//4352 3935//4352
f 3900//4352 3935//4352 3899//4352
f 3901//4353 3937//4353 3936//4353
f 3901//4354 3936//4354 3900//4354
f 3902//4355 3938//4355 3937//4355
f 3902//4356 3937//4356 3901//4356
f 3903//4357 3939//4357 3938//4357
f 3903//4358 3938//4358 3902//4358
f 3904//4083 3940//4083 3939//4083
f 3904//561 3939//561 3903//561
f 3905//674 3941//674 3940//674
f 3905//4084 3940//4084 3904//4084
f 3906//3811 3942//3811 3941//3811
f 3906//4085 3941//4085 3905//4085
f 3907//4359 3943//4359 3942//4359
f 3907//4360 3942//4360 3906//4360
f 3908//3643 3944//3643 3943//3643
f 3908//3644 3943//3644 3907//3644
f 3909//4361 3945//4361 3944//4361
f 3909//4362 3944//4362 3908//4362
f 3910//4363 3946//4363 3945//4363
f 3910//4364 3945//4364 3909//4364
f 3911//4365 3947//4365 3946//4365
f 3911//4366 3946//4366 3910//4366
f 3912//4367 3948//4367 3947//4367
f 3912//4368 3947//4368 3911//4368
f 3913//4369 3949//4369 3948//4369
f 3913//4369 3948//4369 3912//4369
f 3914//4370 3950//4370 3949//4370
f 3914//4371 3949//4371 3913//4371
f 3915//4372 3951//4372 3950//4372
f 3915//4373 3950//4373 3914//4373
f 3916//4374 3952//4374 3951//4374
f 3916//4375 3951//4375 3915//4375
f 3917//3483 3953//3483 3952//3483
f 3917//698 3952//698 3916//698
f 3918//4376 3954//4376 3845//4376
f 3918//4377 3845//4377 3809//4377
f 3919//4378 3955//4378 3954//4378
f 3919//4379 3954//4379 3918//4379
f 3920//4380 3956//4380 3955//4380
f 3920//4381 3955//4381 3919//4381
f 3921//4382 3957//4382 3956//4382
f 3921//3487 3956//3487 3920//3487
f 3922//4383 3958//4383 3957//4383
f 3922//4094 3957//4094 3921//4094
f 3923//4384 3959//4384 3958//4384
f 3923//4385 3958//4385 3922//4385
f 3924//4386 3960//4386 3959//4386
f 3924//3491 3959//3491 3923//3491
f 3925//4232 3961//4232 3960//4232
f 3925//4387 3960//4387 3924//4387
f 3926//4388 3962//4388 3961//4388
f 3926//2824 3961//2824 3925//2824
f 3927//3493 3963//3493 3962//3493
f 3927//2151 3962//2151 3926//2151
f 3928//2152 3964//2152 3963//2152
f 3928//4389 3963//4389 3927//4389
f 3929//4390 3965//4390 3964//4390
f 3929//4391 3964//4391 3928//4391
f 3930//4392 3966//4392 3965//4392
f 3930//4393 3965//4393 3929//4393
f 3931//4394 3967//4394 3966//4394
f 3931//4395 3966//4395 3930//4395
f 3932//4239 3968//4239 3967//4239
f 3932//4396 3967//4396 3931//4396
f 3933//4397 3969//4397 3968//4397
f 3933//4398 3968//4398 3932//4398
f 3934//4399 3970//4399 3969//4399
f 3934//4400 3969//4400 3933//4400
f 3935//4401 3971//4401 3970//4401
f 3935//4402 3970//4402 3934//4402
f 3936//4403 3972//4403 3971//4403
f 3936//4404 3971//4404 3935//4404
f 3937//4405 3973//4405 3972//4405
f 3937//4406 3972//4406 3936//4406
f 3938//4407 3974//4407 3973//4407
f 3938//4408 3973//4408 3937//4408
f 3939//4409 3975//4409 3974//4409
f 3939//4410 3974//4410 3938//4410
f 3940//4120 3976//4120 3975//4120
f 3940//4411 3975//4411 3939//4411
f 3941//4412 3977//4412 3976//4412
f 3941//3992 3976//3992 3940//3992
f 3942//2179 3978//2179 3977//2179
f 3942//3514 3977//3514 3941//3514
f 3943//4413 3979//4413 3978//4413
f 3943//4414 3978//4414 3942//4414
f 3944//4415 3980//4415 3979//4415
f 3944//4416 3979//4416 3943//4416
f 3945//4417 3981//4417 3980//4417
f 3945//4418 3980//4418 3944//4418
f 3946//2547 3982//2547 3981//2547
f 3946//4419 3981//4419 3945//4419
f 3947//2383 3983//2383 3982//2383
f 3947//4420 3982//4420 3946//4420
f 3948//4421 3984//4421 3983//4421
f 3948//3521 3983//3521 3947//3521
f 3949//3999 3985//3999 3984//3999
f 3949//4422 3984//4422 3948//4422
f 3950//4423 3986//4423 3985//4423
f 3950//4424 3985//4424 3949//4424
f 3951//4425 3987//4425 3986//4425
f 3951//4426 3986//4426 3950//4426
f 3952//4427 3988//4427 3987//4427
f 3952//4428 3987//4428 3951//4428
f 3953//4429 3989//4429 3988//4429
f 3953//4430 3988//4430 3952//4430
f 3954//4431 3990//4431 3881//4431
f 3954//4431 3881//4431 3845//4431
f 3955//4432 3991//4432 3990//4432
f 3955//4433 3990//4433 3954//4433
f 3956//4434 3992//4434 3991//4434
f 3956//4435 3991//4435 3955//4435
f 3957//4436 3993//4436 3992//4436
f 3957//4437 3992//4437 3956//4437
f 3958//3530 3994//3530 3993//3530
f 3958//4438 3993//4438 3957//4438
f 3959//3531 3995//3531 3994//3531
f 3959//413 3994//413 3958//413
f 3960//3869 3996//3869 3995//3869
f 3960//4143 3995//4143 3959//4143
f 3961//4439 3997//4439 3996//4439
f 3961//2911 3996//2911 3960//2911
f 3962//4440 3998//4440 3997//4440
f 3962//4440 3997//4440 3961//4440
f 3963//2214 3999//2214 3998//2214
f 3963//3390 3998//3390 3962//3390
f 3964//3536 4000//3536 3999//3536
f 3964//4441 3999//4441 3963//4441
f 3965//4442 4001//4442 4000//4442
f 3965//4443 4000//4443 3964//4443
f 3966//4444 4002//4444 4001//4444
f 3966//4445 4001//4445 3965//4445
f 3967//4446 4003//4446 4002//4446
f 3967//4447 4002//4447 3966//4447
f 3968//4448 4004//4448 4003//4448
f 3968//4449 4003//4449 3967//4449
f 3969//4450 4005//4450 4004//4450
f 3969//4451 4004//4451 3968//4451
f 3970//4147 4006//4147 4005//4147
f 3970//4452 4005//4452 3969//4452
f 3971//4016 4007//4016 4006//4016
f 3971//3551 4006//3551 3970//3551
f 3972//4453 4008//4453 4007//4453
f 3972//4017 4007//4017 3971//4017
f 3973//4454 4009//4454 4008//4454
f 3973//4455 4008//4455 3972//4455
f 3974//4456 4010//4456 4009//4456
f 3974//4457 4009//4457 3973//4457
f 3975//4458 4011//4458 4010//4458
f 3975//4459 4010//4459 3974//4459
f 3976//4460 4012//4460 4011//4460
f 3976//4461 4011//4461 3975//4461
f 3977//4462 4013//4462 4012//4462
f 3977//4463 4012//4463 3976//4463
f 3978//4464 4014//4464 4013//4464
f 3978//4465 4013//4465 3977//4465
f 3979//2328 4015//2328 4014//2328
f 3979//4157 4014//4157 3978//4157
f 3980//4280 4016//4280 4015//4280
f 3980//4280 4015//4280 3979//4280
f 3981//3555 4017//3555 4016//3555
f 3981//4281 4016//4281 3980//4281
f 3982//4466 4018//4466 4017//4466
f 3982//4467 4017//4467 3981//4467
f 3983//4468 4019//4468 4018//4468
f 3983//3892 4018//3892 3982//3892
f 3984//4469 4020//4469 4019//4469
f 3984//4470 4019//4470 3983//4470
f 3985//4471 4021//4471 4020//4471
f 3985//4472 4020//4472 3984//4472
f 3986//4473 4022//4473 4021//4473
f 3986//4474 4021//4474 3985//4474
f 3987//4475 4023//4475 4022//4475
f 3987//4476 4022//4476 3986//4476
f 3988//4477 4024//4477 4023//4477
f 3988//4478 4023//4478 3987//4478
f 3989//4479 4025//4479 4024//4479
f 3989//4289 4024//4289 3988//4289
f 3990//4480 4026//4480 3917//4480
f 3990//4481 3917//4481 3881//4481
f 3991//4482 4027//4482 4026//4482
f 3991//4483 4026//4483 3990//4483
f 3992//4484 4028//4484 4027//4484
f 3992//4485 4027//4485 3991//4485
f 3993//4486 4029//4486 4028//4486
f 3993//4487 4028//4487 3992//4487
f 3994//4488 4030//4488 4029//4488
f 3994//4168 4029//4168 3993//4168
f 3995//4489 4031//4489 4030//4489
f 3995//3742 4030//3742 3994//3742
f 3996//4490 4032//4490 4031//4490
f 3996//4491 4031//4491 3995//4491
f 3997//4492 4033//4492 4032//4492
f 3997//4493 4032//4493 3996//4493
f 3998//4494 4034//4494 4033//4494
f 3998//4495 4033//4495 3997//4495
f 3999//4496 4035//4496 4034//4496
f 3999//2440 4034//2440 3998//2440
f 4000//4497 4036//4497 4035//4497
f 4000//4498 4035//4498 3999//4498
f 4001//2751 4037//2751 4036//2751
f 4001//4499 4036//4499 4000//4499
f 4002//3750 4038//3750 4037//3750
f 4002//4500 4037//4500 4001//4500
f 4003//4501 4039//4501 4038//4501
f 4003//4502 4038//4502 4002//4502
f 4004//4503 4040//4503 4039//4503
f 4004//4504 4039//4504 4003//4504
f 4005//4505 4041//4505 4040//4505
f 4005//4506 4040//4506 4004//4506
f 4006//4507 4042//4507 4041//4507
f 4006//4508 4041//4508 4005//4508
f 4007//4509 4043//4509 4042//4509
f 4007//4510 4042//4510 4006//4510
f 4008//4511 4044//4511 4043//4511
f 4008//4512 4043//4512 4007//4512
f 4009//4513 4045//4513 4044//4513
f 4009//4514 4044//4514 4008//4514
f 4010//4515 4046//4515 4045//4515
f 4010//4516 4045//4516 4009//4516
f 4011//4517 4047//4517 4046//4517
f 4011//4052 4046//4052 4010//4052
f 4012//4518 4048//4518 4047//4518
f 4012//4519 4047//4519 4011//4519
f 4013//4520 4049//4520 4048//4520
f 4013//4056 4048//4056 4012//4056
f 4014//4318 4050//4318 4049//4318
f 4014//2283 4049//2283 4013//2283
f 4015//4319 4051//4319 4050//4319
f 4015//4521 4050//4521 4014//4521
f 4016//2285 4052//2285 4051//2285
f 4016//4522 4051//4522 4015//4522
f 4017//4523 4053//4523 4052//4523
f 4017//4524 4052//4524 4016//4524
f 4018//3444 4054//3444 4053//3444
f 4018//4525 4053//4525 4017//4525
f 4019//4324 4055//4324 4054//4324
f 4019//3167 4054//3167 4018//3167
f 4020//4526 4056//4526 4055//4526
f 4020//3613 4055//3613 4019//3613
f 4021//4527 4057//4527 4056//4527
f 4021//2293 4056//2293 4020//2293
f 4022//4528 4058//4528 4057//4528
f 4022//4529 4057//4529 4021//4529
f 4023//4530 4059//4530 4058//4530
f 4023//4531 4058//4531 4022//4531
f 4024//4532 4060//4532 4059//4532
f 4024//4533 4059//4533 4023//4533
f 4025//4534 4061//4534 4060//4534
f 4025//4535 4060//4535 4024//4535
f 4026//4536 4062//4536 3953//4536
f 4026//3617 3953//3617 3917//3617
f 4027//4537 4063//4537 4062//4537
f 4027//4538 4062//4538 4026//4538
f 4028//4539 4064//4539 4063//4539
f 4028//4540 4063//4540 4027//4540
f 4029//4541 4065//4541 4064//4541
f 4029//4542 4064//4542 4028//4542
f 4030//637 4066//637 4065//637
f 4030//637 4065//637 4029//637
f 4031//4543 4067//4543 4066//4543
f 4031//4544 4066//4544 4030//4544
f 4032//4545 4068//4545 4067//4545
f 4032//4546 4067//4546 4031//4546
f 4033//4547 4069//4547 4068//4547
f 4033//4548 4068//4548 4032//4548
f 4034//3952 4070//3952 4069//3952
f 4034//4209 4069//4209 4033//4209
f 4035//3953 4071//3953 4070//3953
f 4035//3799 4070//3799 4034//3799
f 4036//4549 4072//4549 4071//4549
f 4036//4550 4071//4550 4035//4550
f 4037//4551 4073//4551 4072//4551
f 4037//4552 4072//4552 4036//4552
f 4038//4553 4074//4553 4073//4553
f 4038//4554 4073//4554 4037//4554
f 4039//4555 4075//4555 4074//4555
f 4039//4556 4074//4556 4038//4556
f 4040//4557 4076//4557 4075//4557
f 4040//4346 4075//4346 4039//4346
f 4041//4558 4077//4558 4076//4558
f 4041//4348 4076//4348 4040//4348
f 4042//4559 4078//4559 4077//4559
f 4042//4560 4077//4560 4041//4560
f 4043//4351 4079//4351 4078//4351
f 4043//4351 4078//4351 4042//4351
f 4044//4352 4080//4352 4079//4352
f 4044//4352 4079//4352 4043//4352
f 4045//3636 4081//3636 4080//3636
f 4045//4561 4080//4561 4044//4561
f 4046//4562 4082//4562 4081//4562
f 4046//4563 4081//4563 4045//4563
f 4047//3807 4083//3807 4082//3807
f 4047//4564 4082//4564 4046//4564
f 4048//4565 4084//4565 4083//4565
f 4048//4083 4083//4083 4047//4083
f 4049//4566 4085//4566 4084//4566
f 4049//4567 4084//4567 4048//4567
f 4050//4568 4086//4568 4085//4568
f 4050//4569 4085//4569 4049//4569
f 4051//4570 4087//4570 4086//4570
f 4051//4571 4086//4571 4050//4571
f 4052//3643 4088//3643 4087//3643
f 4052//4572 4087//4572 4051//4572
f 4053//4573 4089//4573 4088//4573
f 4053//4574 4088//4574 4052//4574
f 4054//4575 4090//4575 4089//4575
f 4054//4576 4089//4576 4053//4576
f 4055//4577 4091//4577 4090//4577
f 4055//4578 4090//4578 4054//4578
f 4056//3476 4092//3476 4091//3476
f 4056//4579 4091//4579 4055//4579
f 4057//3478 4093//3478 4092//3478
f 4057//4580 4092//4580 4056//4580
f 4058//4581 4094//4581 4093//4581
f 4058//3479 4093//3479 4057//3479
f 4059//4582 4095//4582 4094//4582
f 4059//4583 4094//4583 4058//4583
f 4060//4584 4096//4584 4095//4584
f 4060//4585 4095//4585 4059//4585
f 4061//4586 4097//4586 4096//4586
f 4061//4587 4096//4587 4060//4587
f 4062//4376 4098//4376 3989//4376
f 4062//4588 3989//4588 3953//4588
f 4063//4589 4099//4589 4098//4589
f 4063//4379 4098//4379 4062//4379
f 4064//4590 4100//4590 4099//4590
f 4064//4591 4099//4591 4063//4591
f 4065//4592 4101//4592 4100//4592
f 4065//4593 4100//4593 4064//4593
f 4066//4228 4102//4228 4101//4228
f 4066//4594 4101//4594 4065//4594
f 4067//4595 4103//4595 4102//4595
f 4067//4096 4102//4096 4066//4096
f 4068//4386 4104//4386 4103//4386
f 4068//3491 4103//3491 4067//3491
f 4069//2146 4105//2146 4104//2146
f 4069//4596 4104//4596 4068//4596
f 4070//2148 4106//2148 4105//2148
f 4070//4597 4105//4597 4069//4597
f 4071//4598 4107//4598 4106//4598
f 4071//4599 4106//4599 4070//4599
f 4072//4600 4108//4600 4107//4600
f 4072//4601 4107//4601 4071//4601
f 4073//2154 4109//2154 4108//2154
f 4073//4602 4108//4602 4072//4602
f 4074//4603 4110//4603 4109//4603
f 4074//4604 4109//4604 4073//4604
f 4075//4605 4111//4605 4110//4605
f 4075//4606 4110//4606 4074//4606
f 4076//4607 4112//4607 4111//4607
f 4076//4608 4111//4608 4075//4608
f 4077//4609 4113//4609 4112//4609
f 4077//4610 4112//4610 4076//4610
f 4078//4611 4114//4611 4113//4611
f 4078//4612 4113//4612 4077//4612
f 4079//4613 4115//4613 4114//4613
f 4079//4614 4114//4614 4078//4614
f 4080//4615 4116//4615 4115//4615
f 4080//4616 4115//4616 4079//4616
f 4081//4405 4117//4405 4116//4405
f 4081//4617 4116//4617 4080//4617
f 4082//4618 4118//4618 4117//4618
f 4082//4408 4117//4408 4081//4408
f 4083//4619 4119//4619 4118//4619
f 4083//4620 4118//4620 4082//4620
f 4084//3990 4120//3990 4119//3990
f 4084//4621 4119//4621 4083//4621
f 4085//4622 4121//4622 4120//4622
f 4085//4623 4120//4623 4084//4623
f 4086//4624 4122//4624 4121//4624
f 4086//3514 4121//3514 4085//3514
f 4087//2378 4123//2378 4122//2378
f 4087//4625 4122//4625 4086//4625
f 4088//2183 4124//2183 4123//2183
f 4088//4626 4123//4626 4087//4626
f 4089//3518 4125//3518 4124//3518
f 4089//2546 4124//2546 4088//2546
f 4090//4627 4126//4627 4125//4627
f 4090//4628 4125//4628 4089//4628
f 4091//4629 4127//4629 4126//4629
f 4091//4630 4126//4630 4090//4630
f 4092//4421 4128//4421 4127//4421
f 4092//3203 4127//3203 4091//3203
f 4093//4631 4129//4631 4128//4631
f 4093//4632 4128//4632 4092//4632
f 4094//4633 4130//4633 4129//4633
f 4094//4634 4129//4634 4093//4634
f 4095//4635 4131//4635 4130//4635
f 4095//4426 4130//4426 4094//4426
f 4096//4636 4132//4636 4131//4636
f 4096//4263 4131//4263 4095//4263
f 4097//4429 4133//4429 4132//4429
f 4097//4637 4132//4637 4096//4637
f 4098//4431 4134//4431 4025//4431
f 4098//4638 4025//4638 3989//4638
f 4099//3527 4135//3527 4134//3527
f 4099//4433 4134//4433 4098//4433
f 4100//3863 4136//3863 4135//3863
f 4100//4639 4135//4639 4099//4639
f 4101//4640 4137//4640 4136//4640
f 4101//3708 4136//3708 4100//3708
f 4102//4641 4138//4641 4137//4641
f 4102//637 4137//637 4101//637
f 4103//413 4139//413 4138//413
f 4103//4642 4138//4642 4102//4642
f 4104//4643 4140//4643 4139//4643
f 4104//4644 4139//4644 4103//4644
f 4105//2911 4141//2911 4140//2911
f 4105//3872 4140//3872 4104//3872
f 4106//3873 4142//3873 4141//3873
f 4106//2213 4141//2213 4105//2213
f 4107//4645 4143//4645 4142//4645
f 4107//4645 4142//4645 4106//4645
f 4108//4441 4144//4441 4143//4441
f 4108//3536 4143//3536 4107//3536
f 4109//4646 4145//4646 4144//4646
f 4109//4647 4144//4647 4108//4647
f 4110//3711 4146//3711 4145//3711
f 4110//4445 4145//4445 4109//4445
f 4111//3712 4147//3712 4146//3712
f 4111//4648 4146//4648 4110//4648
f 4112//3544 4148//3544 4147//3544
f 4112//4649 4147//4649 4111//4649
f 4113//4650 4149//4650 4148//4650
f 4113//4651 4148//4651 4112//4651
f 4114//4652 4150//4652 4149//4652
f 4114//4653 4149//4653 4113//4653
f 4115//4654 4151//4654 4150//4654
f 4115//4655 4150//4655 4114//4655
f 4116//4656 4152//4656 4151//4656
f 4116//4657 4151//4657 4115//4657
f 4117//4658 4153//4658 4152//4658
f 4117//4659 4152//4659 4116//4659
f 4118//4660 4154//4660 4153//4660
f 4118//4661 4153//4661 4117//4661
f 4119//4458 4155//4458 4154//4458
f 4119//4459 4154//4459 4118//4459
f 4120//4662 4156//4662 4155//4662
f 4120//4663 4155//4663 4119//4663
f 4121//3725 4157//3725 4156//3725
f 4121//4664 4156//4664 4120//4664
f 4122//3727 4158//3727 4157//3727
f 4122//4156 4157//4156 4121//4156
f 4123//4665 4159//4665 4158//4665
f 4123//2328 4158//2328 4122//2328
f 4124//4666 4160//4666 4159//4666
f 4124//3732 4159//3732 4123//3732
f 4125//4281 4161//4281 4160//4281
f 4125//4281 4160//4281 4124//4281
f 4126//4466 4162//4466 4161//4466
f 4126//3889 4161//3889 4125//3889
f 4127//4667 4163//4667 4162//4667
f 4127//4668 4162//4668 4126//4668
f 4128//4669 4164//4669 4163//4669
f 4128//3348 4163//3348 4127//3348
f 4129//4471 4165//4471 4164//4471
f 4129//4670 4164//4670 4128//4670
f 4130//4671 4166//4671 4165//4671
f 4130//467 4165//467 4129//467
f 4131//4285 4167//4285 4166//4285
f 4131//4672 4166//4672 4130//4672
f 4132//4673 4168//4673 4167//4673
f 4132//4288 4167//4288 4131//4288
f 4133//4674 4169//4674 4168//4674
f 4133//4674 4168//4674 4132//4674
f 4134//4675 4170//4675 4061//4675
f 4134//4676 4061//4676 4025//4676
f 4135//4677 4171//4677 4170//4677
f 4135//4678 4170//4678 4134//4678
f 4136//4679 4172//4679 4171//4679
f 4136//4680 4171//4680 4135//4680
f 4137//4681 4173//4681 4172//4681
f 4137//4682 4172//4682 4136//4682
f 4138//4683 4174//4683 4173//4683
f 4138//4684 4173//4684 4137//4684
f 4139//4685 4175//4685 4174//4685
f 4139//4686 4174//4686 4138//4686
f 4140//4687 4176//4687 4175//4687
f 4140//4688 4175//4688 4139//4688
f 4141//4689 4177//4689 4176//4689
f 4141//4690 4176//4690 4140//4690
f 4142//4691 4178//4691 4177//4691
f 4142//2438 4177//2438 4141//2438
f 4143//4692 4179//4692 4178//4692
f 4143//4693 4178//4693 4142//4693
f 4144//3916 4180//3916 4179//3916
f 4144//4694 4179//4694 4143//4694
f 4145//4695 4181//4695 4180//4695
f 4145//4499 4180//4499 4144//4499
f 4146//4696 4182//4696 4181//4696
f 4146//4697 4181//4697 4145//4697
f 4147//4698 4183//4698 4182//4698
f 4147//4699 4182//4699 4146//4699
f 4148//4700 4184//4700 4183//4700
f 4148//4701 4183//4701 4147//4701
f 4149//3756 4185//3756 4184//3756
f 4149//4702 4184//4702 4148//4702
f 4150//4703 4186//4703 4185//4703
f 4150//4704 4185//4704 4149//4704
f 4151//4705 4187//4705 4186//4705
f 4151//4706 4186//4706 4150//4706
f 4152//4707 4188//4707 4187//4707
f 4152//4708 4187//4708 4151//4708
f 4153//4709 4189//4709 4188//4709
f 4153//4710 4188//4710 4152//4710
f 4154//4711 4190//4711 4189//4711
f 4154//4712 4189//4712 4153//4712
f 4155//4713 4191//4713 4190//4713
f 4155//4714 4190//4714 4154//4714
f 4156//4715 4192//4715 4191//4715
f 4156//4716 4191//4716 4155//4716
f 4157//3328 4193//3328 4192//3328
f 4157//4717 4192//4717 4156//4717
f 4158//4718 4194//4718 4193//4718
f 4158//4719 4193//4719 4157//4719
f 4159//4319 4195//4319 4194//4319
f 4159//3606 4194//3606 4158//3606
f 4160//4720 4196//4720 4195//4720
f 4160//4721 4195//4721 4159//4721
f 4161//4722 4197//4722 4196//4722
f 4161//4524 4196//4524 4160//4524
f 4162//4723 4198//4723 4197//4723
f 4162//4724 4197//4724 4161//4724
f 4163//3446 4199//3446 4198//3446
f 4163//3167 4198//3167 4162//3167
f 4164//4725 4200//4725 4199//4725
f 4164//4726 4199//4726 4163//4726
f 4165//4527 4201//4527 4200//4527
f 4165//4727 4200//4727 4164//4727
f 4166//4728 4202//4728 4201//4728
f 4166//4729 4201//4729 4165//4729
f 4167//4730 4203//4730 4202//4730
f 4167//4731 4202//4731 4166//4731
f 4168//4732 4204//4732 4203//4732
f 4168//4733 4203//4733 4167//4733
f 4169//4734 4205//4734 4204//4734
f 4169//4735 4204//4735 4168//4735
f 4170//4736 4206//4736 4097//4736
f 4170//4536 4097//4536 4061//4536
f 4171//4737 4207//4737 4206//4737
f 4171//4738 4206//4738 4170//4738
f 4172//4739 4208//4739 4207//4739
f 4172//4540 4207//4540 4171//4540
f 4173//4740 4209//4740 4208//4740
f 4173//4740 4208//4740 4172//4740
f 4174//4741 4210//4741 4209//4741
f 4174//4742 4209//4742 4173//4742
f 4175//3792 4211//3792 4210//3792
f 4175//4743 4210//4743 4174//4743
f 4176//4340 4212//4340 4211//4340
f 4176//4341 4211//4341 4175//4341
f 4177//4744 4213//4744 4212//4744
f 4177//4745 4212//4745 4176//4745
f 4178//4746 4214//4746 4213//4746
f 4178//4747 4213//4747 4177//4747
f 4179//3798 4215//3798 4214//3798
f 4179//3799 4214//3799 4178//3799
f 4180//4342 4216//4342 4215//4342
f 4180//4748 4215//4748 4179//4748
f 4181//4749 4217//4749 4216//4749
f 4181//4750 4216//4750 4180//4750
f 4182//4553 4218//4553 4217//4553
f 4182//4751 4217//4751 4181//4751
f 4183//4752 4219//4752 4218//4752
f 4183//4753 4218//4753 4182//4753
f 4184//4754 4220//4754 4219//4754
f 4184//4754 4219//4754 4183//4754
f 4185//4347 4221//4347 4220//4347
f 4185//4348 4220//4348 4184//4348
f 4186//4755 4222//4755 4221//4755
f 4186//4756 4221//4756 4185//4756
f 4187//4757 4223//4757 4222//4757
f 4187//4757 4222//4757 4186//4757
f 4188//4758 4224//4758 4223//4758
f 4188//4758 4223//4758 4187//4758
f 4189//4759 4225//4759 4224//4759
f 4189//3637 4224//3637 4188//3637
f 4190//4760 4226//4760 4225//4760
f 4190//4761 4225//4761 4189//4761
f 4191//4762 4227//4762 4226//4762
f 4191//4762 4226//4762 4190//4762
f 4192//4763 4228//4763 4227//4763
f 4192//4764 4227//4764 4191//4764
f 4193//4765 4229//4765 4228//4765
f 4193//4766 4228//4766 4192//4766
f 4194//4767 4230//4767 4229//4767
f 4194//4768 4229//4768 4193//4768
f 4195//4769 4231//4769 4230//4769
f 4195//4770 4230//4770 4194//4770
f 4196//4771 4232//4771 4231//4771
f 4196//3644 4231//3644 4195//3644
f 4197//4772 4233//4772 4232//4772
f 4197//4773 4232//4773 4196//4773
f 4198//4774 4234//4774 4233//4774
f 4198//4775 4233//4775 4197//4775
f 4199//4776 4235//4776 4234//4776
f 4199//4221 4234//4221 4198//4221
f 4200//4777 4236//4777 4235//4777
f 4200//689 4235//689 4199//689
f 4201//4369 4237//4369 4236//4369
f 4201//4369 4236//4369 4200//4369
f 4202//4778 4238//4778 4237//4778
f 4202//4778 4237//4778 4201//4778
f 4203//4779 4239//4779 4238//4779
f 4203//4780 4238//4780 4202//4780
f 4204//4781 4240//4781 4239//4781
f 4204//4782 4239//4782 4203//4782
f 4205//4783 4241//4783 4240//4783
f 4205//4784 4240//4784 4204//4784
f 4206//4785 4242//4785 4133//4785
f 4206//4786 4133//4786 4097//4786
f 4207//4787 4243//4787 4242//4787
f 4207//4788 4242//4788 4206//4788
f 4208//4789 4244//4789 4243//4789
f 4208//4790 4243//4790 4207//4790
f 4209//4791 4245//4791 4244//4791
f 4209//4792 4244//4792 4208//4792
f 4210//4793 4246//4793 4245//4793
f 4210//4794 4245//4794 4209//4794
f 4211//4384 4247//4384 4246//4384
f 4211//4096 4246//4096 4210//4096
f 4212//4795 4248//4795 4247//4795
f 4212//4796 4247//4796 4211//4796
f 4213//3357 4249//3357 4248//3357
f 4213//3977 4248//3977 4212//3977
f 4214//4388 4250//4388 4249//4388
f 4214//4797 4249//4797 4213//4797
f 4215//4798 4251//4798 4250//4798
f 4215//4799 4250//4799 4214//4799
f 4216//4800 4252//4800 4251//4800
f 4216//4801 4251//4801 4215//4801
f 4217//4802 4253//4802 4252//4802
f 4217//3673 4252//3673 4216//3673
f 4218//4803 4254//4803 4253//4803
f 4218//4804 4253//4804 4217//4804
f 4219//4605 4255//4605 4254//4605
f 4219//4606 4254//4606 4218//4606
f 4220//4805 4256//4805 4255//4805
f 4220//4608 4255//4608 4219//4608
f 4221//4806 4257//4806 4256//4806
f 4221//4807 4256//4807 4220//4807
f 4222//4611 4258//4611 4257//4611
f 4222//4612 4257//4612 4221//4612
f 4223//4808 4259//4808 4258//4808
f 4223//4614 4258//4614 4222//4614
f 4224//4809 4260//4809 4259//4809
f 4224//4616 4259//4616 4223//4616
f 4225//4810 4261//4810 4260//4810
f 4225//4811 4260//4811 4224//4811
f 4226//4812 4262//4812 4261//4812
f 4226//4813 4261//4813 4225//4813
f 4227//4619 4263//4619 4262//4619
f 4227//4620 4262//4620 4226//4620
f 4228//4814 4264//4814 4263//4814
f 4228//4815 4263//4815 4227//4815
f 4229//4816 4265//4816 4264//4816
f 4229//4817 4264//4817 4228//4817
f 4230//4624 4266//4624 4265//4624
f 4230//4818 4265//4818 4229//4818
f 4231//4819 4267//4819 4266//4819
f 4231//4820 4266//4820 4230//4820
f 4232//4821 4268//4821 4267//4821
f 4232//4822 4267//4822 4231//4822
f 4233//4823 4269//4823 4268//4823
f 4233//4418 4268//4418 4232//4418
f 4234//4824 4270//4824 4269//4824
f 4234//4825 4269//4825 4233//4825
f 4235//4826 4271//4826 4270//4826
f 4235//4827 4270//4827 4234//4827
f 4236//4421 4272//4421 4271//4421
f 4236//4828 4271//4828 4235//4828
f 4237//4829 4273//4829 4272//4829
f 4237//4830 4272//4830 4236//4830
f 4238//4633 4274//4633 4273//4633
f 4238//4831 4273//4831 4237//4831
f 4239//4832 4275//4832 4274//4832
f 4239//4833 4274//4833 4238//4833
f 4240//4834 4276//4834 4275//4834
f 4240//4835 4275//4835 4239//4835
f 4241//4836 4277//4836 4276//4836
f 4241//4837 4276//4837 4240//4837
f 4242//4838 4278//4838 4169//4838
f 4242//4139 4169//4139 4133//4139
f 4243//4839 4279//4839 4278//4839
f 4243//3704 4278//3704 4242//3704
f 4244//4840 4280//4840 4279//4840
f 4244//4435 4279//4435 4243//4435
f 4245//4841 4281//4841 4280//4841
f 4245//4842 4280//4842 4244//4842
f 4246//4843 4282//4843 4281//4843
f 4246//4844 4281//4844 4245//4844
f 4247//4845 4283//4845 4282//4845
f 4247//4642 4282//4642 4246//4642
f 4248//1914 4284//1914 4283//1914
f 4248//4846 4283//4846 4247//4846
f 4249//3872 4285//3872 4284//3872
f 4249//2911 4284//2911 4248//2911
f 4250//4440 4286//4440 4285//4440
f 4250//4440 4285//4440 4249//4440
f 4251//4847 4287//4847 4286//4847
f 4251//4645 4286//4645 4250//4645
f 4252//4441 4288//4441 4287//4441
f 4252//4848 4287//4848 4251//4848
f 4253//3878 4289//3878 4288//3878
f 4253//4849 4288//4849 4252//4849
f 4254//4850 4290//4850 4289//4850
f 4254//4851 4289//4851 4253//4851
f 4255//4852 4291//4852 4290//4852
f 4255//4853 4290//4853 4254//4853
f 4256//4854 4292//4854 4291//4854
f 4256//4855 4291//4855 4255//4855
f 4257//4856 4293//4856 4292//4856
f 4257//4857 4292//4857 4256//4857
f 4258//4858 4294//4858 4293//4858
f 4258//4859 4293//4859 4257//4859
f 4259//4655 4295//4655 4294//4655
f 4259//4860 4294//4860 4258//4860
f 4260//4657 4296//4657 4295//4657
f 4260//4656 4295//4656 4259//4656
f 4261//4861 4297//4861 4296//4861
f 4261//4455 4296//4455 4260//4455
f 4262//4862 4298//4862 4297//4862
f 4262//4863 4297//4863 4261//4863
f 4263//4864 4299//4864 4298//4864
f 4263//4865 4298//4865 4262//4865
f 4264//4866 4300//4866 4299//4866
f 4264//4867 4299//4867 4263//4867
f 4265//4868 4301//4868 4300//4868
f 4265//3887 4300//3887 4264//3887
f 4266//4869 4302//4869 4301//4869
f 4266//4870 4301//4870 4265//4870
f 4267//2328 4303//2328 4302//2328
f 4267//2328 4302//2328 4266//2328
f 4268//4871 4304//4871 4303//4871
f 4268//4872 4303//4872 4267//4872
f 4269//4281 4305//4281 4304//4281
f 4269//4281 4304//4281 4268//4281
f 4270//4873 4306//4873 4305//4873
f 4270//4873 4305//4873 4269//4873
f 4271//4874 4307//4874 4306//4874
f 4271//4668 4306//4668 4270//4668
f 4272//4875 4308//4875 4307//4875
f 4272//4470 4307//4470 4271//4470
f 4273//4876 4309//4876 4308//4876
f 4273//4877 4308//4877 4272//4877
f 4274//4878 4310//4878 4309//4878
f 4274//4879 4309//4879 4273//4879
f 4275//4285 4311//4285 4310//4285
f 4275//4286 4310//4286 4274//4286
f 4276//4880 4312//4880 4311//4880
f 4276//3404 4311//3404 4275//3404
f 4277//4881 4313//4881 4312//4881
f 4277//4882 4312//4882 4276//4882
f 4278//4883 4314//4883 4205//4883
f 4278//4481 4205//4481 4169//4481
f 4279//4884 4315//4884 4314//4884
f 4279//4483 4314//4483 4278//4483
f 4280//4885 4316//4885 4315//4885
f 4280//4886 4315//4886 4279//4886
f 4281//4486 4317//4486 4316//4486
f 4281//4487 4316//4487 4280//4487
f 4282//4887 4318//4887 4317//4887
f 4282//4888 4317//4888 4281//4888
f 4283//3318 4319//3318 4318//3318
f 4283//4686 4318//4686 4282//4686
f 4284//4687 4320//4687 4319//4687
f 4284//4491 4319//4491 4283//4491
f 4285//4492 4321//4492 4320//4492
f 4285//4889 4320//4889 4284//4889
f 4286//2252 4322//2252 4321//2252
f 4286//4890 4321//4890 4285//4890
f 4287//4891 4323//4891 4322//4891
f 4287//2440 4322//2440 4286//2440
f 4288//4892 4324//4892 4323//4892
f 4288//4498 4323//4498 4287//4498
f 4289//4893 4325//4893 4324//4893
f 4289//4894 4324//4894 4288//4894
f 4290//4895 4326//4895 4325//4895
f 4290//4896 4325//4896 4289//4896
f 4291//4897 4327//4897 4326//4897
f 4291//3592 4326//3592 4290//3592
f 4292//4898 4328//4898 4327//4898
f 4292//4701 4327//4701 4291//4701
f 4293//4899 4329//4899 4328//4899
f 4293//3921 4328//3921 4292//3921
f 4294//4900 4330//4900 4329//4900
f 4294//4901 4329//4901 4293//4901
f 4295//4902 4331//4902 4330//4902
f 4295//4706 4330//4706 4294//4706
f 4296//4903 4332//4903 4331//4903
f 4296//4904 4331//4904 4295//4904
f 4297//4905 4333//4905 4332//4905
f 4297//4710 4332//4710 4296//4710
f 4298//4906 4334//4906 4333//4906
f 4298//4712 4333//4712 4297//4712
f 4299//4907 4335//4907 4334//4907
f 4299//4908 4334//4908 4298//4908
f 4300//4909 4336//4909 4335//4909
f 4300//4910 4335//4910 4299//4910
f 4301//4520 4337//4520 4336//4520
f 4301//4317 4336//4317 4300//4317
f 4302//4911 4338//4911 4337//4911
f 4302//4912 4337//4912 4301//4912
f 4303//4913 4339//4913 4338//4913
f 4303//4914 4338//4914 4302//4914
f 4304//2285 4340//2285 4339//2285
f 4304//4915 4339//4915 4303//4915
f 4305//4916 4341//4916 4340//4916
f 4305//4524 4340//4524 4304//4524
f 4306//3444 4342//3444 4341//3444
f 4306//4917 4341//4917 4305//4917
f 4307//4918 4343//4918 4342//4918
f 4307//3167 4342//3167 4306//3167
f 4308//4919 4344//4919 4343//4919
f 4308//4920 4343//4920 4307//4920
f 4309//4921 4345//4921 4344//4921
f 4309//4922 4344//4922 4308//4922
f 4310//4923 4346//4923 4345//4923
f 4310//4529 4345//4529 4309//4529
f 4311//4329 4347//4329 4346//4329
f 4311//4924 4346//4924 4310//4924
f 4312//4925 4348//4925 4347//4925
f 4312//4332 4347//4332 4311//4332
f 4313//4926 4349//4926 4348//4926
f 4313//4334 4348//4334 4312//4334
f 4314//4927 4350//4927 4241//4927
f 4314//4928 4241//4928 4205//4928
f 4315//4537 4351//4537 4350//4537
f 4315//4538 4350//4538 4314//4538
f 4316//4929 4352//4929 4351//4929
f 4316//4930 4351//4930 4315//4930
f 4317//4931 4353//4931 4352//4931
f 4317//4932 4352//4932 4316//4932
f 4318//4933 4354//4933 4353//4933
f 4318//4934 4353//4934 4317//4934
f 4319//4935 4355//4935 4354//4935
f 4319//4936 4354//4936 4318//4936
f 4320//4937 4356//4937 4355//4937
f 4320//4938 4355//4938 4319//4938
f 4321//1696 4357//1696 4356//1696
f 4321//4939 4356//4939 4320//4939
f 4322//4940 4358//4940 4357//4940
f 4322//4941 4357//4941 4321//4941
f 4323//3798 4359//3798 4358//3798
f 4323//4942 4358//4942 4322//4942
f 4324//4943 4360//4943 4359//4943
f 4324//4944 4359//4944 4323//4944
f 4325//4945 4361//4945 4360//4945
f 4325//4750 4360//4750 4324//4750
f 4326//4946 4362//4946 4361//4946
f 4326//4947 4361//4947 4325//4947
f 4327//4948 4363//4948 4362//4948
f 4327//4948 4362//4948 4326//4948
f 4328//4949 4364//4949 4363//4949
f 4328//4950 4363//4950 4327//4950
f 4329//4951 4365//4951 4364//4951
f 4329//4348 4364//4348 4328//4348
f 4330//4952 4366//4952 4365//4952
f 4330//4953 4365//4953 4329//4953
f 4331//4954 4367//4954 4366//4954
f 4331//4955 4366//4955 4330//4955
f 4332//4956 4368//4956 4367//4956
f 4332//4957 4367//4957 4331//4957
f 4333//3637 4369//3637 4368//3637
f 4333//3717 4368//3717 4332//3717
f 4334//4958 4370//4958 4369//4958
f 4334//4959 4369//4959 4333//4959
f 4335//4762 4371//4762 4370//4762
f 4335//4762 4370//4762 4334//4762
f 4336//4960 4372//4960 4371//4960
f 4336//4763 4371//4763 4335//4763
f 4337//4961 4373//4961 4372//4961
f 4337//4962 4372//4962 4336//4962
f 4338//4963 4374//4963 4373//4963
f 4338//4964 4373//4964 4337//4964
f 4339//4965 4375//4965 4374//4965
f 4339//4966 4374//4966 4338//4966
f 4340//4967 4376//4967 4375//4967
f 4340//3644 4375//3644 4339//3644
f 4341//3816 4377//3816 4376//3816
f 4341//4968 4376//4968 4340//4968
f 4342//4969 4378//4969 4377//4969
f 4342//4970 4377//4970 4341//4970
f 4343//4971 4379//4971 4378//4971
f 4343//4972 4378//4972 4342//4972
f 4344//4367 4380//4367 4379//4367
f 4344//4973 4379//4973 4343//4973
f 4345//4369 4381//4369 4380//4369
f 4345//4369 4380//4369 4344//4369
f 4346//4778 4382//4778 4381//4778
f 4346//4778 4381//4778 4345//4778
f 4347//4974 4383//4974 4382//4974
f 4347//4975 4382//4975 4346//4975
f 4348//4976 4384//4976 4383//4976
f 4348//4977 4383//4977 4347//4977
f 4349//4978 4385//4978 4384//4978
f 4349//4979 4384//4979 4348//4979
f 4350//4980 4386//4980 4277//4980
f 4350//4786 4277//4786 4241//4786
f 4351//4981 4387//4981 4386//4981
f 4351//4982 4386//4982 4350//4982
f 4352//4789 4388//4789 4387//4789
f 4352//4790 4387//4790 4351//4790
f 4353//4983 4389//4983 4388//4983
f 4353//4984 4388//4984 4352//4984
f 4354//4985 4390//4985 4389//4985
f 4354//4094 4389//4094 4353//4094
f 4355//4986 4391//4986 4390//4986
f 4355//4096 4390//4096 4354//4096
f 4356//4987 4392//4987 4391//4987
f 4356//4988 4391//4988 4355//4988
f 4357//4232 4393//4232 4392//4232
f 4357//4989 4392//4989 4356//4989
f 4358//4990 4394//4990 4393//4990
f 4358//4991 4393//4991 4357//4991
f 4359//4992 4395//4992 4394//4992
f 4359//4993 4394//4993 4358//4993
f 4360//4800 4396//4800 4395//4800
f 4360//4994 4395//4994 4359//4994
f 4361//2154 4397//2154 4396//2154
f 4361//4995 4396//4995 4360//4995
f 4362//3832 4398//3832 4397//3832
f 4362//3011 4397//3011 4361//3011
f 4363//4605 4399//4605 4398//4605
f 4363//4606 4398//4606 4362//4606
f 4364//4607 4400//4607 4399//4607
f 4364//4996 4399//4996 4363//4996
f 4365//4997 4401//4997 4400//4997
f 4365//4998 4400//4998 4364//4998
f 4366//4999 4402//4999 4401//4999
f 4366//4612 4401//4612 4365//4612
f 4367//5000 4403//5000 4402//5000
f 4367//5001 4402//5001 4366//5001
f 4368//4809 4404//4809 4403//4809
f 4368//4616 4403//4616 4367//4616
f 4369//5002 4405//5002 4404//5002
f 4369//5003 4404//5003 4368//5003
f 4370//5004 4406//5004 4405//5004
f 4370//5005 4405//5005 4369//5005
f 4371//5006 4407//5006 4406//5006
f 4371//5007 4406//5007 4370//5007
f 4372//5008 4408//5008 4407//5008
f 4372//5009 4407//5009 4371//5009
f 4373//5010 4409//5010 4408//5010
f 4373//5011 4408//5011 4372//5011
f 4374//5012 4410//5012 4409//5012
f 4374//5013 4409//5013 4373//5013
f 4375//5014 4411//5014 4410//5014
f 4375//5015 4410//5015 4374//5015
f 4376//5016 4412//5016 4411//5016
f 4376//5017 4411//5017 4375//5017
f 4377//3518 4413//3518 4412//3518
f 4377//2546 4412//2546 4376//2546
f 4378//5018 4414//5018 4413//5018
f 4378//5019 4413//5019 4377//5019
f 4379//5020 4415//5020 4414//5020
f 4379//5021 4414//5021 4378//5021
f 4380//5022 4416//5022 4415//5022
f 4380//1508 4415//1508 4379//1508
f 4381//5023 4417//5023 4416//5023
f 4381//4830 4416//4830 4380//4830
f 4382//5024 4418//5024 4417//5024
f 4382//5025 4417//5025 4381//5025
f 4383//5026 4419//5026 4418//5026
f 4383//5027 4418//5027 4382//5027
f 4384//4427 4420//4427 4419//4427
f 4384//5028 4419//5028 4383//5028
f 4385//5029 4421//5029 4420//5029
f 4385//5030 4420//5030 4384//5030
f 4386//5031 4422//5031 4313//5031
f 4386//5032 4313//5032 4277//5032
f 4387//5033 4423//5033 4422//5033
f 4387//5034 4422//5034 4386//5034
f 4388//4434 4424//4434 4423//4434
f 4388//4435 4423//4435 4387//4435
f 4389//5035 4425//5035 4424//5035
f 4389//410 4424//410 4388//410
f 4390//5036 4426//5036 4425//5036
f 4390//5037 4425//5037 4389//5037
f 4391//5038 4427//5038 4426//5038
f 4391//413 4426//413 4390//413
f 4392//5039 4428//5039 4427//5039
f 4392//5040 4427//5040 4391//5040
f 4393//5041 4429//5041 4428//5041
f 4393//5042 4428//5042 4392//5042
f 4394//4440 4430//4440 4429//4440
f 4394//4440 4429//4440 4393//4440
f 4395//4271 4431//4271 4430//4271
f 4395//4645 4430//4645 4394//4645
f 4396//5043 4432//5043 4431//5043
f 4396//4441 4431//4441 4395//4441
f 4397//5044 4433//5044 4432//5044
f 4397//5045 4432//5045 4396//5045
f 4398//5046 4434//5046 4433//5046
f 4398//5047 4433//5047 4397//5047
f 4399//5048 4435//5048 4434//5048
f 4399//5049 4434//5049 4398//5049
f 4400//5050 4436//5050 4435//5050
f 4400//4449 4435//4449 4399//4449
f 4401//5051 4437//5051 4436//5051
f 4401//4857 4436//4857 4400//4857
f 4402//5052 4438//5052 4437//5052
f 4402//5053 4437//5053 4401//5053
f 4403//5054 4439//5054 4438//5054
f 4403//5055 4438//5055 4402//5055
f 4404//4657 4440//4657 4439//4657
f 4404//5056 4439//5056 4403//5056
f 4405//4861 4441//4861 4440//4861
f 4405//4275 4440//4275 4404//4275
f 4406//5057 4442//5057 4441//5057
f 4406//5058 4441//5058 4405//5058
f 4407//5059 4443//5059 4442//5059
f 4407//5060 4442//5060 4406//5060
f 4408//5061 4444//5061 4443//5061
f 4408//5062 4443//5062 4407//5062
f 4409//5063 4445//5063 4444//5063
f 4409//5064 4444//5064 4408//5064
f 4410//5065 4446//5065 4445//5065
f 4410//5066 4445//5066 4409//5066
f 4411//5067 4447//5067 4446//5067
f 4411//5067 4446//5067 4410//5067
f 4412//5068 4448//5068 4447//5068
f 4412//5069 4447//5069 4411//5069
f 4413//5070 4449//5070 4448//5070
f 4413//4281 4448//4281 4412//4281
f 4414//4466 4450//4466 4449//4466
f 4414//4873 4449//4873 4413//4873
f 4415//5071 4451//5071 4450//5071
f 4415//5072 4450//5072 4414//5072
f 4416//4469 4452//4469 4451//4469
f 4416//5073 4451//5073 4415//5073
f 4417//5074 4453//5074 4452//5074
f 4417//4472 4452//4472 4416//4472
f 4418//5075 4454//5075 4453//5075
f 4418//5076 4453//5076 4417//5076
f 4419//2007 4455//2007 4454//2007
f 4419//5077 4454//5077 4418//5077
f 4420//5078 4456//5078 4455//5078
f 4420//5079 4455//5079 4419//5079
f 4421//5080 4457//5080 4456//5080
f 4421//5081 4456//5081 4420//5081
f 4422//5082 4458//5082 4349//5082
f 4422//4481 4349//4481 4313//4481
f 4423//5083 4459//5083 4458//5083
f 4423//5084 4458//5084 4422//5084
f 4424//4484 4460//4484 4459//4484
f 4424//5085 4459//5085 4423//5085
f 4425//5086 4461//5086 4460//5086
f 4425//4682 4460//4682 4424//4682
f 4426//5087 4462//5087 4461//5087
f 4426//4888 4461//4888 4425//4888
f 4427//5088 4463//5088 4462//5088
f 4427//4686 4462//4686 4426//4686
f 4428//5089 4464//5089 4463//5089
f 4428//4688 4463//4688 4427//4688
f 4429//5090 4465//5090 4464//5090
f 4429//5091 4464//5091 4428//5091
f 4430//5092 4466//5092 4465//5092
f 4430//5093 4465//5093 4429//5093
f 4431//3589 4467//3589 4466//3589
f 4431//5094 4466//5094 4430//5094
f 4432//3916 4468//3916 4467//3916
f 4432//5095 4467//5095 4431//5095
f 4433//4695 4469//4695 4468//4695
f 4433//5096 4468//5096 4432//5096
f 4434//4176 4470//4176 4469//4176
f 4434//4697 4469//4697 4433//4697
f 4435//5097 4471//5097 4470//5097
f 4435//5098 4470//5098 4434//5098
f 4436//4898 4472//4898 4471//4898
f 4436//5099 4471//5099 4435//5099
f 4437//5100 4473//5100 4472//5100
f 4437//5101 4472//5101 4436//5101
f 4438//5102 4474//5102 4473//5102
f 4438//5103 4473//5103 4437//5103
f 4439//5104 4475//5104 4474//5104
f 4439//4706 4474//4706 4438//4706
f 4440//5105 4476//5105 4475//5105
f 4440//5106 4475//5106 4439//5106
f 4441//4709 4477//4709 4476//4709
f 4441//5107 4476//5107 4440//5107
f 4442//5108 4478//5108 4477//5108
f 4442//5109 4477//5109 4441//5109
f 4443//4907 4479//4907 4478//4907
f 4443//5110 4478//5110 4442//5110
f 4444//5111 4480//5111 4479//5111
f 4444//5112 4479//5112 4443//5112
f 4445//5113 4481//5113 4480//5113
f 4445//4317 4480//4317 4444//4317
f 4446//5114 4482//5114 4481//5114
f 4446//4912 4481//4912 4445//4912
f 4447//4913 4483//4913 4482//4913
f 4447//5115 4482//5115 4446//5115
f 4448//5116 4484//5116 4483//5116
f 4448//4522 4483//4522 4447//4522
f 4449//4059 4485//4059 4484//4059
f 4449//5117 4484//5117 4448//5117
f 4450//5118 4486//5118 4485//5118
f 4450//5119 4485//5119 4449//5119
f 4451//5120 4487//5120 4486//5120
f 4451//5121 4486//5121 4450//5121
f 4452//5122 4488//5122 4487//5122
f 4452//5123 4487//5123 4451//5123
f 4453//5124 4489//5124 4488//5124
f 4453//5125 4488//5125 4452//5125
f 4454//5126 4490//5126 4489//5126
f 4454//5127 4489//5127 4453//5127
f 4455//5128 4491//5128 4490//5128
f 4455//5129 4490//5129 4454//5129
f 4456//5130 4492//5130 4491//5130
f 4456//5131 4491//5131 4455//5131
f 4457//5132 4493//5132 4492//5132
f 4457//4735 4492//4735 4456//4735
f 4458//5133 4494//5133 4385//5133
f 4458//5134 4385//5134 4349//5134
f 4459//5135 4495//5135 4494//5135
f 4459//5136 4494//5136 4458//5136
f 4460//5137 4496//5137 4495//5137
f 4460//4540 4495//4540 4459//4540
f 4461//4073 4497//4073 4496//4073
f 4461//5138 4496//5138 4460//5138
f 4462//4933 4498//4933 4497//4933
f 4462//5139 4497//5139 4461//5139
f 4463//5140 4499//5140 4498//5140
f 4463//5141 4498//5141 4462//5141
f 4464//5142 4500//5142 4499//5142
f 4464//4546 4499//4546 4463//4546
f 4465//1696 4501//1696 4500//1696
f 4465//5143 4500//5143 4464//5143
f 4466//5144 4502//5144 4501//5144
f 4466//5145 4501//5145 4465//5145
f 4467//5146 4503//5146 4502//5146
f 4467//3799 4502//3799 4466//3799
f 4468//4549 4504//4549 4503//4549
f 4468//5147 4503//5147 4467//5147
f 4469//5148 4505//5148 4504//5148
f 4469//4750 4504//4750 4468//4750
f 4470//5149 4506//5149 4505//5149
f 4470//5150 4505//5150 4469//5150
f 4471//4948 4507//4948 4506//4948
f 4471//4752 4506//4752 4470//4752
f 4472//4950 4508//4950 4507//4950
f 4472//5151 4507//5151 4471//5151
f 4473//5152 4509//5152 4508//5152
f 4473//5153 4508//5153 4472//5153
f 4474//5154 4510//5154 4509//5154
f 4474//4858 4509//4858 4473//4858
f 4475//5155 4511//5155 4510//5155
f 4475//5155 4510//5155 4474//5155
f 4476//4352 4512//4352 4511//4352
f 4476//5156 4511//5156 4475//5156
f 4477//5157 4513//5157 4512//5157
f 4477//4354 4512//4354 4476//4354
f 4478//5158 4514//5158 4513//5158
f 4478//5159 4513//5159 4477//5159
f 4479//5160 4515//5160 4514//5160
f 4479//5161 4514//5161 4478//5161
f 4480//5162 4516//5162 4515//5162
f 4480//561 4515//561 4479//561
f 4481//5163 4517//5163 4516//5163
f 4481//4868 4516//4868 4480//4868
f 4482//5065 4518//5065 4517//5065
f 4482//5164 4517//5164 4481//5164
f 4483//1540 4519//1540 4518//1540
f 4483//4665 4518//4665 4482//4665
f 4484//5165 4520//5165 4519//5165
f 4484//5166 4519//5166 4483//5166
f 4485//3816 4521//3816 4520//3816
f 4485//3646 4520//3646 4484//3646
f 4486//5167 4522//5167 4521//5167
f 4486//5168 4521//5168 4485//5168
f 4487//752 4523//752 4522//752
f 4487//5169 4522//5169 4486//5169
f 4488//5170 4524//5170 4523//5170
f 4488//4579 4523//4579 4487//4579
f 4489//5171 4525//5171 4524//5171
f 4489//5172 4524//5172 4488//5172
f 4490//5173 4526//5173 4525//5173
f 4490//5174 4525//5174 4489//5174
f 4491//5175 4527//5175 4526//5175
f 4491//5176 4526//5176 4490//5176
f 4492//5177 4528//5177 4527//5177
f 4492//5178 4527//5178 4491//5178
f 4493//5179 4529//5179 4528//5179
f 4493//5180 4528//5180 4492//5180
f 4494//5181 4530//5181 4421//5181
f 4494//5182 4421//5182 4385//5182
f 4495//5183 4531//5183 4530//5183
f 4495//5184 4530//5184 4494//5184
f 4496//5185 4532//5185 4531//5185
f 4496//5186 4531//5186 4495//5186
f 4497//4791 4533//4791 4532//4791
f 4497//4792 4532//4792 4496//4792
f 4498//4228 4534//4228 4533//4228
f 4498//4594 4533//4594 4497//4594
f 4499//5187 4535//5187 4534//5187
f 4499//5188 4534//5188 4498//5188
f 4500//5189 4536//5189 4535//5189
f 4500//5190 4535//5190 4499//5190
f 4501//5191 4537//5191 4536//5191
f 4501//5192 4536//5192 4500//5192
f 4502//5193 4538//5193 4537//5193
f 4502//5194 4537//5194 4501//5194
f 4503//5195 4539//5195 4538//5195
f 4503//5196 4538//5196 4502//5196
f 4504//5197 4540//5197 4539//5197
f 4504//5198 4539//5198 4503//5198
f 4505//5199 4541//5199 4540//5199
f 4505//5200 4540//5200 4504//5200
f 4506//5201 4542//5201 4541//5201
f 4506//5202 4541//5202 4505//5202
f 4507//5203 4543//5203 4542//5203
f 4507//5204 4542//5204 4506//5204
f 4508//5205 4544//5205 4543//5205
f 4508//5206 4543//5206 4507//5206
f 4509//5207 4545//5207 4544//5207
f 4509//5208 4544//5208 4508//5208
f 4510//5209 4546//5209 4545//5209
f 4510//5210 4545//5210 4509//5210
f 4511//5211 4547//5211 4546//5211
f 4511//5212 4546//5212 4510//5212
f 4512//4809 4548//4809 4547//4809
f 4512//5213 4547//5213 4511//5213
f 4513//5214 4549//5214 4548//5214
f 4513//5215 4548//5215 4512//5215
f 4514//5216 4550//5216 4549//5216
f 4514//5217 4549//5217 4513//5217
f 4515//3989 4551//3989 4550//3989
f 4515//5007 4550//5007 4514//5007
f 4516//5218 4552//5218 4551//5218
f 4516//5219 4551//5219 4515//5219
f 4517//5010 4553//5010 4552//5010
f 4517//5220 4552//5220 4516//5220
f 4518//5221 4554//5221 4553//5221
f 4518//5222 4553//5222 4517//5222
f 4519//5223 4555//5223 4554//5223
f 4519//5224 4554//5224 4518//5224
f 4520//5225 4556//5225 4555//5225
f 4520//5226 4555//5226 4519//5226
f 4521//5227 4557//5227 4556//5227
f 4521//5228 4556//5228 4520//5228
f 4522//5229 4558//5229 4557//5229
f 4522//3692 4557//3692 4521//3692
f 4523//5230 4559//5230 4558//5230
f 4523//5231 4558//5231 4522//5231
f 4524//5232 4560//5232 4559//5232
f 4524//5233 4559//5233 4523//5233
f 4525//5234 4561//5234 4560//5234
f 4525//5235 4560//5235 4524//5235
f 4526//5236 4562//5236 4561//5236
f 4526//5237 4561//5237 4525//5237
f 4527//5238 4563//5238 4562//5238
f 4527//5239 4562//5239 4526//5239
f 4528//5240 4564//5240 4563//5240
f 4528//5241 4563//5241 4527//5241
f 4529//5242 4565//5242 4564//5242
f 4529//5243 4564//5243 4528//5243
f 4530//5244 4566//5244 4457//5244
f 4530//5245 4457//5245 4421//5245
f 4531//5246 4567//5246 4566//5246
f 4531//5247 4566//5247 4530//5247
f 4532//5248 4568//5248 4567//5248
f 4532//5249 4567//5249 4531//5249
f 4533//5250 4569//5250 4568//5250
f 4533//410 4568//410 4532//410
f 4534//5251 4570//5251 4569//5251
f 4534//5252 4569//5252 4533//5252
f 4535//5253 4571//5253 4570//5253
f 4535//5254 4570//5254 4534//5254
f 4536//5255 4572//5255 4571//5255
f 4536//5256 4571//5256 4535//5256
f 4537//5042 4573//5042 4572//5042
f 4537//2911 4572//2911 4536//2911
f 4538//5257 4574//5257 4573//5257
f 4538//5258 4573//5258 4537//5258
f 4539//4645 4575//4645 4574//4645
f 4539//4271 4574//4271 4538//4271
f 4540//5259 4576//5259 4575//5259
f 4540//5043 4575//5043 4539//5043
f 4541//5260 4577//5260 4576//5260
f 4541//5261 4576//5261 4540//5261
f 4542//5262 4578//5262 4577//5262
f 4542//4445 4577//4445 4541//4445
f 4543//5263 4579//5263 4578//5263
f 4543//5264 4578//5264 4542//5264
f 4544//5265 4580//5265 4579//5265
f 4544//4449 4579//4449 4543//4449
f 4545//5266 4581//5266 4580//5266
f 4545//5267 4580//5267 4544//5267
f 4546//5268 4582//5268 4581//5268
f 4546//5269 4581//5269 4545//5269
f 4547//5270 4583//5270 4582//5270
f 4547//5271 4582//5271 4546//5271
f 4548//5272 4584//5272 4583//5272
f 4548//5273 4583//5273 4547//5273
f 4549//5274 4585//5274 4584//5274
f 4549//5275 4584//5275 4548//5275
f 4550//5276 4586//5276 4585//5276
f 4550//5277 4585//5277 4549//5277
f 4551//5278 4587//5278 4586//5278
f 4551//5279 4586//5279 4550//5279
f 4552//5280 4588//5280 4587//5280
f 4552//5281 4587//5281 4551//5281
f 4553//5282 4589//5282 4588//5282
f 4553//5283 4588//5283 4552//5283
f 4554//5284 4590//5284 4589//5284
f 4554//5285 4589//5285 4553//5285
f 4555//5286 4591//5286 4590//5286
f 4555//5287 4590//5287 4554//5287
f 4556//5288 4592//5288 4591//5288
f 4556//5289 4591//5289 4555//5289
f 4557//5290 4593//5290 4592//5290
f 4557//4281 4592//4281 4556//4281
f 4558//5291 4594//5291 4593//5291
f 4558//5292 4593//5292 4557//5292
f 4559//5293 4595//5293 4594//5293
f 4559//5294 4594//5294 4558//5294
f 4560//5295 4596//5295 4595//5295
f 4560//4470 4595//4470 4559//4470
f 4561//5296 4597//5296 4596//5296
f 4561//4369 4596//4369 4560//4369
f 4562//5297 4598//5297 4597//5297
f 4562//5075 4597//5075 4561//5075
f 4563//5298 4599//5298 4598//5298
f 4563//4285 4598//4285 4562//4285
f 4564//5299 4600//5299 4599//5299
f 4564//5300 4599//5300 4563//5300
f 4565//5301 4601//5301 4600//5301
f 4565//5302 4600//5302 4564//5302
f 4566//5303 4602//5303 4493//5303
f 4566//5304 4493//5304 4457//5304
f 4567//5305 4603//5305 4602//5305
f 4567//5306 4602//5306 4566//5306
f 4568//5307 4604//5307 4603//5307
f 4568//5308 4603//5308 4567//5308
f 4569//5309 4605//5309 4604//5309
f 4569//5310 4604//5310 4568//5310
f 4570//5311 4606//5311 4605//5311
f 4570//5312 4605//5312 4569//5312
f 4571//5313 4607//5313 4606//5313
f 4571//5314 4606//5314 4570//5314
f 4572//5315 4608//5315 4607//5315
f 4572//5316 4607//5316 4571//5316
f 4573//5317 4609//5317 4608//5317
f 4573//5318 4608//5318 4572//5318
f 4574//5319 4610//5319 4609//5319
f 4574//5320 4609//5320 4573//5320
f 4575//5321 4611//5321 4610//5321
f 4575//5322 4610//5322 4574//5322
f 4576//5323 4612//5323 4611//5323
f 4576//5324 4611//5324 4575//5324
f 4577//5325 4613//5325 4612//5325
f 4577//5326 4612//5326 4576//5326
f 4578//5327 4614//5327 4613//5327
f 4578//5328 4613//5328 4577//5328
f 4579//5329 4615//5329 4614//5329
f 4579//5330 4614//5330 4578//5330
f 4580//5331 4616//5331 4615//5331
f 4580//5332 4615//5332 4579//5332
f 4581//5333 4617//5333 4616//5333
f 4581//5334 4616//5334 4580//5334
f 4582//5335 4618//5335 4617//5335
f 4582//5336 4617//5336 4581//5336
f 4583//5337 4619//5337 4618//5337
f 4583//5338 4618//5338 4582//5338
f 4584//5339 4620//5339 4619//5339
f 4584//5340 4619//5340 4583//5340
f 4585//5341 4621//5341 4620//5341
f 4585//5342 4620//5342 4584//5342
f 4586//5343 4622//5343 4621//5343
f 4586//5344 4621//5344 4585//5344
f 4587//5345 4623//5345 4622//5345
f 4587//5346 4622//5346 4586//5346
f 4588//5347 4624//5347 4623//5347
f 4588//5348 4623//5348 4587//5348
f 4589//5349 4625//5349 4624//5349
f 4589//5350 4624//5350 4588//5350
f 4590//5351 4626//5351 4625//5351
f 4590//5352 4625//5352 4589//5352
f 4591//5353 4627//5353 4626//5353
f 4591//5354 4626//5354 4590//5354
f 4592//5355 4628//5355 4627//5355
f 4592//5356 4627//5356 4591//5356
f 4593//5357 4629//5357 4628//5357
f 4593//5358 4628//5358 4592//5358
f 4594//5359 4630//5359 4629//5359
f 4594//5360 4629//5360 4593//5360
f 4595//5361 4631//5361 4630//5361
f 4595//5362 4630//5362 4594//5362
f 4596//5363 4632//5363 4631//5363
f 4596//5364 4631//5364 4595//5364
f 4597//5365 4633//5365 4632//5365
f 4597//5366 4632//5366 4596//5366
f 4598//5367 4634//5367 4633//5367
f 4598//5368 4633//5368 4597//5368
f 4599//5369 4635//5369 4634//5369
f 4599//5370 4634//5370 4598//5370
f 4600//5371 4636//5371 4635//5371
f 4600//5372 4635//5372 4599//5372
f 4601//5373 4637//5373 4636//5373
f 4601//5374 4636//5374 4600//5374
f 4602//5375 4638//5375 4529//5375
f 4602//5376 4529//5376 4493//5376
f 4603//5377 4639//5377 4638//5377
f 4603//5378 4638//5378 4602//5378
f 4604//5379 4640//5379 4639//5379
f 4604//5380 4639//5380 4603//5380
f 4605//5381 4641//5381 4640//5381
f 4605//5382 4640//5382 4604//5382
f 4606//5383 4642//5383 4641//5383
f 4606//5384 4641//5384 4605//5384
f 4607//5385 4643//5385 4642//5385
f 4607//5386 4642//5386 4606//5386
f 4608//5387 4644//5387 4643//5387
f 4608//5388 4643//5388 4607//5388
f 4609//5389 4645//5389 4644//5389
f 4609//5390 4644//5390 4608//5390
f 4610//5391 4646//5391 4645//5391
f 4610//5392 4645//5392 4609//5392
f 4611//5393 4647//5393 4646//5393
f 4611//5394 4646//5394 4610//5394
f 4612//5395 4648//5395 4647//5395
f 4612//5396 4647//5396 4611//5396
f 4613//5397 4649//5397 4648//5397
f 4613//5398 4648//5398 4612//5398
f 4614//5399 4650//5399 4649//5399
f 4614//5400 4649//5400 4613//5400
f 4615//5401 4651//5401 4650//5401
f 4615//5402 4650//5402 4614//5402
f 4616//5403 4652//5403 4651//5403
f 4616//5404 4651//5404 4615//5404
f 4617//5405 4653//5405 4652//5405
f 4617//5406 4652//5406 4616//5406
f 4618//5407 4654//5407 4653//5407
f 4618//5408 4653//5408 4617//5408
f 4619//5409 4655//5409 4654//5409
f 4619//5410 4654//5410 4618//5410
f 4620//5411 4656//5411 4655//5411
f 4620//5412 4655//5412 4619//5412
f 4621//5413 4657//5413 4656//5413
f 4621//5414 4656//5414 4620//5414
f 4622//5415 4658//5415 4657//5415
f 4622//5416 4657//5416 4621//5416
f 4623//5417 4659//5417 4658//5417
f 4623//5418 4658//5418 4622//5418
f 4624//5419 4660//5419 4659//5419
f 4624//5420 4659//5420 4623//5420
f 4625//5421 4661//5421 4660//5421
f 4625//5422 4660//5422 4624//5422
f 4626//5423 4662//5423 4661//5423
f 4626//5424 4661//5424 4625//5424
f 4627//5425 4663//5425 4662//5425
f 4627//5426 4662//5426 4626//5426
f 4628//5427 4664//5427 4663//5427
f 4628//5428 4663//5428 4627//5428
f 4629//5429 4665//5429 4664//5429
f 4629//5430 4664//5430 4628//5430
f 4630//5431 4666//5431 4665//5431
f 4630//5432 4665//5432 4629//5432
f 4631//5433 4667//5433 4666//5433
f 4631//5434 4666//5434 4630//5434
f 4632//5435 4668//5435 4667//5435
f 4632//5436 4667//5436 4631//5436
f 4633//5437 4669//5437 4668//5437
f 4633//5438 4668//5438 4632//5438
f 4634//5439 4670//5439 4669//5439
f 4634//5440 4669//5440 4633//5440
f 4635//5441 4671//5441 4670//5441
f 4635//5442 4670//5442 4634//5442
f 4636//5443 4672//5443 4671//5443
f 4636//5444 4671//5444 4635//5444
f 4637//5445 4672//5445 4636//5445
f 4638//5446 4673//5446 4565//5446
f 4638//5447 4565//5447 4529//5447
f 4639//5448 4674//5448 4673//5448
f 4639//5449 4673//5449 4638//5449
f 4640//5450 4675//5450 4674//5450
f 4640//5451 4674//5451 4639//5451
f 4641//5452 4676//5452 4675//5452
f 4641//5453 4675//5453 4640//5453
f 4642//5454 4677//5454 4676//5454
f 4642//5455 4676//5455 4641//5455
f 4643//5456 4678//5456 4677//5456
f 4643//5457 4677//5457 4642//5457
f 4644//5458 4679//5458 4678//5458
f 4644//5459 4678//5459 4643//5459
f 4645//5460 4680//5460 4679//5460
f 4645//5461 4679//5461 4644//5461
f 4646//5462 4681//5462 4680//5462
f 4646//5463 4680//5463 4645//5463
f 4647//5464 4682//5464 4681//5464
f 4647//5465 4681//5465 4646//5465
f 4648//5466 4683//5466 4682//5466
f 4648//5467 4682//5467 4647//5467
f 4649//5468 4684//5468 4683//5468
f 4649//5469 4683//5469 4648//5469
f 4650//5470 4685//5470 4684//5470
f 4650//5471 4684//5471 4649//5471
f 4651//5472 4686//5472 4685//5472
f 4651//5473 4685//5473 4650//5473
f 4652//5474 4687//5474 4686//5474
f 4652//5475 4686//5475 4651//5475
f 4653//5476 4688//5476 4687//5476
f 4653//5477 4687//5477 4652//5477
f 4654//5478 4689//5478 4688//5478
f 4654//5479 4688//5479 4653//5479
f 4655//5480 4690//5480 4689//5480
f 4655//5481 4689//5481 4654//5481
f 4656//5482 4691//5482 4690//5482
f 4656//5483 4690//5483 4655//5483
f 4657//5484 4692//5484 4691//5484
f 4657//5485 4691//5485 4656//5485
f 4658//5486 4693//5486 4692//5486
f 4658//5487 4692//5487 4657//5487
f 4659//5488 4694//5488 4693//5488
f 4659//5489 4693//5489 4658//5489
f 4660//5490 4695//5490 4694//5490
f 4660//5491 4694//5491 4659//5491
f 4661//5492 4696//5492 4695//5492
f 4661//5493 4695//5493 4660//5493
f 4662//5494 4697//5494 4696//5494
f 4662//5495 4696//5495 4661//5495
f 4663//5496 4698//5496 4697//5496
f 4663//5497 4697//5497 4662//5497
f 4664//5498 4699//5498 4698//5498
f 4664//5499 4698//5499 4663//5499
f 4665//5500 4700//5500 4699//5500
f 4665//5501 4699//5501 4664//5501
f 4666//5502 4701//5502 4700//5502
f 4666//5503 4700//5503 4665//5503
f 4667//5504 4702//5504 4701//5504
f 4667//5505 4701//5505 4666//5505
f 4668//5506 4703//5506 4702//5506
f 4668//5507 4702//5507 4667//5507
f 4669//5508 4704//5508 4703//5508
f 4669//5509 4703//5509 4668//5509
f 4670//5510 4704//5510 4669//5510
f 4673//5511 4705//5511 4601//5511
f 4673//5512 4601//5512 4565//5512
f 4674//5513 4706//5513 4705//5513
f 4674//5514 4705//5514 4673//5514
f 4675//5515 4707//5515 4706//5515
f 4675//5516 4706//5516 4674//5516
f 4676//5517 4708//5517 4707//5517
f 4676//5518 4707//5518 4675//5518
f 4677//5519 4709//5519 4708//5519
f 4677//5520 4708//5520 4676//5520
f 4678//5521 4710//5521 4709//5521
f 4678//5522 4709//5522 4677//5522
f 4679//5523 4711//5523 4710//5523
f 4679//5524 4710//5524 4678//5524
f 4680//5525 4712//5525 4711//5525
f 4680//5526 4711//5526 4679//5526
f 4681//5527 4713//5527 4712//5527
f 4681//5528 4712//5528 4680//5528
f 4682//5529 4714//5529 4713//5529
f 4682//5530 4713//5530 4681//5530
f 4683//5531 4715//5531 4714//5531
f 4683//5532 4714//5532 4682//5532
f 4684//5533 4716//5533 4715//5533
f 4684//5534 4715//5534 4683//5534
f 4685//5535 4717//5535 4716//5535
f 4685//5536 4716//5536 4684//5536
f 4686//5537 4718//5537 4717//5537
f 4686//5538 4717//5538 4685//5538
f 4687//5539 4719//5539 4718//5539
f 4687//5540 4718//5540 4686//5540
f 4688//5541 4720//5541 4719//5541
f 4688//5542 4719//5542 4687//5542
f 4689//5543 4721//5543 4720//5543
f 4689//5544 4720//5544 4688//5544
f 4690//5545 4721//5545 4689//5545
f 4705//5546 4722//5546 4637//5546
f 4705//5547 4637//5547 4601//5547
f 4706//5548 4723//5548 4722//5548
f 4706//5549 4722//5549 4705//5549
f 4707//5550 4724//5550 4723//5550
f 4707//5551 4723//5551 4706//5551
f 4708//5552 4725//5552 4724//5552
f 4708//5553 4724//5553 4707//5553
f 4709//5554 4726//5554 4725//5554
f 4709//5555 4725//5555 4708//5555
f 4710//5556 4727//5556 4726//5556
f 4710//5557 4726//5557 4709//5557
f 4711//5558 4728//5558 4727//5558
f 4711//5559 4727//5559 4710//5559
f 4712//5560 4729//5560 4728//5560
f 4712//5561 4728//5561 4711//5561
f 4713//5562 4730//5562 4729//5562
f 4713//5563 4729//5563 4712//5563
f 4714//5564 4731//5564 4730//5564
f 4714//5565 4730//5565 4713//5565
f 4715//5566 4732//5566 4731//5566
f 4715//5567 4731//5567 4714//5567
f 4716//5568 4733//5568 4732//5568
f 4716//5569 4732//5569 4715//5569
f 4717//5570 4734//5570 4733//5570
f 4717//5571 4733//5571 4716//5571
f 4718//5572 4735//5572 4734//5572
f 4718//5573 4734//5573 4717//5573
f 4719//5574 4735//5574 4718//5574
f 4723//24 4724//24 4722//24
f 4724//14 4637//14 4722//14
f 4724//14 4725//14 4637//14
f 4725//14 4672//14 4637//14
f 4725//14 4726//14 4672//14
f 4726//14 4671//14 4672//14
f 4726//14 4727//14 4671//14
f 4727//14 4670//14 4671//14
f 4727//14 4728//14 4670//14
f 4728//14 4704//14 4670//14
f 4728//14 4729//14 4704//14
f 4729//24 4703//24 4704//24
f 4729//14 4730//14 4703//14
f 4730//24 4702//24 4703//24
f 4730//14 4731//14 4702//14
f 4731//14 4701//14 4702//14
f 4731//14 4732//14 4701//14
f 4732//14 4700//14 4701//14
f 4732//14 4733//14 4700//14
f 4733//14 4699//14 4700//14
f 4733//24 4734//24 4699//24
f 4734//14 4698//14 4699//14
f 4734//24 4735//24 4698//24
f 4735//14 4697//14 4698//14
f 4735//14 4719//14 4697//14
f 4719//14 4696//14 4697//14
f 4719//14 4720//14 4696//14
f 4720//14 4695//14 4696//14
f 4720//14 4721//14 4695//14
f 4721//14 4694//14 4695//14
f 4721//14 4690//14 4694//14
f 4690//14 4693//14 4694//14
f 4690//14 4691//14 4693//14
f 4691//24 4692//24 4693//24
# Vertices: 4735, normals: 5574, texture coordinates: 0, faces: 9434

